"Time (s)","Linear Acceleration x (m/s^2)","Linear Acceleration y (m/s^2)","Linear Acceleration z (m/s^2)"
2.300900500E-2,4.784584045E-3,-4.082345963E-2,-5.305290222E-2
3.088254100E-2,1.436966658E-2,-5.287313461E-2,1.165246964E-2
3.878659300E-2,-4.931181669E-2,-7.997608185E-2,-6.171226501E-3
4.672116400E-2,-1.919332147E-1,-1.060667038E-1,-5.954551697E-2
5.471676900E-2,-2.431666255E-1,-6.519842148E-2,-2.375698090E-1
6.265133900E-2,-8.786541224E-2,-1.375093460E-1,-3.310236931E-1
7.061642700E-2,1.008212566E-1,-2.385711670E-1,-3.589935303E-1
7.858151500E-2,1.193373203E-1,-2.076425552E-1,-2.619118690E-1
8.648556800E-2,2.118289471E-2,-1.909613609E-1,-2.187542915E-1
9.445065600E-2,-1.472204924E-2,-1.024537086E-1,-2.569999695E-1
1.023547090E-1,-1.239639521E-2,-1.324353218E-1,-2.964658737E-1
1.102282440E-1,-1.717710495E-2,-1.420884132E-1,-2.245788574E-1
1.181322960E-1,-1.664564610E-1,-9.722185135E-2,-2.127380371E-1
1.260363490E-1,-2.132112980E-1,-8.799362183E-2,-3.992872238E-1
1.339709190E-1,-1.684644222E-1,-8.111476898E-2,-3.828372955E-1
1.419054900E-1,-7.212936878E-2,-8.992004395E-2,-2.692332268E-1
1.497790250E-1,-1.639720798E-1,-1.306109428E-1,-2.209882736E-1
1.577135950E-1,-1.990404725E-1,-8.683109283E-2,-9.272527695E-2
1.656481660E-1,-8.199846745E-2,2.267408371E-2,2.354822159E-1
1.736132530E-1,2.833498120E-1,-4.224872589E-2,4.357242584E-1
1.815173060E-1,6.307833791E-1,-2.130622864E-1,5.087575912E-1
1.894518760E-1,6.376071572E-1,-3.204264641E-1,3.088989258E-1
1.974169640E-1,1.664623022E-1,-2.121987343E-1,3.062782288E-1
2.053515350E-1,-2.106159329E-1,-3.467130661E-2,4.051928520E-1
2.133471400E-1,-3.842636943E-1,7.343769073E-2,6.036491394E-1
2.212511930E-1,-3.971000910E-1,1.510648727E-1,7.984929085E-1
2.291247280E-1,-2.857788205E-1,2.247653008E-1,7.926263809E-1
2.370287810E-1,-1.764689684E-1,1.689176559E-1,5.892229080E-1
2.449328340E-1,-6.942129135E-2,3.173732758E-2,3.908886909E-1
2.528674040E-1,-7.062613964E-3,9.452962875E-2,1.223583221E-1
2.608324920E-1,-1.547138095E-1,2.355241776E-2,-9.698867798E-4
2.687365440E-1,-2.221079469E-1,5.058002472E-2,5.468177795E-2
2.766711150E-1,-4.491577744E-1,-8.503198624E-2,2.610988617E-1
2.846056850E-1,-1.093701720E-1,2.516169548E-1,4.007501602E-1
2.925707730E-1,-7.724416256E-2,2.650122643E-1,2.397251129E-1
3.005053430E-1,8.976185322E-2,6.397628784E-2,2.816157341E-1
3.083788780E-1,3.005509377E-1,7.733774185E-2,-1.906943321E-1
3.163134490E-1,2.179130316E-1,5.333375931E-2,-8.975505829E-3
3.242480190E-1,2.228491902E-1,-7.680892944E-2,8.800601959E-2
3.322131070E-1,2.708076835E-1,5.428409576E-2,1.678023338E-1
3.401476770E-1,2.013758421E-1,-5.584955215E-2,1.941380501E-1
3.480517300E-1,2.157388330E-1,-5.140924454E-2,2.087855339E-1
3.559252650E-1,2.757158875E-1,-8.358192444E-2,1.423149109E-1
3.638598350E-1,4.786892533E-1,-3.850822449E-1,1.512722969E-1
3.717944060E-1,7.413602471E-1,-4.300894737E-1,-2.536425591E-1
3.797289760E-1,6.660795212E-1,-3.085198402E-1,1.778602600E-2
3.876330290E-1,6.129891276E-1,-1.307744980E-1,1.664085388E-1
3.955370820E-1,4.565581083E-1,1.020908356E-3,-2.659749985E-1
4.034716520E-1,2.240713239E-1,6.221628189E-2,9.175300598E-2
4.114367400E-1,3.552835286E-1,-2.107510567E-1,4.593753815E-1
4.193713100E-1,5.588625669E-1,-4.389348030E-1,4.876394272E-1
4.272448450E-1,8.933652639E-1,-3.865489960E-1,6.345624924E-1
4.352099330E-1,5.907016397E-1,-2.873167992E-1,8.349084854E-1
4.431139860E-1,4.417072833E-1,-1.387076378E-1,1.069648743E0
4.510790740E-1,3.383044600E-1,-5.976390839E-2,1.031037331E0
4.589526090E-1,1.192616522E-1,-1.031785011E-1,7.484540939E-1
4.668566620E-1,3.631186485E-2,-5.818176270E-2,4.890041351E-1
4.747607140E-1,1.324394345E-2,-6.657695770E-2,1.620006561E-1
4.826342500E-1,8.865529299E-2,-7.337522507E-2,-4.999160767E-2
4.905993370E-1,1.790915877E-1,-8.424139023E-2,-1.131296158E-1
4.985339080E-1,1.342355460E-1,-6.533908844E-2,-1.956462860E-2
5.064379600E-1,2.362472713E-1,-4.449319839E-2,3.356075287E-2
5.143725310E-1,2.795128524E-1,1.456785202E-2,1.991720200E-1
5.222765840E-1,1.191091239E-1,1.624937057E-1,2.178068161E-1
5.302416710E-1,-5.113944411E-2,3.111290932E-1,3.693857193E-1
5.381457240E-1,-1.874851584E-1,4.209051132E-1,3.442640305E-1
5.460802940E-1,-3.305862844E-1,5.323734283E-1,3.162994385E-1
5.540148650E-1,-5.937412977E-1,6.496510506E-1,3.341178894E-1
5.619494350E-1,-7.815401554E-1,7.607026100E-1,4.390687943E-1
5.699450410E-1,-8.624923229E-1,8.127179146E-1,6.432151794E-1
5.778185760E-1,-7.186748385E-1,8.088746071E-1,8.909387589E-1
5.857531460E-1,-5.308037996E-1,7.862930298E-1,1.182929039E0
5.936571990E-1,-3.363999128E-1,7.638835907E-1,1.270281792E0
6.015612510E-1,-8.741101623E-2,6.452183723E-1,1.127080917E0
6.095263390E-1,3.273515999E-1,4.704055786E-1,7.728853226E-1
6.174303920E-1,5.804582834E-1,2.004542351E-1,4.437685013E-1
6.253039270E-1,7.377545238E-1,2.997446060E-2,1.537141800E-1
6.332384980E-1,5.573754311E-1,-7.264280319E-2,-8.495807648E-2
6.411425500E-1,1.874453723E-1,-2.053451538E-2,-1.457767487E-1
6.491381560E-1,-9.527586401E-2,3.327512741E-2,-1.509962082E-1
6.570727260E-1,-3.168992400E-1,-3.950595856E-3,-2.949934006E-1
6.649767790E-1,-4.574787021E-1,-7.106304169E-3,-4.010138512E-1
6.728808320E-1,-5.149079561E-1,2.588701248E-2,-3.864769936E-1
6.807848840E-1,-4.831546247E-1,1.530599594E-2,-3.353376389E-1
6.887499720E-1,-5.812830925E-1,1.026396751E-1,-1.661014557E-1
6.966540250E-1,-7.257747650E-1,1.268219948E-1,-3.998374939E-2
7.045275600E-1,-5.911886692E-1,1.391868591E-1,1.785182953E-2
7.124010950E-1,-1.381480098E-1,1.609945297E-2,1.334190369E-2
7.203356660E-1,1.951859295E-1,-3.883743286E-2,2.191905975E-1
7.283007530E-1,3.510385752E-1,-2.753353119E-2,3.084497452E-1
7.362658410E-1,6.010323167E-1,-8.663129807E-2,2.042064667E-1
7.441393760E-1,9.188699722E-1,-2.592868805E-1,-3.516263962E-1
7.520739470E-1,4.050880075E-1,-2.086825371E-1,-8.767685890E-1
7.600085170E-1,1.669740528E-1,-1.032023430E-1,-5.457868576E-1
7.679736050E-1,-9.002929926E-2,-6.626367569E-2,-9.440083504E-1
7.758776580E-1,-2.959066629E-1,5.858421326E-3,-9.034938812E-1
7.838122280E-1,-3.766493797E-1,6.468343735E-2,-7.103066444E-1
7.917162810E-1,-2.830158472E-1,1.214418411E-1,-5.387907028E-1
7.996203340E-1,-1.849645972E-1,9.764051437E-2,-3.127551079E-1
8.075854210E-1,-5.147075653E-2,1.704525948E-1,-1.041345596E-1
8.154894740E-1,1.421832293E-1,2.039251328E-1,1.585025787E-1
8.233630090E-1,2.864158750E-1,1.820178032E-1,3.981170654E-1
8.313280970E-1,4.362646937E-1,1.594910622E-1,5.311203003E-1
8.392321500E-1,3.906821609E-1,1.694359779E-1,6.919765472E-1
8.471972380E-1,4.055564106E-1,1.434793472E-1,6.805000305E-1
8.550707730E-1,4.847973883E-1,6.162214279E-2,6.528940201E-1
8.629748260E-1,5.387877822E-1,-3.134822845E-2,5.785102844E-1
8.708788780E-1,5.151153207E-1,6.278991699E-3,4.897623062E-1
8.787829310E-1,2.161401808E-1,2.519130707E-3,3.049478531E-1
8.867480190E-1,-6.911799312E-2,1.101975441E-1,-4.992103577E-2
8.946520720E-1,-2.411582768E-1,1.694498062E-1,-3.884606361E-1
9.025561250E-1,-2.714959979E-1,1.786999702E-1,-6.266698837E-1
9.104296600E-1,-1.710239351E-1,1.634149551E-1,-6.674051285E-1
9.183337120E-1,-2.397724390E-1,2.762432098E-1,-5.070567131E-1
9.262988000E-1,7.159411907E-4,2.554640770E-1,-1.834802628E-1
9.342333710E-1,4.000636935E-2,2.417712212E-1,2.103872299E-1
9.421069060E-1,1.200345010E-1,2.580204010E-1,5.343217850E-1
9.500414760E-1,2.110700309E-1,2.020411491E-1,6.700220108E-1
9.579455290E-1,1.891596913E-1,1.425094604E-1,6.934833527E-1
9.658800990E-1,1.868927032E-1,7.076358795E-2,5.879192352E-1
9.737841520E-1,2.120780945E-1,2.367544174E-2,2.703685760E-1
9.816576870E-1,1.486313492E-1,-3.983402252E-2,1.883983612E-2
9.895617400E-1,4.724478722E-2,-7.163524628E-3,-2.624645233E-1
9.974352750E-1,-1.312419772E-2,7.023811340E-4,-3.467974663E-1
1.005430880E0,-1.386057138E-1,6.267833710E-2,-2.811241150E-1
1.013334933E0,-9.926220775E-2,2.211999893E-2,-7.119083405E-2
1.021208468E0,-1.447848678E-1,6.120109558E-2,1.391906738E-1
1.029112521E0,-9.794235229E-2,7.082128525E-2,2.669878006E-1
1.037016574E0,-3.194230795E-2,1.604080200E-2,2.796182632E-1
1.044951144E0,-9.140288830E-2,-3.177690506E-2,2.899608612E-1
1.052885714E0,-1.361382306E-1,-1.126146317E-2,1.765117645E-1
1.060759250E0,-1.988465190E-1,2.476739883E-2,9.023094177E-2
1.068724337E0,-2.092667222E-1,4.582881927E-2,7.144165039E-2
1.076628390E0,-3.006860614E-2,1.177024841E-2,4.073524475E-2
1.084562960E0,1.032812893E-1,-6.755352020E-2,-1.885890961E-2
1.092497531E0,2.080869526E-1,-1.247687340E-1,-3.330802917E-2
1.100371066E0,3.112888932E-1,-2.049489021E-1,1.869487762E-2
1.108305636E0,3.606940210E-1,-2.648291588E-1,7.720851898E-2
1.116209689E0,2.910841107E-1,-3.000016212E-1,1.952199936E-1
1.124144259E0,3.638291359E-1,-3.063454628E-1,2.868862152E-1
1.132139865E0,5.098620057E-1,-3.508882523E-1,2.276191711E-1
1.140043918E0,5.652544498E-1,-3.295702934E-1,3.264522552E-2
1.147917453E0,6.843317151E-1,-3.841342926E-1,-8.595085144E-2
1.155852023E0,7.606070042E-1,-3.507761955E-1,-5.551528931E-2
1.163817111E0,5.150191784E-1,-1.767697334E-1,1.024456024E-1
1.171751681E0,2.216255665E-2,7.111024857E-2,2.464361191E-1
1.179655734E0,-4.050556421E-1,3.113923073E-1,4.385852814E-1
1.187559787E0,-8.125936985E-1,5.247769356E-1,5.040311813E-1
1.195463839E0,-9.019643664E-1,6.363496780E-1,3.981552124E-1
1.203459445E0,-7.271288633E-1,6.370048523E-1,3.938913345E-1
1.211363498E0,-6.265239120E-1,6.008553505E-1,5.390729904E-1
1.219267550E0,-1.335435808E-1,4.237256050E-1,7.732334137E-1
1.227171603E0,1.059585214E-1,2.990651131E-1,9.291296005E-1
1.235045138E0,3.738857210E-1,5.648422241E-2,5.778408051E-1
1.243010226E0,1.269334078E0,-4.173665047E-1,-1.412181854E-1
1.250944796E0,1.335909843E0,-7.865862846E-1,-7.252349854E-1
1.258818332E0,4.097307026E-1,-4.470520020E-1,-1.689462662E-1
1.266783419E0,1.682012379E-1,-2.131991386E-1,-1.299009323E-1
1.274717990E0,-7.447493076E-2,-3.773894310E-1,-2.704863548E-1
1.282713595E0,1.438471377E-1,-2.978553772E-1,-6.029915810E-1
1.290617648E0,1.985812783E-1,-3.944115639E-1,-1.001644135E0
1.298521701E0,3.189814389E-1,-3.718466759E-1,-1.190761089E0
1.306425753E0,3.199283779E-1,-3.505296707E-1,-1.154776573E0
1.314299289E0,2.036445141E-1,-2.946553230E-1,-9.574513435E-1
1.322264376E0,1.542993188E-1,-2.227749825E-1,-7.461080551E-1
1.330168429E0,1.190012097E-1,-1.620316505E-1,-4.867339134E-1
1.338133517E0,1.500481963E-1,-1.487088203E-1,-2.677102089E-1
1.346037570E0,2.252504528E-1,-1.077008247E-1,-6.638145447E-2
1.353941623E0,2.444960177E-1,-8.251953125E-2,7.446193695E-2
1.361937228E0,2.306375802E-1,-3.813505173E-2,1.650714874E-1
1.369871798E0,2.458927333E-1,2.038145065E-2,1.840753555E-1
1.377745334E0,1.756874323E-1,5.178976059E-2,1.869096756E-1
1.385710421E0,1.349050999E-1,7.317972183E-2,2.380046844E-1
1.393644992E0,4.827672243E-2,9.335136414E-2,3.778724670E-1
1.401640597E0,1.572543383E-2,1.068372726E-1,5.114831924E-1
1.409575168E0,-4.876267910E-2,1.192407608E-1,6.588277817E-1
1.417479220E0,-2.602476478E-1,1.549687386E-1,1.004851341E0
1.425352755E0,-4.683954716E-1,2.935791016E-1,1.454355240E0
1.433287326E0,-5.797561407E-1,3.676757812E-1,1.472033501E0
1.441252414E0,-1.127116680E0,5.017714500E-1,2.149914742E0
1.449186984E0,-4.643277526E-1,6.028375626E-1,1.209950447E0
1.457060519E0,-3.588285446E-1,2.944912910E-1,6.670761108E-2
1.464964572E0,-2.532047629E-1,2.077007294E-1,-2.693376541E-1
1.472868625E0,-6.251384616E-1,1.208825111E-1,-1.894321442E-1
1.480803195E0,-6.917713881E-1,4.237337112E-1,-2.199678421E-1
1.488768283E0,-8.974881172E-1,3.293342590E-1,-1.208353043E-1
1.496641818E0,-8.728913069E-1,3.572659492E-1,2.735967636E-1
1.504545871E0,-7.144050002E-1,3.598718643E-1,5.596570969E-1
1.512449923E0,-5.312077999E-1,2.392320633E-1,4.039678574E-1
1.520415011E0,-3.433164954E-1,1.511416435E-1,2.174768448E-1
1.528319064E0,-2.547363043E-1,5.066776276E-2,1.855182648E-2
1.536223117E0,-3.393733501E-2,7.065582275E-2,-1.458768845E-1
1.544096652E0,-2.467178106E-1,1.108622551E-1,7.859611511E-2
1.552000705E0,1.016557217E-3,4.232835770E-2,5.438613892E-2
1.559965793E0,2.280510664E-1,-1.620941162E-1,-4.090404510E-2
1.567900363E0,2.147219181E-1,-2.153115273E-1,1.641368866E-2
1.575804416E0,2.564937472E-1,-1.905117035E-1,-1.390085220E-1
1.583708468E0,1.583202481E-1,-2.077555656E-1,-5.115852356E-1
1.591612521E0,5.406594276E-2,-1.554317474E-1,-6.111721992E-1
1.599608126E0,-2.380186319E-2,-1.192212105E-1,-4.708523750E-1
1.607542697E0,-6.703972816E-2,-6.437253952E-2,-2.001876831E-1
1.615416232E0,4.310363531E-2,-1.575565338E-2,3.609275818E-2
1.623320285E0,2.755358815E-1,-2.455139160E-2,1.619472504E-1
1.631224337E0,4.852808714E-1,-1.339154243E-1,1.320543289E-1
1.639189425E0,5.984522700E-1,-1.925654411E-1,5.391216278E-2
1.647093478E0,5.988734961E-1,-1.998915672E-1,9.240913391E-2
1.654967013E0,6.315233111E-1,-1.797223091E-1,1.013040543E-1
1.662871066E0,5.227980018E-1,-1.182756424E-1,1.768722534E-1
1.670744601E0,4.050893188E-1,-1.329135895E-1,2.378225327E-1
1.678709689E0,5.254282951E-1,-6.047916412E-2,-3.561210632E-2
1.686644259E0,3.849869967E-1,-1.151542664E-1,6.701087952E-2
1.694548312E0,2.381039858E-1,2.689361572E-3,2.055559158E-1
1.702452365E0,1.819455624E-1,6.178855896E-2,1.389818192E-1
1.710386935E0,1.137352586E-1,6.871032715E-2,4.007625580E-2
1.718352023E0,8.202028275E-2,6.787061691E-2,-2.248477936E-2
1.726286593E0,1.608265042E-1,1.751799583E-1,1.541690826E-1
1.734160128E0,-3.788828850E-3,2.245473862E-2,1.723108292E-1
1.742125216E0,1.481544971E-1,1.067123413E-1,3.030653000E-1
1.750029269E0,4.005229473E-2,1.429953575E-1,4.028539658E-1
1.758024875E0,-3.041791916E-2,1.692128181E-1,4.025726318E-1
1.765959445E0,-5.017644167E-2,2.067780495E-1,3.787841797E-1
1.773863498E0,-1.051582694E-1,1.958203316E-1,3.363132477E-1
1.781798068E0,-1.408805847E-1,2.085785866E-1,2.963895798E-1
1.789732638E0,-6.217736006E-2,2.544336319E-1,2.064018250E-1
1.797697726E0,3.483504057E-2,1.970930099E-1,5.183887482E-2
1.805601779E0,4.758614302E-2,1.425423622E-1,2.148151398E-2
1.813536349E0,3.838270903E-2,1.268596649E-1,8.411026001E-2
1.821440402E0,6.834918261E-2,9.892320633E-2,6.057262421E-2
1.829313937E0,5.178058147E-2,5.605030060E-2,-3.213882446E-2
1.837309543E0,8.486175537E-2,4.881668091E-2,-6.966686249E-2
1.845244113E0,1.399671435E-1,4.649066925E-2,-8.327293396E-2
1.853148166E0,7.378959656E-2,4.923248291E-2,1.424512863E-1
1.861021701E0,-2.221179008E-2,9.020328522E-2,3.659620285E-1
1.868925753E0,-1.004587412E-1,1.443457603E-1,3.892078400E-1
1.876890841E0,5.474972725E-2,1.512808800E-1,3.130989075E-1
1.884825412E0,2.606456280E-1,3.975582123E-2,1.446084976E-1
1.892729464E0,2.789128423E-1,-1.669216156E-2,-1.416015625E-2
1.900633517E0,1.263550520E-1,-9.560585022E-4,-9.159564972E-2
1.908568087E0,-4.673314095E-2,4.684972763E-2,-1.599473953E-1
1.916563693E0,-1.344748139E-1,5.442380905E-2,-2.358551025E-1
1.924498263E0,-1.253631115E-1,5.797863007E-3,-2.863507271E-1
1.932371798E0,-6.001615524E-2,-2.966117859E-2,-2.132244110E-1
1.940275851E0,1.149946451E-2,-7.859992981E-2,-1.551237106E-1
1.948179904E0,1.514471173E-1,-9.114837646E-2,-1.357307434E-1
1.956144992E0,9.501343966E-2,-1.106905937E-1,-5.182075500E-2
1.964049044E0,-6.408393383E-3,-6.791877747E-2,2.491664886E-2
1.971922580E0,-1.559948325E-1,-2.905416489E-2,-1.547017574E0
1.979826632E0,-1.120642424E-1,-3.818273544E-2,-6.161088943E-1
1.987700168E0,-8.237063885E-3,-8.299016953E-2,-3.613872528E-1
1.995695773E0,1.504182816E-1,-4.119586945E-2,-3.611841202E-1
2.003630343E0,1.996315122E-1,-4.542827606E-2,1.452741623E-1
2.011564914E0,2.015365958E-1,-9.716510773E-3,8.040056229E-1
2.019468966E0,3.122073412E-1,3.009796143E-2,1.603660583E0
2.027373019E0,7.052799463E-1,-9.113311768E-3,2.138410568E0
2.035338107E0,1.052020550E0,-1.514105797E-1,1.709984779E0
2.043272677E0,7.559295893E-1,-1.952247620E-1,5.211849213E-1
2.051146212E0,3.995480537E-1,-1.306824684E-1,1.412277222E-1
2.059050265E0,4.162824154E-2,-1.207304001E-1,-2.521677017E-1
2.066954318E0,-3.453082442E-1,4.274749756E-2,-5.876307487E-1
2.074919406E0,-5.460925102E-1,1.891746521E-1,-4.691681862E-1
2.082823459E0,-4.835145473E-1,1.543235779E-1,-3.189811707E-1
2.090819064E0,-3.665160537E-1,1.366386414E-1,-2.788476944E-1
2.098723117E0,-3.401839733E-1,1.542291641E-1,-1.133623123E-1
2.106627169E0,-7.203125954E-2,1.631231308E-1,-8.990001678E-2
2.114592257E0,2.197257876E-1,-6.008625031E-3,-6.047248840E-3
2.122496310E0,9.449493885E-2,-2.505064011E-2,3.300952911E-1
2.130400363E0,-1.249916553E-1,1.211934090E-1,7.468557358E-1
2.138304416E0,-2.115093470E-1,1.912713051E-1,6.898307800E-1
2.146177951E0,-2.344781756E-1,2.293372154E-1,5.692720413E-1
2.154173556E0,-1.282486320E-1,2.584433556E-1,2.981300354E-1
2.162108126E0,-1.000652909E-1,1.956329346E-1,1.378355026E-1
2.169981662E0,-7.392734289E-2,2.067008018E-1,-2.935886383E-2
2.177855197E0,-3.634715080E-2,1.772603989E-1,-1.679582596E-1
2.185789767E0,-4.213345051E-2,1.891679764E-1,-2.566866875E-1
2.193785373E0,-1.046904325E-1,1.595907211E-1,-3.008766174E-1
2.201719943E0,-1.163259745E-1,1.792016029E-1,-2.452740669E-1
2.209593478E0,-1.243357658E-1,1.563634872E-1,-8.573055267E-2
2.217528048E0,-1.619857550E-2,1.844420433E-1,2.350177765E-1
2.225462619E0,4.930907488E-2,2.533559799E-1,3.622226715E-1
2.233458224E0,3.157866001E-2,2.075791359E-1,4.125156403E-1
2.241392794E0,8.114421368E-2,2.804536819E-1,4.609375000E-1
2.249327365E0,5.851447582E-2,1.656675339E-1,5.243053436E-1
2.257231418E0,7.763212919E-2,1.205377579E-1,5.612945557E-1
2.265135470E0,3.250688314E-2,8.441972733E-2,5.707874298E-1
2.273100558E0,6.330054998E-2,6.954479218E-2,5.620908737E-1
2.281004611E0,9.334045649E-2,1.676306725E-1,3.966169357E-1
2.288878146E0,5.410319567E-2,1.152453423E-1,1.726608276E-1
2.296782199E0,5.345851183E-2,1.940417290E-1,8.474922180E-2
2.304686251E0,-9.108603001E-3,1.583557129E-1,-8.697891235E-2
2.312651339E0,-8.480727673E-3,1.534924507E-1,-1.985044479E-1
2.320524875E0,4.559820294E-1,-1.045465469E-1,-2.888827324E-1
2.328459445E0,4.987967014E-1,-1.705074310E-2,-5.617041588E-1
2.336394015E0,3.325190246E-1,-1.554489136E-2,-1.587495804E-1
2.344328585E0,2.655438185E-1,-4.210948944E-2,7.705116272E-2
2.352293673E0,1.012511849E-1,6.804943085E-2,3.343219757E-1
2.360228244E0,-1.610970497E-1,1.319532394E-1,3.601217270E-1
2.368101779E0,-8.596038818E-2,1.982221603E-1,2.894592285E-1
2.376036349E0,2.631866932E-2,2.169761658E-1,1.602954865E-1
2.383940402E0,1.205709577E-1,1.667728424E-1,-1.686935425E-1
2.391936007E0,2.321960628E-1,1.656804085E-1,-4.418807030E-1
2.399870578E0,3.385005891E-1,2.124457359E-1,-6.433982849E-1
2.407805148E0,3.281625211E-1,2.824430466E-1,-7.552027702E-1
2.415739718E0,2.792003453E-1,3.390898705E-1,-7.767095566E-1
2.423643771E0,1.849170327E-1,3.559484482E-1,-7.197875977E-1
2.431608859E0,2.529945076E-1,2.851362228E-1,-7.113895416E-1
2.439482394E0,5.824031830E-1,3.083753586E-2,-8.114733696E-1
2.447355929E0,7.157711387E-1,-6.656217575E-2,1.149711609E-1
2.455259982E0,8.837280273E-1,-8.792495728E-2,9.164719582E-1
2.463133517E0,9.960917234E-1,-5.158376694E-2,5.043101311E-1
2.471098605E0,8.452582955E-1,-2.410640717E-1,3.993835449E-1
2.479063693E0,7.809077501E-1,-3.125119209E-1,3.267216682E-1
2.486937228E0,6.505390406E-1,-4.631152153E-1,1.445784569E-1
2.494841281E0,5.174400806E-1,-4.572839737E-1,-3.785123825E-1
2.502714816E0,2.518320084E-1,-2.847766876E-1,-2.240605354E-1
2.510679904E0,4.032723606E-3,-2.063245773E-1,-1.466398239E-1
2.518583957E0,-3.553124070E-1,5.627870560E-2,9.965896606E-3
2.526518527E0,-7.660294175E-1,2.654805183E-1,7.372140884E-2
2.534422580E0,-9.971811771E-1,3.898248672E-1,-1.371188164E-1
2.542357150E0,-1.068034172E0,4.573769569E-1,-3.221654892E-1
2.550352755E0,-9.463311434E-1,4.478521347E-1,-3.575148582E-1
2.558256808E0,-8.132182360E-1,4.463124275E-1,-1.754097939E-1
2.566130343E0,-7.261441946E-1,4.581460953E-1,-1.559877396E-2
2.574034396E0,-4.560742378E-1,4.369931221E-1,9.471035004E-2
2.581907931E0,-3.374671340E-1,3.808536530E-1,2.107572556E-1
2.589873019E0,-4.455709457E-2,3.547410965E-1,2.080626488E-1
2.597807589E0,1.333378553E-1,2.814283371E-1,6.076431274E-2
2.605711642E0,3.352859020E-1,1.634697914E-1,-1.098680496E-2
2.613585177E0,2.628904581E-1,1.133003235E-1,-1.267833710E-1
2.621519748E0,8.732059598E-2,6.293344498E-2,-1.450366974E-1
2.629515353E0,-2.695739269E-1,1.570873260E-1,-9.170866013E-2
2.637419406E0,-6.343711615E-1,1.907396317E-1,1.646232605E-1
2.645323459E0,-5.245527625E-1,1.914329529E-1,2.539896965E-1
2.653227511E0,-3.573760986E-1,6.096553802E-2,3.151259422E-1
2.661131564E0,-2.502344251E-1,-4.820823669E-3,3.100261688E-1
2.669096652E0,-2.220752835E-1,-4.739952087E-2,2.538056374E-1
2.677000705E0,-2.174316645E-1,-3.592777252E-2,2.807807922E-1
2.684874240E0,-2.509223819E-1,-3.292846680E-2,3.410582542E-1
2.692778293E0,-7.752561569E-2,-1.069068909E-2,2.906684875E-1
2.700682345E0,1.450684071E-1,-1.218190193E-1,1.187934875E-1
2.708616916E0,3.469776213E-1,-2.305979729E-1,-8.525657654E-2
2.716520968E0,4.492088556E-1,-2.893695831E-1,-1.251940727E-1
2.724425021E0,4.422296882E-1,-2.571253777E-1,2.186012268E-2
2.732329074E0,4.262272716E-1,-2.444038391E-1,9.741353989E-2
2.740233126E0,3.931454420E-1,-2.209801674E-1,1.349210739E-2
2.748228732E0,3.707098067E-1,-1.979837418E-1,-3.668403625E-2
2.756102267E0,3.405334353E-1,-1.775269508E-1,-8.917808533E-2
2.763975802E0,3.024586737E-1,-1.614131927E-1,-1.252899170E-1
2.771879855E0,2.648854256E-1,-1.782393456E-1,-1.546077728E-1
2.779783908E0,2.761231959E-1,-1.542892456E-1,-2.078475952E-1
2.787718478E0,1.772346497E-1,-1.137180328E-1,-2.847518921E-1
2.795622531E0,2.853709459E-2,-7.558202744E-2,-3.087491989E-1
2.803496066E0,-7.190227509E-2,-1.826095581E-2,-3.565206528E-1
2.811400119E0,-1.158261895E-1,8.701801300E-3,-2.994213104E-1
2.819273654E0,-9.506344795E-2,3.146839142E-2,-2.283992767E-1
2.827238742E0,3.522717953E-2,7.416248322E-3,-6.963348389E-2
2.835173312E0,2.400598526E-1,-6.824684143E-2,7.143259048E-2
2.843077365E0,2.951186895E-1,-5.995893478E-2,9.737062454E-2
2.850981418E0,3.180514574E-1,-5.166292191E-2,5.380630493E-2
2.858854953E0,2.810037732E-1,-6.771135330E-2,9.608268738E-4
2.866850558E0,1.888854802E-1,-7.689476013E-2,-1.091036797E-1
2.874815646E0,1.427944005E-1,-5.307674408E-2,-2.977528572E-1
2.882719699E0,9.226286411E-2,-4.323291779E-2,-3.669567108E-1
2.890654269E0,-1.482266188E-2,-4.160833359E-2,-3.437366486E-1
2.898588839E0,-8.524787426E-2,-6.825923920E-3,-2.669100761E-1
2.906584445E0,-5.000287294E-2,1.988792419E-2,-1.049847603E-1
2.914457980E0,-4.563778639E-2,5.140781403E-3,1.730718613E-1
2.922392550E0,-1.447010040E-2,7.536888123E-2,5.053720474E-1
2.930327121E0,1.031545401E-1,8.804941177E-2,7.515835762E-1
2.938231173E0,2.057367563E-1,9.397029877E-2,8.100781441E-1
2.946226779E0,2.483166754E-1,1.144123077E-1,6.331944466E-1
2.954130832E0,2.072384953E-1,1.468095779E-1,4.149994850E-1
2.962004367E0,2.216871381E-1,1.243910789E-1,2.486872673E-1
2.969908419E0,2.187758684E-1,1.463003159E-1,6.403493881E-2
2.977781955E0,2.054731250E-1,1.293983459E-1,-9.875392914E-2
2.985747043E0,2.290343344E-1,1.391716003E-1,-1.469650269E-1
2.993681613E0,1.992521882E-1,1.423659325E-1,-1.286234856E-1
3.001555148E0,1.668641269E-1,1.395096779E-1,-7.281684875E-2
3.009459201E0,1.106537879E-1,1.401162148E-1,-4.172420502E-2
3.017363253E0,1.094017923E-1,9.579849243E-2,1.049852371E-2
3.025297824E0,1.053645909E-1,7.082176208E-2,1.228666306E-2
3.033201876E0,2.355475128E-1,6.221199036E-2,3.098487854E-2
3.041105929E0,3.017644286E-1,4.126834869E-2,-7.612228394E-3
3.049040500E0,3.498156965E-1,5.605030060E-2,-7.008886337E-2
3.056944552E0,3.774168789E-1,6.147813797E-2,-1.068735123E-2
3.064909640E0,4.251455367E-1,3.380870819E-2,1.321396828E-1
3.072813693E0,4.721083343E-1,3.996324539E-2,2.914843559E-1
3.080687228E0,4.020774364E-1,1.279401779E-2,3.812961578E-1
3.088591281E0,2.238628119E-1,4.270935059E-2,3.829216957E-1
3.096495334E0,1.609524190E-1,5.768203735E-2,3.540000916E-1
3.104429904E0,2.356767803E-1,-4.381656647E-3,2.919344902E-1
3.112364474E0,2.067885399E-1,-6.870746613E-3,1.607356071E-1
3.120268527E0,1.498506665E-1,3.596925735E-2,2.093720436E-1
3.128172580E0,2.252241820E-1,1.906394958E-2,2.483873367E-1
3.136137668E0,2.897723615E-1,1.480579376E-3,1.537547112E-1
3.144102755E0,3.548502326E-1,-3.801774979E-2,6.648063660E-2
3.152006808E0,2.396066040E-1,6.713867188E-3,7.702255249E-2
3.159880343E0,1.357106268E-1,5.240058899E-2,1.778302193E-1
3.167784396E0,1.597318947E-1,1.105628014E-1,3.644061089E-1
3.175688449E0,7.713019848E-2,1.377635002E-1,5.963039398E-1
3.183623019E0,1.491294354E-1,1.404104233E-1,7.759366035E-1
3.191527072E0,3.171232939E-1,9.112882614E-2,5.568432808E-1
3.199461642E0,2.338382006E-1,1.259818077E-1,1.118006706E-1
3.207426730E0,2.408194393E-1,1.194691658E-1,-2.033920288E-1
3.215330783E0,1.116893440E-1,8.193778992E-2,-5.640316010E-1
3.223265353E0,-2.326056361E-2,1.215596199E-1,-6.232366562E-1
3.231169406E0,2.139788866E-2,1.359448433E-1,-5.299091339E-1
3.239042941E0,4.062929749E-2,6.620597839E-2,-4.291300774E-1
3.246946994E0,9.927767515E-2,8.537101746E-2,1.144123077E-2
3.254851046E0,5.218270421E-2,1.021857262E-1,1.598734856E-1
3.262816134E0,-1.056344807E-1,1.132574081E-1,1.509523392E-1
3.270720187E0,-9.174984694E-2,1.341295242E-1,3.739871979E-1
3.278593722E0,-5.815431476E-2,1.282486916E-1,3.266186714E-1
3.286497775E0,2.544850111E-3,1.770534515E-1,-1.132655144E-1
3.294371310E0,6.916217804E-1,1.874876022E-2,-4.655327797E-1
3.302336398E0,3.275009394E-1,-1.378588676E-1,-2.388405800E-1
3.310240451E0,-4.134926200E-2,1.544728279E-1,2.272391319E-1
3.318236056E0,6.898453832E-2,8.014202118E-2,4.494643211E-1
3.326109591E0,1.957706511E-1,1.541709900E-2,4.723491669E-1
3.334044162E0,2.688614726E-1,-1.568937302E-2,4.873456955E-1
3.342039767E0,2.302614301E-1,1.240062714E-2,3.050327301E-2
3.349943820E0,4.377189279E-2,2.002429962E-2,-2.482113838E-1
3.357817355E0,-1.638031304E-1,-9.159994125E-2,-4.195041656E-1
3.365721408E0,4.743188620E-2,-3.427028656E-3,-6.084070206E-1
3.373594943E0,2.058276534E-1,-1.192064285E-1,3.925848007E-2
3.381590548E0,2.747626305E-1,-4.490756989E-2,1.259121895E-1
3.389494601E0,9.414884448E-2,4.947185516E-3,7.165622711E-2
3.397459689E0,1.241728663E-2,5.356645584E-2,2.655944824E-1
3.405272189E0,1.029973924E-1,-1.564025879E-3,4.224843979E-1
3.413176242E0,1.743897498E-1,3.679513931E-2,4.595875740E-1
3.421171847E0,6.400094926E-2,2.701616287E-2,4.585766792E-1
3.429075900E0,7.666870952E-3,6.469345093E-2,4.986157417E-1
3.437010470E0,1.486478746E-2,4.223966599E-2,5.436768532E-1
3.444945041E0,3.494454920E-2,6.860733032E-3,5.056467056E-1
3.452879611E0,5.468077958E-2,2.957487106E-2,3.347835541E-1
3.460844699E0,3.099538386E-2,2.018260956E-2,1.143321991E-1
3.468779269E0,9.760221094E-2,-4.410171509E-2,3.739166260E-2
3.476683322E0,1.630961746E-1,-7.656717300E-2,3.654813766E-2
3.484556857E0,1.485899389E-1,-1.418008804E-1,6.387996674E-2
3.492460910E0,1.510107368E-1,-1.343145370E-1,1.288943291E-1
3.500425998E0,1.468460113E-1,-1.074223518E-1,1.913518906E-1
3.508360568E0,6.491797417E-2,-1.019473076E-1,2.369890213E-1
3.516234103E0,2.535024285E-2,-6.367206573E-2,1.921949387E-1
3.524168673E0,-2.053421736E-2,-4.078912735E-2,8.350372314E-2
3.532072726E0,2.996996045E-2,-6.854534149E-3,2.335929871E-2
3.540037814E0,3.803129494E-2,-2.342748642E-2,-2.463817596E-2
3.547941867E0,-3.736665845E-2,-3.307962418E-2,-4.131746292E-2
3.555906955E0,-1.269808561E-1,-3.072738647E-2,-5.083322525E-2
3.563841525E0,-1.017690301E-1,-1.777172089E-3,-2.462387085E-2
3.571715060E0,-1.129268706E-1,-1.050901413E-2,8.014202118E-2
3.579680148E0,-1.121343672E-1,-4.042148590E-3,2.250213623E-1
3.587614718E0,-6.361734867E-2,-3.353643417E-2,2.909212112E-1
3.595549289E0,-4.144467413E-2,-4.414606094E-2,3.115224838E-1
3.603422824E0,4.618033767E-3,-5.321836472E-2,3.063907623E-1
3.611357394E0,1.986463368E-2,-8.171939850E-2,3.182210922E-1
3.619322482E0,-5.792051554E-3,-9.187650681E-2,2.061185837E-1
3.627257052E0,-3.680332005E-2,-9.578704834E-2,4.678058624E-2
3.635161105E0,-2.029088140E-2,-1.450047493E-1,-6.241750717E-2
3.643034640E0,-5.137869716E-2,-1.741747856E-1,-1.099905968E-1
3.650938693E0,-1.275513619E-1,-2.013630867E-1,-2.727127075E-2
3.658934298E0,-1.318476498E-1,-1.533756256E-1,6.913948059E-2
3.666838351E0,-1.195552200E-1,-1.524047852E-1,1.122627258E-1
3.674742404E0,-1.119468361E-1,-1.368541718E-1,1.312990189E-1
3.682646457E0,-1.207965463E-1,-9.064292908E-2,1.219406128E-1
3.690581027E0,-1.938708723E-1,-8.819866180E-2,6.278610229E-2
3.698546115E0,-1.305713505E-1,-5.072498322E-2,2.580070496E-2
3.706419650E0,-6.833395362E-2,-2.359247208E-2,-2.264356613E-2
3.714323703E0,6.997048855E-3,1.040935516E-2,-1.104259491E-2
3.722288791E0,6.650565565E-2,3.982353210E-2,3.150844574E-2
3.730223361E0,6.064099073E-2,3.853893280E-2,8.811092377E-2
3.738188449E0,9.316215664E-2,5.927658081E-2,1.371994019E-1
3.746153537E0,7.638970762E-2,8.014726639E-2,2.580451965E-1
3.754027072E0,1.139187962E-1,4.567050934E-2,3.432121277E-1
3.761992160E0,5.695730448E-2,5.101537704E-2,3.428335190E-1
3.769896212E0,1.079097390E-3,9.107971191E-2,2.044506073E-1
3.777861300E0,8.565828204E-3,1.104564667E-1,3.125858307E-2
3.785795871E0,8.988633752E-3,7.677650452E-2,-1.656017303E-1
3.793669406E0,5.006574094E-2,7.212591171E-2,-2.788743973E-1
3.801603976E0,6.170658767E-2,5.440092087E-2,-2.302637100E-1
3.809538546E0,4.863187671E-2,4.008388519E-2,-1.368937492E-1
3.817534152E0,8.231878281E-3,3.849220276E-2,-4.886436462E-2
3.825438205E0,-4.797667265E-2,3.463125229E-2,-8.841514587E-3
3.833372775E0,-2.051427960E-3,3.079271317E-2,6.466388702E-2
3.841246310E0,2.825693786E-2,1.960515976E-2,8.319377899E-2
3.849150363E0,4.158230126E-2,4.898023605E-2,1.353349686E-1
3.857145968E0,9.966775775E-3,7.351732254E-2,2.090740204E-1
3.865050021E0,-8.911341429E-4,7.157611847E-2,2.422466278E-1
3.872923556E0,-1.768867671E-2,9.563159943E-2,2.014636993E-1
3.880827609E0,-3.575742245E-2,1.096510887E-1,1.753950119E-1
3.888792697E0,-3.325913846E-2,1.234474182E-1,1.016292572E-1
3.896757785E0,3.213101625E-2,9.391641617E-2,9.029197693E-2
3.904661837E0,4.287078977E-2,7.616758347E-2,3.121376038E-2
3.912535373E0,8.081689477E-3,9.173870087E-2,-1.575279236E-2
3.920439425E0,-1.012833416E-2,7.134437561E-2,-4.592561722E-2
3.928343478E0,-1.005982757E-1,8.692312241E-2,-1.192455292E-1
3.936308566E0,-1.416022182E-1,1.100368500E-1,-1.066403389E-1
3.944212619E0,-1.212561280E-1,1.310429573E-1,-6.792306900E-2
3.952086154E0,-8.746980131E-2,1.139712334E-1,-1.981210709E-2
3.959990207E0,-2.807208896E-2,9.203481674E-2,1.875782013E-2
3.967894259E0,1.699446142E-2,1.105780602E-1,3.114700317E-2
3.975859347E0,3.202825785E-3,1.265792847E-1,5.803108215E-2
3.983763400E0,-4.283510149E-2,1.115789413E-1,8.725547791E-2
3.991636935E0,-8.288985491E-2,1.037311554E-1,1.021661758E-1
3.999540988E0,-7.220423222E-2,1.125288010E-1,1.243524551E-1
4.007445041E0,-8.290092647E-2,1.045880318E-1,1.656837463E-1
4.015410128E0,-8.185365796E-2,1.490778923E-1,1.497201920E-1
4.023314181E0,-7.459704578E-2,1.688413620E-1,9.597778320E-2
4.031187716E0,-7.276807725E-2,1.184492111E-1,-2.191400528E-2
4.039091769E0,-2.417692542E-2,1.463608742E-1,-1.393370628E-1
4.046995822E0,-5.304925144E-2,1.405243874E-1,-1.393032074E-1
4.054960910E0,-6.094223261E-2,1.326460838E-1,-1.203789711E-1
4.062864962E0,-6.741891801E-2,1.182155609E-1,-9.234905243E-2
4.070738498E0,-7.677115500E-2,1.259684563E-1,-1.689672470E-2
4.078642550E0,-3.160688281E-2,1.081781387E-1,7.952976227E-2
4.086546603E0,-8.020326495E-3,6.700897217E-2,8.697032928E-2
4.094511691E0,2.521367371E-2,8.343267441E-2,1.733293533E-1
4.102415744E0,8.263415098E-2,1.023879051E-1,2.859363556E-1
4.110289279E0,1.359051168E-1,9.217929840E-2,3.390092850E-1
4.118193332E0,1.608219892E-1,8.352375031E-2,3.304405212E-1
4.126097384E0,1.381688565E-1,8.120679855E-2,2.913537025E-1
4.134062472E0,1.683659106E-1,8.000946045E-2,1.598038673E-1
4.141966525E0,1.578735113E-1,7.320022583E-2,-2.143621445E-2
4.149840060E0,1.524204016E-1,6.588840485E-2,-2.023086548E-1
4.157744113E0,1.686514467E-1,5.854225159E-2,-3.855438232E-1
4.165648166E0,1.751596630E-1,3.939628601E-2,-4.755239487E-1
4.173613253E0,1.284498870E-1,6.147432327E-2,-5.036392212E-1
4.181486789E0,1.046674401E-1,6.084346771E-2,-4.368891716E-1
4.189360324E0,1.060525402E-1,4.663848877E-2,-3.898835182E-1
4.197264376E0,6.504914165E-2,4.537963867E-2,-3.627653122E-1
4.205168429E0,1.141142100E-1,4.265928268E-2,-2.405643463E-1
4.213133517E0,1.503054351E-1,4.096364975E-2,-1.262946129E-1
4.221037570E0,1.865891814E-1,8.093166351E-2,4.475545883E-2
4.228911105E0,1.996083558E-1,1.045746803E-1,1.724200249E-1
4.236815158E0,2.752205133E-1,1.350145340E-1,2.046041489E-1
4.244719210E0,3.281613588E-1,1.501293182E-1,1.537060738E-1
4.252714816E0,3.386640549E-1,1.616053581E-1,3.667211533E-2
4.260618869E0,3.258719146E-1,1.857862473E-1,-1.773233414E-1
4.268492404E0,2.158328146E-1,2.196965218E-1,-4.471592903E-1
4.276396457E0,1.705918014E-1,1.923093796E-1,-6.800403595E-1
4.284300509E0,1.013939828E-1,2.073683739E-1,-7.616147995E-1
4.292265597E0,1.263929307E-1,2.399239540E-1,-7.096610069E-1
4.300169650E0,1.454725116E-1,2.502923012E-1,-5.201163292E-1
4.308073703E0,1.817407906E-1,2.349720001E-1,-2.753267288E-1
4.315947238E0,2.024640292E-1,1.976308823E-1,-2.714109421E-2
4.323851291E0,2.011585385E-1,2.074060440E-1,2.007236481E-1
4.331816378E0,2.143394649E-1,2.018542290E-1,4.155988693E-1
4.339750949E0,2.739952803E-1,1.617212296E-1,5.409555435E-1
4.347624484E0,3.180111051E-1,1.499567032E-1,4.606947899E-1
4.355528537E0,3.935448825E-1,1.431288719E-1,3.006496429E-1
4.363432589E0,4.260560274E-1,1.752958298E-1,1.514105797E-1
4.371367160E0,3.961714208E-1,2.346491814E-1,-2.305555344E-2
4.379301730E0,4.109694362E-1,2.277178764E-1,-1.939554214E-1
4.387205783E0,4.096119106E-1,2.311606407E-1,-3.206181526E-1
4.395079318E0,3.422627747E-1,2.315587997E-1,-2.887916565E-1
4.402983371E0,3.002127409E-1,2.321143150E-1,-2.594609261E-1
4.410948459E0,2.666121125E-1,2.108254433E-1,-3.089084625E-1
4.418883029E0,2.627148926E-1,1.921620369E-1,-2.004837990E-1
4.426787082E0,2.564926744E-1,1.769208908E-1,-4.010248184E-2
4.434691134E0,2.339373082E-1,1.917033195E-1,9.542703629E-2
4.442595187E0,2.786208689E-1,1.933526993E-1,1.798114777E-1
4.450590793E0,2.926609814E-1,1.884431839E-1,2.374272346E-1
4.458494845E0,2.677368224E-1,1.765351295E-1,2.470312119E-1
4.466368380E0,1.972599924E-1,1.901350021E-1,1.877946854E-1
4.474272433E0,1.714532077E-1,1.598510742E-1,5.968904495E-2
4.482176486E0,1.348930299E-1,9.999656677E-2,-1.659774780E-1
4.490141574E0,9.886930138E-2,9.235906601E-2,-2.548480034E-1
4.498045626E0,4.635856301E-2,9.733533859E-2,-2.220768929E-1
4.505919162E0,-3.292613477E-2,1.417965889E-1,-1.183228493E-1
4.513823214E0,-2.258215100E-2,1.785979271E-1,8.940982819E-2
4.521727267E0,-3.940808028E-2,1.760883331E-1,2.171444893E-1
4.529692355E0,-3.788998723E-2,2.037887573E-1,4.204454422E-1
4.537596408E0,-7.448345423E-2,1.815462112E-1,4.511284828E-1
4.545500460E0,-4.825814813E-2,1.494731903E-1,4.987559319E-1
4.553404513E0,-3.034664690E-2,1.117687225E-1,5.038824081E-1
4.561308566E0,-8.531014621E-2,3.483486176E-2,4.761343002E-1
4.569273654E0,-1.177329123E-1,-2.363777161E-2,4.416875839E-1
4.577177707E0,-2.091417611E-1,-5.883932114E-2,4.579892159E-1
4.585051242E0,-2.095884979E-1,-8.447122574E-2,4.359879494E-1
4.592955294E0,-2.771116495E-1,-7.404565811E-2,4.474039078E-1
4.600828830E0,-2.851384878E-1,-8.709478378E-2,4.273672104E-1
4.608793918E0,-3.187278509E-1,-7.343244553E-2,3.639521599E-1
4.616697970E0,-3.223803937E-1,-8.559751511E-2,2.786002159E-1
4.624571505E0,-3.266299963E-1,-1.163392067E-1,2.335004807E-1
4.632475558E0,-3.498499095E-1,-1.531600952E-1,2.330484390E-1
4.640379611E0,-3.919142485E-1,-2.316727638E-1,3.225240707E-1
4.648344699E0,-4.358615279E-1,-3.583812714E-1,4.008913040E-1
4.656218234E0,-4.718614221E-1,-3.789310455E-1,3.996772766E-1
4.664091769E0,-4.336520731E-1,-4.009513855E-1,4.002237320E-1
4.671995822E0,-3.410353065E-1,-4.218459129E-1,4.646525383E-1
4.679899875E0,-2.612927854E-1,-4.251203537E-1,5.141496658E-1
4.687864962E0,-2.255058885E-1,-4.046039581E-1,5.063333511E-1
4.695769015E0,-2.496519685E-1,-3.992328644E-1,3.817806244E-1
4.703642550E0,-2.952389419E-1,-3.447642326E-1,2.796258926E-1
4.711546603E0,-3.238883913E-1,-3.224453926E-1,1.901817322E-1
4.719450656E0,-3.214138448E-1,-3.075695038E-1,1.488199234E-1
4.727385226E0,-3.646864891E-1,-3.115115166E-1,1.168222427E-1
4.735289279E0,-3.602672219E-1,-3.484115601E-1,7.966327667E-2
4.743162814E0,-4.153846800E-1,-3.750963211E-1,4.686927795E-2
4.751066867E0,-4.147271216E-1,-4.057550430E-1,8.296108246E-2
4.758970919E0,-4.088289738E-1,-4.069514275E-1,1.568794250E-1
4.766936007E0,-3.570181727E-1,-3.668742180E-1,2.519807816E-1
4.774840060E0,-3.429544866E-1,-3.006253242E-1,2.801885605E-1
4.782774630E0,-3.359130919E-1,-2.539520264E-1,2.728052139E-1
4.790709201E0,-3.193278015E-1,-2.227005959E-1,1.751937866E-1
4.798643771E0,-2.957011759E-1,-1.834979057E-1,6.914138794E-2
4.806608859E0,-3.152892590E-1,-1.576681137E-1,-3.114891052E-2
4.814543429E0,-3.024039567E-1,-1.141891479E-1,-1.064624786E-1
4.822478000E0,-3.693897426E-1,-1.275677681E-1,-2.475914955E-1
4.830382052E0,-3.700954318E-1,-1.206393242E-1,-3.088655472E-1
4.838286105E0,-3.382811844E-1,-1.119647026E-1,-3.457598686E-1
4.846251193E0,-2.807339132E-1,-1.455903053E-1,-2.443275452E-1
4.854155246E0,-2.520829439E-1,-1.210417747E-1,-1.625294685E-1
4.862028781E0,-2.034033239E-1,-1.142330170E-1,-2.666473389E-3
4.869932834E0,-2.394000739E-1,-7.701444626E-2,2.518510818E-1
4.877836886E0,-2.737976611E-1,-1.465034485E-2,4.481267929E-1
4.885801974E0,-2.612304688E-1,1.175975800E-2,4.840526581E-1
4.893797580E0,-2.081945240E-1,1.325941086E-2,4.464273453E-1
4.901732150E0,-2.009479702E-1,1.823043823E-2,4.049100876E-1
4.909666720E0,-2.202716172E-1,6.011915207E-2,4.361600876E-1
4.917570773E0,-2.598112822E-1,7.256841660E-2,4.080266953E-1
4.925535861E0,-1.927044988E-1,1.008810997E-1,3.924551010E-1
4.933470431E0,-1.518210322E-1,1.092219353E-1,3.726100922E-1
4.941374484E0,-1.531428993E-1,9.573507309E-2,3.361701965E-1
4.949248019E0,-6.740911305E-2,1.154890060E-1,3.381958008E-1
4.957152072E0,-3.314000368E-2,8.698844910E-2,2.925672531E-1
4.965147677E0,1.011973619E-2,1.251130104E-1,2.663545609E-1
4.973051730E0,3.132200986E-2,1.489295959E-1,3.119230270E-1
4.980925265E0,5.037955940E-2,1.417546272E-1,3.645877838E-1
4.988829318E0,1.246901900E-1,1.319923401E-1,3.742914200E-1
4.996763888E0,1.351562589E-1,1.238441467E-1,3.581914902E-1
5.004759494E0,7.679633051E-2,1.197204590E-1,3.043079376E-1
5.012633029E0,3.802423179E-2,1.289935112E-1,2.223501205E-1
5.020567599E0,-1.493775845E-2,8.429145813E-2,1.269025803E-1
5.028502169E0,8.267223835E-3,7.694387436E-2,2.251434326E-2
5.036406222E0,-5.294252932E-2,7.146549225E-2,-8.152866364E-2
5.044401828E0,-7.696050406E-2,6.593322754E-2,-1.209087372E-1
5.052305880E0,-3.979365528E-2,3.221225739E-2,-1.415138245E-1
5.060148898E0,-1.315702498E-2,2.353000641E-2,-1.030158997E-1
5.068083468E0,2.739655972E-2,3.712177277E-3,-3.396129608E-2
5.075987521E0,4.404064268E-2,2.304744720E-2,3.452396393E-2
5.083952609E0,1.345877349E-2,2.386760712E-2,6.907272339E-2
5.091856662E0,2.662389725E-2,5.824565887E-3,8.667755127E-2
5.099791232E0,2.363070846E-3,-1.451063156E-2,6.113433838E-2
5.107695285E0,8.242651820E-3,-3.947114944E-2,9.168624878E-3
5.115634035E0,-1.355320215E-2,-3.549242020E-2,2.571105957E-3
5.123568605E0,-3.674557805E-2,-1.461029053E-2,-1.709938049E-3
5.131503176E0,2.569854259E-4,-3.289699554E-3,-5.148410797E-2
5.139376711E0,5.815273523E-2,4.375171661E-2,-7.240962982E-2
5.147311281E0,1.317244470E-1,1.004357338E-1,-4.813194275E-3
5.155215334E0,1.615865082E-1,1.188397408E-1,2.444648743E-2
5.163180422E0,1.311541945E-1,1.273012161E-1,-2.266883850E-2
5.171084475E0,9.366500378E-2,1.304435730E-1,-1.005468369E-1
5.178958010E0,6.360867620E-2,9.770679474E-2,-1.257705688E-1
5.186831545E0,4.370581359E-2,3.911972046E-2,-1.321578026E-1
5.194735598E0,4.576837271E-2,4.624414444E-2,-6.264591217E-2
5.202700686E0,5.285654217E-2,2.310895920E-2,3.022861481E-2
5.210635256E0,3.919899464E-4,7.704257965E-3,1.083726883E-1
5.218508791E0,2.223844826E-2,2.832031250E-2,1.002559662E-1
5.226443361E0,9.642903507E-2,5.851125717E-2,1.567783356E-1
5.234347414E0,1.152950674E-1,8.612346649E-2,1.511716843E-1
5.242312502E0,1.411876827E-1,1.014990807E-1,1.768655777E-1
5.250247072E0,1.429172307E-1,1.091732979E-1,1.526288986E-1
5.258151125E0,1.471806467E-1,1.280465126E-1,1.313123703E-1
5.266055178E0,1.131571010E-1,1.368474960E-1,6.963157654E-2
5.273959230E0,1.317717433E-1,1.213245392E-1,-6.157875061E-3
5.281954836E0,1.476214528E-1,1.341838837E-1,-1.032667160E-1
5.289828371E0,1.247715205E-1,1.372256279E-1,-1.643095016E-1
5.297732424E0,1.867863685E-1,1.637015343E-1,-2.178530693E-1
5.305636477E0,1.826794595E-1,1.376247406E-1,-2.523584366E-1
5.313571047E0,2.060460746E-1,1.881361008E-1,-2.318058014E-1
5.321566652E0,2.016967237E-1,1.789412498E-1,-2.233538628E-1
5.329531740E0,2.299714088E-1,1.582865715E-1,-1.625928879E-1
5.337405275E0,2.456775457E-1,1.378431320E-1,-1.618394852E-1
5.345339846E0,3.204103410E-1,1.079854965E-1,-1.300835609E-1
5.353243898E0,3.228000402E-1,8.091115952E-2,-5.071163177E-2
5.361239504E0,3.464987278E-1,8.278989792E-2,2.851104736E-2
5.369143557E0,3.587451279E-1,6.853199005E-2,1.935176849E-1
5.377047609E0,3.426406384E-1,6.190824509E-2,2.887973785E-1
5.384951662E0,3.269416988E-1,6.018114090E-2,3.074007034E-1
5.392855715E0,3.135586679E-1,6.728887558E-2,2.259550095E-1
5.400820803E0,2.640640140E-1,6.919145584E-2,1.208505630E-1
5.408724855E0,2.505090833E-1,8.995580673E-2,1.116371155E-2
5.416659426E0,2.181034684E-1,1.491255760E-1,9.158134460E-3
5.424563479E0,1.480632424E-1,1.535587311E-1,-7.425308228E-3
5.432467531E0,9.311680496E-2,1.602344513E-1,-4.544067383E-2
5.440432619E0,2.463719994E-2,1.838264465E-1,-1.651382446E-2
5.448397707E0,-2.192534506E-2,1.765513420E-1,1.463699341E-2
5.456271242E0,-4.630307853E-2,1.840643883E-1,7.663249969E-2
5.464205813E0,-6.053133309E-2,1.631793976E-1,1.671390533E-1
5.472140383E0,5.625747144E-3,1.800322533E-1,2.508430481E-1
5.480135988E0,3.549565747E-2,1.848015785E-1,3.034954071E-1
5.488040041E0,3.027335554E-2,1.873693466E-1,3.033523560E-1
5.495944094E0,2.525200322E-2,2.131314278E-1,2.917490005E-1
5.503909182E0,3.002771363E-2,2.090220451E-1,1.660032272E-1
5.511813234E0,2.277934924E-2,2.281427383E-1,6.947422028E-2
5.519778322E0,-1.082264259E-2,2.228469849E-1,3.073024750E-2
5.527712893E0,-2.778747678E-2,2.321805954E-1,4.448032379E-2
5.535586428E0,-1.727387309E-3,2.249021530E-1,7.249641418E-2
5.543490480E0,4.626231641E-2,2.249851227E-1,9.081840515E-2
5.551394533E0,4.953989387E-2,1.987075806E-1,1.139507294E-1
5.559359621E0,7.016006857E-2,1.791105270E-1,5.124092102E-2
5.567233156E0,1.222697049E-1,1.490306854E-1,-6.351947784E-2
5.575167727E0,1.528776586E-1,1.423993111E-1,-1.444182396E-1
5.583071779E0,1.637747735E-1,1.356544495E-1,-2.012987137E-1
5.590975832E0,1.803985238E-1,1.242051125E-1,-2.247214317E-1
5.598940920E0,1.597945988E-1,1.129508018E-1,-2.339162827E-1
5.606844973E0,1.814032197E-1,1.096162796E-1,-1.310882568E-1
5.614718508E0,1.956184059E-1,1.102452278E-1,4.727649689E-2
5.622622561E0,2.051759213E-1,9.753227234E-2,2.249412537E-1
5.630526613E0,2.343516052E-1,9.693050385E-2,2.636518478E-1
5.638461184E0,2.716051936E-1,7.444810867E-2,2.714681625E-1
5.646395754E0,2.261423916E-1,4.685974121E-2,2.388057709E-1
5.654269289E0,1.844730675E-1,1.645517349E-2,1.920738220E-1
5.662234377E0,1.643995643E-1,9.683132172E-3,1.264028549E-1
5.670229982E0,1.654064059E-1,-6.962299347E-3,2.741622925E-2
5.678225588E0,1.604606509E-1,-4.471778870E-3,-8.352851868E-2
5.686099123E0,1.809131056E-1,-1.719951630E-3,-8.691596985E-2
5.694033693E0,1.479224414E-1,2.051162720E-2,-1.312251091E-1
5.701937746E0,1.194363981E-1,6.214570999E-2,-1.685223579E-1
5.709841799E0,1.197151244E-1,9.673023224E-2,-1.867537498E-1
5.717806887E0,1.466583014E-1,8.332204819E-2,-1.929388046E-1
5.725710939E0,1.572525352E-1,1.051230431E-1,-2.417292595E-1
5.733584475E0,1.325531900E-1,1.095390320E-1,-2.948732376E-1
5.741549563E0,1.134293303E-1,1.233587265E-1,-3.478970528E-1
5.749484133E0,4.906763136E-2,1.111068726E-1,-3.580074310E-1
5.757449221E0,2.763078921E-2,1.304340363E-1,-2.894220352E-1
5.765383791E0,2.698918246E-2,1.508507729E-1,-1.713109016E-1
5.773257326E0,5.225341022E-2,1.173553467E-1,-1.569175720E-2
5.781191896E0,8.206684887E-2,1.278514862E-1,1.417026520E-1
5.789095949E0,1.026330143E-1,1.170921326E-1,2.055215836E-1
5.797030520E0,1.381581277E-1,1.179132462E-1,2.432727814E-1
5.804965090E0,9.573729336E-2,1.469230652E-1,2.670297623E-1
5.812930178E0,5.465619639E-2,1.894164085E-1,2.291421890E-1
5.820864748E0,5.934968218E-2,1.808967590E-1,1.295137405E-1
5.828768801E0,8.472160250E-2,2.005906105E-1,3.912925720E-3
5.836733889E0,9.459304810E-2,1.698961258E-1,-1.287851334E-1
5.844668459E0,8.644715697E-2,1.849236488E-1,-1.658687592E-1
5.852541994E0,1.008589268E-1,1.600317955E-1,-1.412363052E-1
5.860507082E0,7.399621606E-2,1.190686226E-1,-4.045963287E-2
5.868411135E0,7.060670108E-2,1.171536446E-1,9.811592102E-2
5.876498293E0,7.514587045E-2,1.153717041E-1,1.384344101E-1
5.884402346E0,9.048311412E-2,1.351227760E-1,1.787548065E-1
5.892275881E0,8.172136545E-2,1.305561066E-1,1.905870438E-1
5.900210451E0,5.551683903E-2,1.636834145E-1,9.508991241E-2
5.908114504E0,3.503434360E-2,1.576609612E-1,-6.207990646E-2
5.916110109E0,4.790429026E-2,1.846160889E-1,-1.111316681E-1
5.924014162E0,2.727523446E-3,1.854524612E-1,-1.483573914E-1
5.931887697E0,8.980870247E-3,1.986546516E-1,-1.116271019E-1
5.939791750E0,2.320043743E-2,1.819405556E-1,3.287315369E-3
5.947695803E0,1.047126949E-2,1.684207916E-1,1.344108582E-1
5.955660891E0,5.266886204E-2,2.009925842E-1,2.962436676E-1
5.963534426E0,4.985761642E-2,1.973023415E-1,3.577585220E-1
5.971407961E0,9.307640046E-2,1.903953552E-1,3.168907166E-1
5.979312014E0,9.887886792E-2,1.773099899E-1,1.740283966E-1
5.987216066E0,8.136162907E-2,1.462478638E-1,6.791973114E-2
5.995181154E0,8.288445324E-2,1.456084251E-1,-5.924415588E-2
6.003054689E0,6.232269108E-2,1.278820038E-1,-1.550478935E-1
6.010958742E0,1.011041179E-1,9.169721603E-2,-1.651372910E-1
6.018862795E0,7.763691992E-2,7.068681717E-2,-8.002138138E-2
6.026766848E0,7.130332291E-2,6.257057190E-2,6.841659546E-3
6.034731936E0,4.164603353E-2,6.197261810E-2,1.174039841E-1
6.042635988E0,1.021539420E-2,3.256082535E-2,1.370372772E-1
6.050509523E0,-4.446078092E-2,6.479215622E-2,1.163835526E-1
6.058444094E0,-7.028218359E-2,2.960395813E-2,3.374671936E-2
6.066317629E0,-6.053245068E-2,4.903030396E-2,-7.969427109E-2
6.074313234E0,-3.045209497E-2,2.981042862E-2,-1.761207581E-1
6.082217287E0,-1.801843196E-2,3.222703934E-2,-2.510519028E-1
6.090090822E0,1.767238230E-2,5.442523956E-2,-2.138819695E-1
6.097994875E0,1.695566624E-2,5.864000320E-2,-1.176714897E-1
6.105898928E0,3.489875793E-2,8.262252808E-2,-6.019067764E-2
6.113864016E0,6.008005887E-2,7.791948318E-2,-2.189254761E-2
6.121768068E0,8.573355526E-2,9.229278564E-2,1.884746552E-2
6.129641604E0,6.666763872E-2,1.066913605E-1,3.322315216E-2
6.137545656E0,5.764882267E-2,1.233358383E-1,4.530239105E-2
6.145419191E0,1.084148735E-1,1.374316216E-1,2.876091003E-2
6.153414797E0,1.661178470E-1,1.488871574E-1,3.155136108E-2
6.161318850E0,1.683181673E-1,1.651725769E-1,7.741260529E-2
6.169192385E0,1.655371636E-1,1.599502563E-1,1.088876724E-1
6.177096438E0,1.481794119E-1,1.616296768E-1,9.746646881E-2
6.185000490E0,1.546171606E-1,1.482939720E-1,2.186203003E-2
6.193026613E0,1.536960602E-1,1.560621262E-1,-1.751232147E-2
6.200930666E0,1.609472334E-1,1.576037407E-1,-9.655141830E-2
6.208865236E0,2.060058266E-1,1.539087296E-1,-1.417422295E-1
6.216769289E0,2.050012946E-1,1.643295288E-1,-1.675858498E-1
6.224673342E0,1.489211470E-1,1.578373909E-1,-1.693730354E-1
6.232638430E0,1.431920379E-1,1.703968048E-1,-1.208038330E-1
6.240603518E0,1.352343112E-1,1.399831772E-1,-1.154131889E-1
6.248507570E0,1.469947547E-1,1.429996490E-1,-9.320592880E-2
6.256381105E0,1.497305185E-1,1.220650673E-1,-6.556320190E-2
6.264285158E0,1.770045310E-1,1.392865181E-1,-8.092260361E-2
6.272250246E0,2.046947926E-1,1.821932793E-1,-1.461081505E-1
6.280154299E0,2.513805628E-1,1.769456863E-1,-1.608190536E-1
6.288088869E0,2.760650218E-1,1.597971916E-1,-1.276822090E-1
6.296023439E0,2.380429655E-1,1.596035957E-1,-1.305856705E-1
6.303927492E0,2.470642030E-1,1.474432945E-1,-1.813530922E-1
6.311892580E0,2.715483308E-1,1.349935532E-1,-2.654004097E-1
6.319827150E0,3.372378051E-1,1.421146393E-1,-2.802610397E-1
6.327700686E0,3.752242327E-1,1.710743904E-1,-2.378273010E-1
6.335635256E0,3.948502541E-1,1.832814217E-1,-2.312588692E-1
6.343539309E0,4.034961760E-1,2.331933975E-1,-2.409691811E-1
6.351504396E0,4.258593321E-1,2.707691193E-1,-2.886915207E-1
6.359408449E0,4.668622315E-1,2.963380814E-1,-2.836823463E-1
6.367343020E0,5.713794827E-1,3.025479317E-1,-2.880458832E-1
6.375277590E0,6.292866468E-1,2.894392014E-1,-3.113846779E-1
6.383181643E0,6.460992694E-1,2.600374222E-1,-2.943124771E-1
6.391177248E0,6.387418509E-1,2.476921082E-1,-2.391109467E-1
6.399081301E0,6.291806698E-1,2.096629143E-1,-2.011146545E-1
6.406954836E0,6.676113009E-1,1.458339691E-1,-1.754522324E-1
6.414858889E0,7.436730862E-1,9.650421143E-2,-2.192621231E-1
6.422762941E0,7.472862005E-1,9.762239456E-2,-1.673684120E-1
6.430728029E0,7.336210012E-1,8.927583694E-2,-1.969032288E-1
6.438601564E0,6.867588758E-1,7.088518143E-2,-2.955164909E-1
6.446505617E0,6.303964853E-1,6.798076630E-2,-4.147338867E-1
6.454409670E0,5.957906246E-1,1.000642776E-1,-5.691771507E-1
6.462313723E0,5.094666481E-1,9.576749802E-2,-6.682357788E-1
6.470278811E0,4.647488296E-1,1.439666748E-1,-7.504301071E-1
6.478213381E0,3.923894465E-1,1.684117317E-1,-7.513923645E-1
6.486086916E0,2.590759695E-1,1.979889870E-1,-7.335057259E-1
6.494021486E0,1.340261400E-1,2.523217201E-1,-6.540069580E-1
6.501925539E0,5.730122328E-3,3.048243523E-1,-5.917587280E-1
6.509890627E0,-1.040411294E-1,3.625297546E-1,-4.820289612E-1
6.517794680E0,-1.921173930E-1,3.970260620E-1,-4.112949371E-1
6.525668215E0,-2.849295139E-1,4.216995239E-1,-3.525085449E-1
6.533572268E0,-3.541006148E-1,4.129238129E-1,-2.651767731E-1
6.541476320E0,-4.449865818E-1,3.685774803E-1,-1.973919868E-1
6.549441408E0,-5.146102309E-1,3.297500610E-1,-2.731990814E-2
6.557314943E0,-5.918256044E-1,2.547702789E-1,1.769776344E-1
6.565249514E0,-6.624053717E-1,1.529541016E-1,3.797912598E-1
6.573214602E0,-7.512409687E-1,6.850624084E-2,6.139082909E-1
6.581118654E0,-8.666401505E-1,3.814220428E-3,8.291316032E-1
6.589114260E0,-9.200612307E-1,-1.854372025E-2,9.426689148E-1
6.597018313E0,-9.312148094E-1,-5.961275101E-2,9.482302666E-1
6.604922365E0,-9.452887774E-1,-5.483627319E-5,7.544078827E-1
6.612826418E0,-1.008355856E0,5.910062790E-2,4.428248405E-1
6.620760988E0,-1.016096115E0,1.433362961E-1,-1.009087563E-1
6.628726076E0,-1.062582731E0,1.914501190E-1,-6.867704391E-1
6.636630129E0,-1.147127748E0,2.434129715E-1,-1.217488289E0
6.644534182E0,-1.227971673E0,2.991089821E-1,-1.516991615E0
6.652499270E0,-1.347415566E0,3.363509178E-1,-1.694293976E0
6.660433840E0,-1.412534118E0,3.310503960E-1,-1.691630840E0
6.668398928E0,-1.396929145E0,3.545889854E-1,-1.510419369E0
6.676302980E0,-1.406547070E0,3.797564507E-1,-1.341547489E0
6.684176516E0,-1.431367159E0,5.050382614E-1,-1.074118137E0
6.692141604E0,-1.322499037E0,5.082659721E-1,-7.765254974E-1
6.700045656E0,-1.185409069E0,5.527534485E-1,-5.335674286E-1
6.708041262E0,-9.693108201E-1,6.107888222E-1,-3.442630768E-1
6.715945314E0,-7.614091635E-1,6.342682838E-1,-1.007499695E-1
6.723818850E0,-5.011674166E-1,6.625003815E-1,9.976291656E-2
6.731722902E0,-3.539070487E-1,6.326093674E-1,3.007230759E-1
6.739596438E0,-1.942337453E-1,6.185793877E-1,4.041833878E-1
6.747592043E0,-3.744663298E-2,5.798931122E-1,4.196329117E-1
6.755496096E0,4.787491262E-2,5.519471169E-1,3.785123825E-1
6.763430666E0,2.304461896E-1,3.817710876E-1,4.571733475E-1
6.771365236E0,3.426069021E-1,2.910866737E-1,4.143238068E-1
6.779269289E0,3.448003829E-1,2.227315903E-1,2.605700493E-1
6.787264895E0,3.145076632E-1,1.836776733E-1,1.517329216E-1
6.795138430E0,2.858604789E-1,1.355118752E-1,7.809829712E-2
6.803011965E0,2.001059949E-1,6.461715698E-2,-5.628681183E-2
6.810916018E0,1.323052794E-1,8.236932755E-2,-1.961722374E-1
6.818820070E0,2.371678129E-3,4.335451126E-2,-3.761687279E-1
6.826785158E0,-1.374287009E-1,-3.540897369E-2,-5.198101997E-1
6.834689211E0,-2.440320402E-1,-1.115179062E-1,-7.001314163E-1
6.842593264E0,-3.410338461E-1,-1.801333427E-1,-8.740406036E-1
6.850497316E0,-4.254198670E-1,-2.392392159E-1,-1.019648552E0
6.858401369E0,-5.521900058E-1,-2.684979439E-1,-1.101180553E0
6.866366457E0,-6.330987215E-1,-3.117289543E-1,-1.070464134E0
6.874301027E0,-6.790000796E-1,-3.201293945E-1,-9.952182770E-1
6.882174563E0,-7.284194231E-1,-3.654565811E-1,-7.988743782E-1
6.890048098E0,-7.281768322E-1,-3.835930824E-1,-6.869492531E-1
6.897982668E0,-6.826045513E-1,-3.609447479E-1,-6.588711739E-1
6.905978273E0,-5.704740286E-1,-3.766026497E-1,-5.996499062E-1
6.913851809E0,-4.113545120E-1,-3.730845451E-1,-5.954828262E-1
6.921755861E0,-3.619090915E-1,-3.599152565E-1,-5.913243294E-1
6.929659914E0,-3.279068172E-1,-3.468575478E-1,-5.942149162E-1
6.937563967E0,-3.084106445E-1,-3.291630745E-1,-4.963841438E-1
6.945529055E0,-4.030329883E-1,-3.043107986E-1,-3.553900719E-1
6.953402590E0,-5.005607009E-1,-2.729659081E-1,-2.521748543E-1
6.961337160E0,-5.673075318E-1,-1.968226433E-1,-1.340780258E-1
6.969241213E0,-5.869793892E-1,-1.310567856E-1,-6.567525864E-2
6.977145266E0,-6.021091938E-1,-9.750270844E-2,-1.804780960E-2
6.985140871E0,-6.349269748E-1,-4.316520691E-2,1.815080643E-2
6.993044924E0,-6.738321781E-1,5.012035370E-3,1.701259613E-2
7.000948977E0,-6.908566356E-1,3.240394592E-2,1.224231720E-2
7.008822512E0,-6.765196323E-1,5.822896957E-2,-5.780696869E-3
7.016757082E0,-6.904509068E-1,1.091046333E-1,-1.332092285E-2
7.024722170E0,-7.473877072E-1,1.704521179E-1,-2.219486237E-2
7.032656740E0,-7.493423223E-1,3.046727180E-1,-7.081270218E-2
7.040621828E0,-7.491844893E-1,3.963055611E-1,-2.042756081E-1
7.048525881E0,-6.801604629E-1,4.939870834E-1,-2.890353203E-1
7.056429934E0,-5.632463098E-1,6.034512520E-1,-1.318373680E-1
7.064395021E0,-5.173606873E-1,6.508073807E-1,2.103433609E-1
7.072268557E0,-4.251024127E-1,7.040519714E-1,5.549092293E-1
7.080142092E0,-3.630107641E-1,7.709002495E-1,9.733276367E-1
7.088046145E0,-3.242480159E-1,8.571882248E-1,1.500803471E0
7.095950197E0,-2.118449509E-1,9.592471123E-1,2.047348022E0
7.103945803E0,-1.185916364E-2,1.019863605E0,2.545128822E0
7.111849855E0,1.674541831E-1,1.195818901E0,2.833807945E0
7.119753908E0,2.814113796E-1,1.334772110E0,2.849771500E0
7.127718996E0,2.820381224E-1,1.438290119E0,2.665413857E0
7.135623049E0,2.597892582E-1,1.445314884E0,2.286391258E0
7.143588137E0,3.137313724E-1,1.406174660E0,1.962352753E0
7.151492189E0,3.792564571E-1,1.241277695E0,1.792599678E0
7.159426760E0,4.477604926E-1,9.601173401E-1,1.696451187E0
7.167361330E0,5.314151645E-1,6.550574303E-1,1.670521736E0
7.175326418E0,5.560956001E-1,3.551344872E-1,1.789508820E0
7.183260988E0,5.663508773E-1,1.371808052E-1,2.060512543E0
7.191195559E0,6.505537629E-1,1.365613937E-2,2.519145012E0
7.199099611E0,8.154588938E-1,-6.713008881E-2,2.997216225E0
7.207003664E0,9.686744809E-1,-1.585617065E-1,3.341240883E0
7.214907717E0,1.113610268E0,-3.321166039E-1,3.758479118E0
7.222872805E0,1.324378371E0,-5.781774521E-1,4.192861557E0
7.230776857E0,1.407915354E0,-7.554855347E-1,4.540529251E0
7.238680910E0,1.370628715E0,-8.581056595E-1,4.765389442E0
7.246584963E0,1.257976055E0,-9.481296539E-1,4.810015678E0
7.254489016E0,1.172925591E0,-1.014500141E0,4.397478104E0
7.262454104E0,1.272498846E0,-1.156570435E0,3.592758179E0
7.270388674E0,1.429337978E0,-1.320900440E0,2.918171883E0
7.278262209E0,1.613386631E0,-1.469959736E0,2.204997063E0
7.286196779E0,1.768976212E0,-1.508448124E0,1.537248611E0
7.294131350E0,1.870648623E0,-1.528845787E0,1.269400597E0
7.302096438E0,1.829143882E0,-1.424226284E0,1.428943634E0
7.310000490E0,1.602847576E0,-1.338480949E0,1.721123695E0
7.317874025E0,1.467186213E0,-1.279307842E0,1.851829052E0
7.325778078E0,1.375809789E0,-1.344900131E0,1.666769028E0
7.333712648E0,1.217368484E0,-1.347731590E0,1.280593395E0
7.341677736E0,9.657028913E-1,-1.425993919E0,7.504234314E-1
7.349612307E0,6.795597076E-1,-1.443916321E0,2.857480049E-1
7.357485842E0,3.681996465E-1,-1.506353855E0,-2.548170090E-2
7.365389895E0,1.707881689E-2,-1.641327381E0,-2.333168983E-1
7.373293947E0,-2.838835716E-1,-1.817855835E0,-2.701139450E-1
7.381259035E0,-3.601005077E-1,-2.012392521E0,-9.960746765E-2
7.389163088E0,-3.156290650E-1,-2.180548191E0,1.209664345E-1
7.397036623E0,-1.966786683E-1,-2.271512270E0,2.637009621E-1
7.404940676E0,-4.192948341E-3,-2.308788538E0,4.354524612E-1
7.412875246E0,2.905855775E-1,-2.320292711E0,4.027533531E-1
7.420840334E0,5.488851070E-1,-2.297482252E0,2.740969658E-1
7.428774904E0,7.207434773E-1,-2.240014076E0,-3.050899506E-2
7.436648439E0,6.720305681E-1,-2.188904285E0,-5.880842209E-1
7.444583010E0,6.373482347E-1,-2.158710957E0,-1.607363701E0
7.452487063E0,5.609700680E-1,-2.175823689E0,-2.639519215E0
7.460452150E0,4.354119599E-1,-2.173099518E0,-3.528644085E0
7.468356203E0,4.060686231E-1,-2.092694283E0,-4.147652626E0
7.476290773E0,4.783552885E-1,-2.144871235E0,-4.537197590E0
7.484194826E0,3.399727345E-1,-1.956547260E0,-4.193230152E0
7.492098879E0,1.605422199E-1,-1.827384949E0,-3.850863218E0
7.500063967E0,3.744637966E-1,-1.625791550E0,-3.462476254E0
7.507998537E0,4.998282194E-1,-1.500708103E0,-2.804926872E0
7.515933107E0,6.117023826E-1,-1.251972675E0,-2.047885418E0
7.523837160E0,7.615130544E-1,-1.208230019E0,-1.603195667E0
7.531741213E0,9.005858898E-1,-1.154526711E0,-1.454106808E0
7.539706301E0,8.288964033E-1,-1.166387081E0,-1.348188400E0
7.547610354E0,8.406239152E-1,-1.011442184E0,-1.195024014E0
7.555483889E0,4.977228045E-1,-9.068827629E-1,-8.532614708E-1
7.563418459E0,3.686919212E-1,-6.367096901E-1,-7.398033142E-1
7.571383547E0,5.611672997E-2,-6.303100586E-1,-1.069396019E0
7.579348635E0,5.318067968E-2,-5.849714279E-1,-1.404253483E0
7.587283205E0,-3.648146987E-3,-5.648016930E-1,-1.672600269E0
7.595156740E0,-7.426053286E-2,-4.423565865E-1,-1.582081318E0
7.603060793E0,-1.892526746E-1,-3.732833862E-1,-1.140007973E0
7.610964846E0,-3.894349933E-1,-3.189220428E-1,-1.193394661E-1
7.618929934E0,-4.099272490E-1,-1.899490356E-1,1.598917961E0
7.626833986E0,-4.569943249E-1,-5.375766754E-2,3.286487103E0
7.634707521E0,-3.867447078E-1,-4.329061508E-2,4.333055496E0
7.642611574E0,-2.571252584E-1,-6.197023392E-2,4.911895275E0
7.650546145E0,-1.355398893E-1,-5.424165726E-2,4.914549828E0
7.658511232E0,-1.143888235E-1,-9.257984161E-2,4.382128716E0
7.666384768E0,-2.850809693E-1,-2.363281250E-1,3.657537937E0
7.674319338E0,-4.413038492E-2,2.978448868E-1,2.913266182E0
7.682223391E0,-3.352435231E-1,4.350290298E-1,2.003495693E0
7.690127443E0,-3.590865731E-1,6.826848984E-1,1.158327103E0
7.698092531E0,-7.806645036E-1,5.520124435E-1,3.351135254E-1
7.706027102E0,-1.027956247E0,6.092939377E-1,-5.172815323E-1
7.713900637E0,-1.511322498E0,2.491793633E-1,-9.897947311E-1
7.721835207E0,-1.819868207E0,-1.150321960E-1,-1.162544250E0
7.729708742E0,-2.006429434E0,-5.947046280E-1,-9.932880402E-1
7.737704348E0,-2.013017178E0,-1.154530048E0,-2.395153046E-1
7.745669436E0,-1.669089675E0,-1.651551247E0,7.234158516E-1
7.753542971E0,-1.624983788E0,-2.072636604E0,2.615933895E0
7.761477541E0,-1.455162764E0,-2.173791409E0,4.116327763E0
7.769412111E0,-1.328933001E0,-2.071661472E0,5.005611897E0
7.777377199E0,-1.235084295E0,-1.981896400E0,5.237679482E0
7.785281252E0,-1.166929960E0,-1.922681332E0,4.839595795E0
7.793185305E0,-1.109550476E0,-1.928764343E0,3.945241451E0
7.801089357E0,-1.262663364E0,-1.897185802E0,3.022017956E0
7.808993410E0,-1.465966463E0,-1.796226025E0,2.138772964E0
7.817080568E0,-1.739676237E0,-1.688457489E0,1.434412003E0
7.825076174E0,-1.999915481E0,-1.605926514E0,8.602738380E-1
7.833010744E0,-2.150852680E0,-1.525200844E0,4.333553314E-1
7.840945314E0,-2.302687168E0,-1.380710602E0,1.750078201E-1
7.848910402E0,-2.423776150E0,-1.303047180E0,1.043682098E-1
7.856875490E0,-2.491972685E0,-1.234264851E0,2.307224274E-2
7.864810061E0,-2.456088066E0,-1.287608147E0,-1.449799538E-1
7.872683596E0,-2.279760361E0,-1.378242970E0,-3.073358536E-1
7.880587648E0,-2.065016270E0,-1.572165489E0,-4.388852119E-1
7.888491701E0,-1.989505410E0,-1.774507999E0,-4.542064667E-1
7.896456789E0,-1.882862329E0,-1.905930519E0,-2.479391098E-1
7.904482912E0,-1.646144390E0,-2.074728727E0,3.881311417E-1
7.912448000E0,-1.374608278E0,-2.099339008E0,1.637272835E0
7.920352053E0,-1.390581727E0,-2.056493282E0,2.520780563E0
7.928286623E0,-8.683047295E-1,-2.125692368E0,2.806577682E0
7.936251711E0,-4.504585862E-1,-2.251065969E0,2.422367096E0
7.944125246E0,-2.161830962E-1,-2.299155474E0,1.765418053E0
7.951998781E0,-7.787207961E-1,-2.109540462E0,9.393463135E-1
7.959963869E0,-1.151251197E0,-1.898619890E0,-1.896286011E-2
7.967898439E0,-1.478897333E0,-1.861003160E0,-9.734616280E-1
7.975863527E0,-1.781922102E0,-1.787174463E0,-1.754216194E0
7.983767580E0,-1.907044649E0,-1.788899660E0,-2.161022186E0
7.991671633E0,-1.764720678E0,-1.777963161E0,-2.326783180E0
7.999636721E0,-1.561642170E0,-1.858635187E0,-2.498800278E0
8.007571291E0,-1.447079420E0,-1.933204412E0,-2.601628780E0
8.015566896E0,-1.463809013E0,-1.946285963E0,-2.633990765E0
8.023470949E0,-1.595274448E0,-2.006016493E0,-2.392077923E0
8.031436037E0,-1.644182920E0,-1.989356279E0,-2.012795925E0
8.039340090E0,-1.641430140E0,-1.888052702E0,-1.606348515E0
8.047274660E0,-1.575487256E0,-1.761564732E0,-1.386869431E0
8.055270266E0,-1.527768850E0,-1.611943245E0,-1.319593906E0
8.063204836E0,-1.473676920E0,-1.461279154E0,-1.380220413E0
8.071108889E0,-1.460920095E0,-1.360427141E0,-1.453584194E0
8.079012941E0,-1.459153175E0,-1.257219553E0,-1.588806152E0
8.086916994E0,-1.414418936E0,-1.117031097E0,-1.559213638E0
8.094882082E0,-1.227405310E0,-9.863433838E-1,-1.418447018E0
8.102755617E0,-1.109326601E0,-9.255223274E-1,-1.434355259E0
8.110659670E0,-9.176243544E-1,-7.841324806E-1,-1.309756756E0
8.118624758E0,-6.708471775E-1,-5.451197624E-1,-8.938331604E-1
8.126559328E0,-4.482439160E-1,-3.929495811E-1,-2.080249786E-1
8.134554934E0,-2.725440264E-1,-2.700448036E-1,3.298864365E-1
8.142458986E0,-1.081449389E-1,-1.908774376E-1,7.093868256E-1
8.150363039E0,3.507447243E-2,-7.816028595E-2,9.590206146E-1
8.158267092E0,1.317439079E-1,7.634115219E-2,1.030578613E0
8.166171145E0,1.186657548E-1,2.240524292E-1,9.142017365E-1
8.174166750E0,-1.113724709E-1,3.703708649E-1,5.724792480E-1
8.182131838E0,-2.475651503E-1,5.547013283E-1,1.857919693E-1
8.190035891E0,-3.001603484E-1,6.737236977E-1,-4.953479767E-2
8.197939943E0,-3.394520283E-1,7.924809456E-1,-1.230087280E-1
8.205874514E0,-2.886070013E-1,9.200916290E-1,-3.922271729E-2
8.213839602E0,-2.336823940E-2,1.059467316E0,2.997522354E-1
8.221743654E0,1.521054506E-1,1.134092808E0,9.154729843E-1
8.229617189E0,4.081262350E-1,1.223406315E0,1.801984787E0
8.237521242E0,6.862599850E-1,1.213091373E0,2.604567528E0
8.245425295E0,1.075723171E0,1.272606850E0,3.279354095E0
8.253390383E0,1.511838317E0,1.457895756E0,3.849735260E0
8.261324953E0,1.642025948E0,1.616996288E0,4.140135765E0
8.269229006E0,1.512676001E0,1.796813488E0,3.732020378E0
8.277163576E0,1.290900826E0,1.541656971E0,2.995571136E0
8.285037111E0,1.106140137E0,1.157867432E0,2.238317490E0
8.293032717E0,8.783919811E-1,5.988812447E-1,1.790772438E0
8.300936770E0,5.999734402E-1,-7.377624512E-3,1.853356361E0
8.308810305E0,4.603042603E-1,-7.145705223E-1,2.546056747E0
8.316714357E0,4.226222038E-1,-1.377758265E0,3.465530396E0
8.324618410E0,4.180562496E-1,-1.870257616E0,4.704971313E0
8.332583498E0,5.361909866E-1,-1.892252922E0,5.924946785E0
8.340548586E0,5.719809532E-1,-1.693788290E0,7.216352463E0
8.348452639E0,7.459934950E-1,-1.500040054E0,7.491139412E0
8.356326174E0,1.007116437E0,-1.424150944E0,6.690620422E0
8.364260744E0,1.059587955E0,-1.429588318E0,5.124439240E0
8.372225832E0,8.326402903E-1,-1.319765091E0,3.296891212E0
8.380160402E0,4.112712145E-1,-1.239072561E0,1.578317642E0
8.388064455E0,1.341392994E-1,-1.075993538E0,3.614349365E-1
8.395999025E0,-6.020820141E-2,-1.004733562E0,-8.397378922E-1
8.403933596E0,3.895223141E-2,-9.563694000E-1,-1.414801121E0
8.411898684E0,2.153320312E-1,-9.705014229E-1,-1.359789848E0
8.419802736E0,4.017039537E-1,-9.741082191E-1,-8.258671761E-1
8.427676271E0,4.576972723E-1,-1.038912296E0,1.676654816E-1
8.435580324E0,4.398654699E-1,-1.130786896E0,1.086430550E0
8.443514895E0,5.551489592E-1,-1.268272161E0,1.594843864E0
8.451510500E0,6.785444021E-1,-1.487118721E0,1.788327217E0
8.459414553E0,7.041335106E-1,-1.674412489E0,1.617290497E0
8.467318605E0,5.881271362E-1,-1.813750982E0,1.226070404E0
8.475192141E0,4.571506977E-1,-1.842772961E0,7.643060684E-1
8.483126711E0,2.059487104E-1,-1.892071247E0,-2.708625793E-2
8.491091799E0,-5.893158913E-2,-1.906758785E0,-9.201760292E-1
8.498995852E0,-5.616804957E-1,-1.864622593E0,-1.685522556E0
8.506899904E0,-2.301117182E-1,-1.811563730E0,-2.290080547E0
8.514834475E0,-4.827071428E-1,-1.932886600E0,-3.306241035E0
8.522799563E0,-9.776081443E-1,-1.759355307E0,-3.739178658E0
8.530764650E0,-1.111950517E0,-1.758159399E0,-3.863507748E0
8.538668703E0,-1.218415499E0,-1.726549864E0,-3.693330765E0
8.546542238E0,-1.215574265E0,-1.652835369E0,-3.185497284E0
8.554446291E0,-1.017068386E0,-1.559350491E0,-2.682049274E0
8.562350344E0,-7.127684951E-1,-1.519526482E0,-2.346557617E0
8.570345949E0,-2.932968140E-1,-1.495037079E0,-1.914689541E0
8.578250002E0,3.497242928E-3,-1.371291876E0,-1.610515118E0
8.586123537E0,1.494204998E-1,-1.383870363E0,-1.637069702E0
8.593997072E0,1.782447100E-1,-1.339668512E0,-2.008257866E0
8.601931643E0,1.690051556E-1,-1.276223421E0,-2.581908226E0
8.609896730E0,9.293466806E-2,-1.261310339E0,-3.103616714E0
8.617800783E0,8.162653446E-2,-1.239177942E0,-3.462197781E0
8.625674318E0,7.787919044E-2,-1.190179348E0,-3.754768848E0
8.633578371E0,1.064553857E-1,-1.076556683E0,-3.977446556E0
8.641482424E0,2.013602853E-1,-9.732489586E-1,-3.926257610E0
8.649478029E0,2.444841862E-1,-8.350284100E-1,-3.452808857E0
8.657382082E0,2.916603386E-1,-7.092297077E-1,-2.468866825E0
8.665286135E0,3.652561903E-1,-5.528712273E-1,-1.417312145E0
8.673220705E0,4.995112419E-1,-4.506425858E-1,-6.688432693E-1
8.681124758E0,7.232096195E-1,-3.616352081E-1,2.587947845E-1
8.689089846E0,8.086849451E-1,-2.264328003E-1,9.957342148E-1
8.697024416E0,7.420397997E-1,-1.529660225E-1,1.409185410E0
8.704958986E0,5.743179321E-1,-2.151918411E-2,1.475058556E0
8.712863039E0,2.872506976E-1,1.462163925E-1,1.343255043E0
8.720797609E0,-2.179799974E-2,3.086872101E-1,1.080125809E0
8.728732180E0,-2.921414077E-1,4.603199959E-1,8.956623077E-1
8.736636232E0,-5.225524902E-1,5.471401215E-1,8.002233505E-1
8.744509768E0,-6.962712407E-1,5.636491776E-1,8.241014481E-1
8.752413820E0,-7.718455195E-1,5.311994553E-1,9.206933975E-1
8.760317873E0,-7.675080895E-1,3.991398811E-1,1.209828377E0
8.768282961E0,-8.456607461E-1,2.750968933E-1,1.684344292E0
8.776156496E0,-8.351787925E-1,2.338671684E-1,2.518733025E0
8.784060549E0,-9.600203037E-1,2.562294006E-1,3.146759033E0
8.792025637E0,-1.130792499E0,3.809800148E-1,3.557363510E0
8.799960207E0,-1.259192348E0,4.852523804E-1,3.457521439E0
8.807925295E0,-1.539190531E0,3.746428490E-1,2.849814415E0
8.815829348E0,-1.770368218E0,2.575283051E-1,2.294482231E0
8.823733400E0,-2.053425074E0,3.632640839E-2,1.691967964E0
8.831698488E0,-2.360803604E0,-1.917109489E-1,1.055902481E0
8.839602541E0,-2.614645243E0,-4.938914776E-1,7.742719650E-1
8.847567629E0,-2.597291470E0,-7.836918831E-1,9.294643402E-1
8.855441164E0,-2.488308907E0,-1.165765285E0,1.697121620E0
8.863345217E0,-2.215854168E0,-1.474374771E0,2.782578468E0
8.871279787E0,-2.008759975E0,-1.774843454E0,3.874961853E0
8.879214357E0,-1.715245724E0,-1.818444252E0,4.992516518E0
8.887179445E0,-1.604094505E0,-1.717706919E0,5.797571182E0
8.895052980E0,-1.653317809E0,-1.608065844E0,6.199833870E0
8.902957033E0,-1.745730519E0,-1.517467976E0,6.195868492E0
8.910922121E0,-1.807044148E0,-1.456325769E0,5.558467865E0
8.918856691E0,-1.931686163E0,-1.399492264E0,4.654271126E0
8.926821779E0,-2.092366934E0,-1.424875021E0,3.769604683E0
8.934725832E0,-2.683875799E0,-1.485885143E0,2.640897751E0
8.942599367E0,-2.600404978E0,-1.099123478E0,1.453962326E0
8.950533938E0,-2.324024677E0,-1.395505190E0,6.674957275E-2
8.958407473E0,-2.338381529E0,-1.324704170E0,-7.366685867E-1
8.966403078E0,-2.492033482E0,-1.357702732E0,-1.075970173E0
8.974307131E0,-2.407826900E0,-1.431226969E0,-1.001587868E0
8.982180666E0,-2.222850561E0,-1.468931913E0,-5.817375183E-1
8.990084719E0,-1.894752026E0,-1.520342827E0,-1.316041946E-1
8.997958254E0,-1.837897897E0,-1.579068184E0,1.889343262E-1
9.005953859E0,-1.452446580E0,-1.566078901E0,2.072210312E-1
9.013827395E0,-1.234779239E0,-1.565818787E0,2.070770264E-1
9.021731447E0,-1.071291089E0,-1.598245382E0,9.066390991E-2
9.029666018E0,-1.039082408E0,-1.609490156E0,-1.487874985E-1
9.037600588E0,-9.708219767E-1,-1.599766254E0,-4.696693420E-1
9.045565676E0,-1.069682598E0,-1.680673480E0,-9.706239700E-1
9.053530764E0,-1.163151264E0,-1.594566107E0,-1.535392284E0
9.061404299E0,-1.061107993E0,-1.728520513E0,-2.193336010E0
9.069308352E0,-9.742643833E-1,-1.784915090E0,-2.716519833E0
9.077212404E0,-7.930393219E-1,-1.747397304E0,-3.062659740E0
9.085177492E0,-8.131051660E-1,-1.735634446E0,-3.137053490E0
9.093142580E0,-8.696106672E-1,-1.683314562E0,-2.934550285E0
9.101016115E0,-5.963578224E-1,-1.667743921E0,-2.770930767E0
9.108920168E0,-4.514977634E-1,-1.705188751E0,-2.635835648E0
9.116824221E0,-4.262672067E-1,-1.734001279E0,-2.320837498E0
9.124789309E0,-4.811185002E-1,-1.730567336E0,-1.997338295E0
9.132754396E0,-6.483820081E-1,-1.708315849E0,-1.779616833E0
9.140658449E0,-5.623871684E-1,-1.623302698E0,-1.911202431E0
9.148562502E0,-6.132673621E-1,-1.548094749E0,-2.309214115E0
9.156466555E0,-8.368039131E-1,-1.454878807E0,-2.723744392E0
9.164431643E0,-1.028344393E0,-1.265120745E0,-3.267934799E0
9.172396730E0,-1.147381663E0,-1.071615934E0,-3.870923996E0
9.180300783E0,-1.229341745E0,-9.213190079E-1,-4.123336315E0
9.188174318E0,-1.385887504E0,-6.882522106E-1,-4.146442890E0
9.196108889E0,-1.411634088E0,-5.650260448E-1,-3.770261288E0
9.204073977E0,-1.281703234E0,-4.898684025E-1,-3.034306049E0
9.211978029E0,-1.066452026E0,-2.732484341E-1,-2.030548096E0
9.219851564E0,-8.358430266E-1,-3.271126747E-2,-5.583810806E-1
9.227755617E0,-4.686584473E-1,2.480492592E-1,9.856491089E-1
9.235659670E0,-6.002426147E-2,4.623031616E-1,2.255652428E0
9.243655275E0,3.039785624E-1,6.451704502E-1,3.686947823E0
9.251559328E0,4.786515236E-1,8.275353909E-1,4.581861496E0
9.259463381E0,5.930515528E-1,9.721295834E-1,4.713237762E0
9.267428469E0,5.291694403E-1,1.002213001E0,4.289047241E0
9.275363039E0,4.592816830E-1,1.027002573E0,3.558018684E0
9.283328127E0,3.780754805E-1,1.031681776E0,2.833476067E0
9.291201662E0,2.794885635E-1,1.025858164E0,2.314112663E0
9.299105715E0,3.002964258E-1,9.179918766E-1,1.986869812E0
9.306979250E0,3.198126554E-1,7.970142365E-1,1.915371895E0
9.314913820E0,4.248588085E-1,7.039062977E-1,1.962270737E0
9.322878908E0,7.497158051E-1,5.885086060E-1,2.241110802E0
9.330782961E0,9.721579552E-1,5.519306660E-1,2.871966362E0
9.338717531E0,1.358323097E0,6.905059814E-1,3.500956535E0
9.346621584E0,1.657455325E0,9.578971863E-1,3.794342995E0
9.354556154E0,1.721167803E0,1.100851059E0,3.925580978E0
9.362551760E0,1.692670465E0,1.085728407E0,4.045747757E0
9.370486330E0,1.802592516E0,6.636457443E-1,3.839119911E0
9.378390383E0,1.669861197E0,3.292136192E-1,3.355786324E0
9.386355471E0,1.418209195E0,-1.977207661E-1,3.376074791E0
9.394290041E0,1.095517159E0,-8.815200329E-1,3.475135803E0
9.402255129E0,5.787591934E-1,-1.572128773E0,3.617088318E0
9.410128664E0,1.606878042E-1,-1.827107906E0,3.928457260E0
9.418063234E0,-1.593304873E-1,-2.111393452E0,4.185576439E0
9.425967287E0,1.033818722E-2,-2.267915010E0,4.349392891E0
9.433871340E0,4.227172136E-1,-2.433499336E0,4.108530045E0
9.441866945E0,7.162630558E-1,-2.553655148E0,3.488258362E0
9.449770998E0,7.850764990E-1,-2.627437115E0,2.498477936E0
9.457675051E0,5.904163122E-1,-2.522899628E0,9.352359772E-1
9.465609621E0,3.155204058E-1,-2.386507034E0,-2.871961594E-1
9.473544191E0,1.344751120E-1,-2.198796272E0,-8.112182617E-1
9.481509279E0,-2.069473267E-4,-2.034357786E0,-9.994726181E-1
9.489382814E0,1.563072205E-2,-1.886000633E0,-9.451813698E-1
9.497286867E0,1.577440500E-1,-1.774084568E0,-8.244147301E-1
9.505251955E0,2.734682560E-1,-1.671724558E0,-7.465577126E-1
9.513156008E0,3.604147434E-1,-1.578664064E0,-6.147651672E-1
9.521121096E0,3.099868298E-1,-1.525157213E0,-7.680869102E-1
9.529025148E0,3.542581797E-1,-1.554933786E0,-1.012299061E0
9.536929201E0,3.644733429E-1,-1.662645340E0,-1.373724461E0
9.544833254E0,2.096850872E-1,-1.789614677E0,-1.600052357E0
9.552737307E0,5.096030235E-2,-1.860229731E0,-1.736384392E0
9.560702395E0,-2.081357241E-1,-1.937688589E0,-1.804818630E0
9.568667482E0,-4.222764373E-1,-1.963056326E0,-1.765170097E0
9.576541018E0,-5.599061251E-1,-2.014358521E0,-1.740538120E0
9.584445070E0,-6.623758674E-1,-2.013339758E0,-1.696209431E0
9.592349123E0,-7.140765190E-1,-2.105760574E0,-1.617081642E0
9.600344729E0,-6.667389870E-1,-2.068497181E0,-1.768164635E0
9.608248781E0,-4.831966758E-1,-2.058815002E0,-1.780289173E0
9.616152834E0,-5.249634385E-1,-1.964472890E0,-1.733442307E0
9.624087404E0,-6.333244443E-1,-1.834077120E0,-1.599741459E0
9.632021975E0,-6.554001570E-1,-1.701351404E0,-1.479956627E0
9.639987063E0,-5.727774501E-1,-1.609489441E0,-1.426611423E0
9.647891115E0,-4.687182903E-1,-1.566640615E0,-1.527948856E0
9.655764650E0,-2.185349464E-1,-1.548949718E0,-1.625247002E0
9.663668703E0,-3.399550915E-2,-1.464888334E0,-1.620380878E0
9.671603273E0,1.070499420E-3,-1.198020935E0,-1.588828087E0
9.679537844E0,7.757699490E-2,-1.214727402E0,-2.097727299E0
9.687502932E0,-2.597091198E-1,-9.405038357E-1,-2.806627750E0
9.695437502E0,-3.776498437E-1,-8.670818806E-1,-3.404407978E0
9.703341555E0,-5.207777619E-1,-6.989171505E-1,-4.020130157E0
9.711276125E0,-4.977591336E-1,-5.920577049E-1,-4.284370899E0
9.719271730E0,-4.883191586E-1,-3.876743317E-1,-3.962412834E0
9.727175783E0,-1.248637438E-1,-2.011764050E-1,-3.358372211E0
9.735049318E0,1.786593795E-1,-9.082102776E-2,-2.457859039E0
9.743014406E0,3.405523300E-1,8.457183838E-2,-1.292368889E0
9.750948977E0,4.686940312E-1,1.789636612E-1,-6.132984161E-2
9.758914064E0,5.133853555E-1,3.320693970E-1,8.846454620E-1
9.766818117E0,4.309576154E-1,5.628526211E-1,1.759900093E0
9.774722170E0,3.467980027E-1,7.356822491E-1,2.416743279E0
9.782687258E0,1.773923039E-1,8.326058388E-1,2.732249260E0
9.790621828E0,-4.052856565E-2,9.381136894E-1,2.752118111E0
9.798586916E0,-3.412073851E-2,9.924900532E-1,2.321132660E0
9.806490969E0,-2.646380663E-1,9.806768894E-1,1.547497749E0
9.814395021E0,-1.533319354E-1,8.975083828E-1,9.265565872E-1
9.822329592E0,-4.719574451E-1,7.142603397E-1,4.562330246E-1
9.830203127E0,-8.287283778E-1,4.958400726E-1,4.202938080E-1
9.838198732E0,-1.200120449E0,2.477316856E-1,8.898420334E-1
9.846163820E0,-1.397125840E0,4.025316238E-2,1.742248535E0
9.854037355E0,-1.506790042E0,-2.885866165E-2,2.809725761E0
9.861941408E0,-1.269690394E0,4.625797272E-3,3.980778694E0
9.869845461E0,-1.231143475E0,1.936573982E-1,4.583656311E0
9.877780031E0,-1.157411814E0,3.184132576E-1,4.815406799E0
9.885745119E0,-1.276721835E0,3.445396423E-1,4.643942833E0
9.893618654E0,-1.264498830E0,2.201986313E-1,4.269678116E0
9.901492189E0,-1.385710478E0,-1.084768772E-1,3.976946831E0
9.909365725E0,-1.561083555E0,-5.804717541E-1,3.748488426E0
9.917330813E0,-1.633568525E0,-1.281147957E0,3.978043556E0
9.925265383E0,-1.638709307E0,-1.758488655E0,4.694935799E0
9.933138918E0,-1.508110523E0,-2.245318413E0,5.618246078E0
9.941042971E0,-1.234953642E0,-2.426338673E0,6.558938026E0
9.948947023E0,-1.082685471E0,-2.343066692E0,6.827335358E0
9.956942629E0,-9.344597459E-1,-2.220211506E0,6.405529022E0
9.964846682E0,-1.119486928E0,-2.060970306E0,4.916683197E0
9.972720217E0,-1.434061766E0,-1.968382597E0,2.826423645E0
9.980624270E0,-1.623465776E0,-1.716407061E0,8.595647812E-1
9.988528322E0,-1.959778309E0,-1.582276344E0,-1.229652882E0
9.996493410E0,-2.188937187E0,-1.495910883E0,-2.911850452E0
1.000442798E1,-2.491855621E0,-1.450659037E0,-3.770561695E0
1.001236255E1,-2.646310568E0,-1.409202576E0,-3.672227859E0
1.002026660E1,-2.562701702E0,-1.338356972E0,-2.853713989E0
1.002817066E1,-2.492450476E0,-1.370732069E0,-1.679602146E0
1.003610523E1,-2.140624762E0,-1.448076248E0,-7.085790634E-1
1.004407031E1,-1.607590914E0,-1.569817066E0,1.834859848E-1
1.005194385E1,-9.916650057E-1,-1.658656836E0,6.370582581E-1
1.005984790E1,-4.906912446E-1,-1.681088448E0,7.249011993E-1
1.006775196E1,-1.983313411E-1,-1.665398121E0,5.853528976E-1
1.007571704E1,7.902590558E-3,-1.616916656E0,1.572408676E-1
1.008359058E1,1.361839622E-1,-1.560741186E0,-2.821254730E-1
1.009152515E1,1.235641316E-1,-1.486735582E0,-7.009057999E-1
1.009945972E1,1.381486952E-1,-1.424376488E0,-1.226670265E0
1.010736377E1,1.301959604E-1,-1.392361879E0,-1.754245758E0
1.011535938E1,9.028027952E-2,-1.403084040E0,-2.230756760E0
1.012326343E1,-2.351838350E-2,-1.459221125E0,-2.598225117E0
1.013116748E1,-7.192763686E-2,-1.565320253E0,-3.033940792E0
1.013913257E1,-4.421222210E-2,-1.709158897E0,-3.468528271E0
1.014706714E1,-1.104650795E-1,-1.799344897E0,-3.666200161E0
1.015503223E1,-2.087135613E-1,-1.826628089E0,-3.601472378E0
1.016290576E1,-3.686471283E-1,-1.856593251E0,-3.398427963E0
1.017082851E1,-3.689175546E-1,-1.736459732E0,-2.877406120E0
1.017873256E1,-4.502279758E-1,-1.638638496E0,-2.442168236E0
1.018660610E1,-4.495590031E-1,-1.476921558E0,-1.883527279E0
1.019457119E1,-4.131265879E-1,-1.325945616E0,-1.743822575E0
1.020247524E1,-4.035923481E-1,-1.217086554E0,-2.030794144E0
1.021034877E1,-5.275956392E-1,-1.166564703E0,-2.486928463E0
1.021825283E1,-8.198817968E-1,-9.971687794E-1,-2.912187576E0
1.022615688E1,-1.076393604E0,-7.696278095E-1,-3.405158043E0
1.023415249E1,-1.399306536E0,-6.496121883E-1,-3.677752018E0
1.024205654E1,-1.485468388E0,-4.320228100E-1,-3.659746170E0
1.024993007E1,-1.380311608E0,-2.074828148E-1,-3.247772217E0
1.025783412E1,-1.077456594E0,-3.838562965E-2,-2.398625374E0
1.026573818E1,-7.672948837E-1,1.261339188E-1,-1.412703514E0
1.027373378E1,-4.258751869E-1,2.338688374E-1,-1.375675201E-1
1.028163784E1,-1.060504913E-1,2.891407013E-1,1.267353058E0
1.028951137E1,1.537529230E-1,4.197354317E-1,2.568790436E0
1.029741542E1,3.955305815E-1,6.400341988E-1,3.885866165E0
1.030531948E1,4.296053648E-1,8.528287411E-1,4.542311668E0
1.031331508E1,2.850722075E-1,9.621667862E-1,4.433029175E0
1.032118862E1,2.266410589E-1,9.494018555E-1,3.916425705E0
1.032912319E1,9.590983391E-2,9.505362511E-1,3.145398140E0
1.033699672E1,2.168631554E-2,8.907883167E-1,2.301304817E0
1.034493129E1,2.709496021E-2,7.267768383E-1,1.733667374E0
1.035286586E1,1.028537750E-1,5.947754383E-1,1.239688873E0
1.036083095E1,1.854538918E-1,5.245623589E-1,1.259153366E0
1.036870449E1,3.570864201E-1,5.792346001E-1,1.853739738E0
1.037663906E1,6.903743744E-1,7.470574379E-1,2.626401901E0
1.038457363E1,1.183584332E0,1.053786516E0,3.333629608E0
1.039253872E1,1.562052727E0,1.298341990E0,3.732919693E0
1.040044277E1,1.665437222E0,1.301647425E0,4.195981026E0
1.040834682E1,1.900226831E0,1.155869722E0,4.429026604E0
1.041631191E1,2.006153584E0,6.763045788E-1,4.470363617E0
1.042424648E1,1.860777259E0,6.509375572E-2,4.312521935E0
1.043218105E1,1.535012603E0,-5.892622471E-1,4.044174194E0
1.044014614E1,1.160106897E0,-1.318137407E0,3.760802269E0
1.044805019E1,8.658487797E-1,-1.873424530E0,3.835149765E0
1.045595424E1,6.774033308E-1,-2.267324448E0,4.181088448E0
1.046382778E1,5.264395475E-1,-2.455552101E0,4.296792030E0
1.047182338E1,6.395978928E-1,-2.546958208E0,4.086124420E0
1.047978847E1,8.636043072E-1,-2.600983143E0,3.516369820E0
1.048772304E1,7.970834970E-1,-2.510727882E0,2.719385147E0
1.049562709E1,6.706194878E-1,-2.366688728E0,2.026371956E0
1.050356166E1,6.629043818E-1,-2.216805458E0,1.135018349E0
1.051155727E1,6.305972338E-1,-2.087207794E0,3.819522858E-1
1.051952236E1,6.954171658E-1,-1.981146336E0,-2.406234741E-1
1.052739589E1,8.467900753E-1,-1.906435728E0,-5.972499847E-1
1.053529995E1,9.450489283E-1,-1.871881247E0,-9.079780579E-1
1.054320400E1,1.128489256E0,-1.878061056E0,-1.143117905E0
1.055116909E1,1.202518582E0,-1.831213713E0,-1.224447727E0
1.055907314E1,1.202992320E0,-1.962004185E0,-1.541439056E0
1.056697719E1,1.100247741E0,-1.948326588E0,-1.697637081E0
1.057491176E1,9.811435938E-1,-2.043836832E0,-1.668865204E0
1.058284633E1,8.505647182E-1,-2.103416443E0,-1.392430782E0
1.059084194E1,6.101452112E-1,-2.120146275E0,-8.729314804E-1
1.059877651E1,4.137465954E-1,-2.217684746E0,-5.889110565E-1
1.060668056E1,2.428472042E-1,-2.224122047E0,-5.528745651E-1
1.061461513E1,-5.590391159E-2,-2.246577024E0,-6.231679916E-1
1.062248867E1,-2.333651781E-1,-2.231426239E0,-6.347103119E-1
1.063048427E1,-5.040529370E-1,-2.168792248E0,-7.478475571E-1
1.063838832E1,-7.299968600E-1,-2.057694435E0,-9.454183578E-1
1.064626186E1,-8.217299581E-1,-2.014293671E0,-1.275236130E0
1.065413540E1,-8.820129037E-1,-1.923710108E0,-1.890212059E0
1.066206996E1,-8.834105730E-1,-1.855711579E0,-2.311205864E0
1.067000454E1,-8.273129463E-1,-1.752217531E0,-2.654201508E0
1.067796962E1,-7.576593161E-1,-1.670616865E0,-2.945478916E0
1.068587368E1,-8.551089168E-1,-1.568506479E0,-3.354649067E0
1.069377773E1,-7.632402182E-1,-1.420914888E0,-3.800723076E0
1.070165126E1,-6.310059428E-1,-1.300507307E0,-4.183757305E0
1.070964687E1,-4.432916939E-1,-1.185475826E0,-4.227002621E0
1.071758144E1,-2.644724250E-1,-1.017369747E0,-3.990795135E0
1.072545498E1,-7.474893332E-2,-8.269023895E-1,-3.628439426E0
1.073335903E1,8.230054379E-2,-6.326577663E-1,-3.129807949E0
1.074126308E1,1.288905740E-1,-4.461498260E-1,-2.628300667E0
1.074925869E1,1.402994394E-1,-3.705060482E-1,-2.348014832E0
1.075716274E1,2.168922424E-1,-2.712309361E-1,-2.157607555E0
1.076503627E1,2.965623736E-1,-2.424280643E-1,-1.792176247E0
1.077294033E1,3.096365333E-1,-2.510759830E-1,-1.283911228E0
1.078084438E1,3.112195730E-1,-2.176523209E-1,-8.149204254E-1
1.078880947E1,1.997410059E-1,-1.245822906E-1,-8.386325836E-2
1.079668300E1,7.353842258E-2,5.596494675E-2,6.979465485E-1
1.080458706E1,2.579405904E-2,1.932630539E-1,1.347195625E0
1.081255214E1,2.816510201E-2,3.412842751E-1,1.898065567E0
1.082048671E1,1.904475689E-2,5.347385406E-1,2.382333755E0
1.082839077E1,3.350244462E-2,7.320811749E-1,2.757389069E0
1.083632534E1,-4.616992176E-2,8.958613873E-1,2.925730705E0
1.084419887E1,-2.606305480E-1,9.817614555E-1,3.021847725E0
1.085210292E1,-5.044780374E-1,9.964284897E-1,2.952571869E0
1.085997646E1,-7.264155149E-1,9.957122803E-1,2.687376022E0
1.086794155E1,-1.134058714E0,9.133119583E-1,2.409221649E0
1.087590664E1,-1.353555083E0,8.116815090E-1,2.377877235E0
1.088378017E1,-1.568529606E0,7.048144341E-1,2.553042412E0
1.089168422E1,-1.693786025E0,6.590285301E-1,3.005799294E0
1.089964931E1,-1.811765790E0,6.552789211E-1,3.774377823E0
1.090764492E1,-1.749978185E0,7.139716148E-1,4.351656914E0
1.091554897E1,-1.666351438E0,8.325157166E-1,4.502745628E0
1.092342250E1,-1.660814047E0,1.062723398E0,4.387027740E0
1.093135707E1,-1.700619578E0,1.088273525E0,3.980719566E0
1.093923061E1,-1.646749258E0,9.329845905E-1,3.331839561E0
1.094719570E1,-1.653796434E0,6.520011425E-1,2.787651062E0
1.095513027E1,-1.816496134E0,1.882565022E-1,2.282343864E0
1.096306484E1,-2.089245081E0,-5.568580627E-1,2.126295090E0
1.097096889E1,-2.115237474E0,-1.384440660E0,2.585371971E0
1.097890346E1,-2.034541368E0,-2.010767460E0,3.359601974E0
1.098689907E1,-1.746297956E0,-2.553519249E0,4.324402809E0
1.099486416E1,-1.577644348E0,-2.823286533E0,5.046906471E0
1.100273769E1,-1.684608817E0,-2.798458576E0,5.065865517E0
1.101064174E1,-1.736785650E0,-2.690196514E0,4.218451500E0
1.101857631E1,-1.801025748E0,-2.626588345E0,2.885717392E0
1.102654140E1,-2.030900002E0,-2.412895203E0,1.399525642E0
1.103447597E1,-2.271603823E0,-2.234822273E0,3.843879700E-2
1.104234951E1,-2.409720659E0,-1.966234565E0,-1.394219875E0
1.105025356E1,-2.365187407E0,-1.860950708E0,-2.546174526E0
1.105815761E1,-2.149637938E0,-1.770335436E0,-3.044855595E0
1.106615322E1,-1.957743526E0,-1.735941410E0,-3.028642178E0
1.107408779E1,-1.736463904E0,-1.733758450E0,-2.552906036E0
1.108199184E1,-1.430725455E0,-1.818204165E0,-1.925376415E0
1.108995693E1,-1.067412972E0,-1.916360378E0,-1.488018990E0
1.109786098E1,-6.524396539E-1,-2.042533398E0,-9.441928864E-1
1.110585659E1,-2.533272803E-1,-2.040956497E0,-4.421901703E-1
1.111382167E1,-1.460106485E-2,-2.024475336E0,-2.872419357E-1
1.112169521E1,1.349623054E-1,-1.979870796E0,-4.567756653E-1
1.112959926E1,2.580212653E-1,-1.873521447E0,-8.288078308E-1
1.113750332E1,2.835980356E-1,-1.776131153E0,-1.279363155E0
1.114546840E1,1.673569679E-1,-1.717106342E0,-1.868082523E0
1.115337246E1,9.290404618E-2,-1.685937166E0,-2.347342491E0
1.116130703E1,-1.203136146E-2,-1.647030592E0,-2.873611927E0
1.116921108E1,-7.108430564E-2,-1.660909414E0,-3.253659725E0
1.117714565E1,-8.920666575E-2,-1.680487871E0,-3.471374035E0
1.118511074E1,-3.521215916E-2,-1.673971653E0,-3.560545921E0
1.119301479E1,2.464461327E-2,-1.684397221E0,-3.638544083E0
1.120091884E1,7.848113775E-2,-1.657719374E0,-3.551740170E0
1.120888393E1,1.189939380E-1,-1.633079529E0,-3.362052917E0
1.121681850E1,1.477409601E-1,-1.564020157E0,-3.121552944E0
1.122481411E1,1.980299652E-1,-1.499517918E0,-2.683752537E0
1.123277919E1,2.709133029E-1,-1.416093111E0,-2.385021210E0
1.124065273E1,2.781845331E-1,-1.287784100E0,-2.325770855E0
1.124855678E1,1.227650642E-1,-1.196052790E0,-2.350399971E0
1.125649135E1,-1.621778011E-1,-1.005229473E0,-2.568667412E0
1.126448696E1,-4.140814245E-1,-8.872363567E-1,-2.945763111E0
1.127239101E1,-4.493490756E-1,-6.907088757E-1,-3.262528419E0
1.128029506E1,-5.249023438E-1,-4.449279308E-1,-3.491909504E0
1.128819912E1,-5.892360210E-1,-1.977086067E-1,-3.361891270E0
1.129610317E1,-5.116062164E-1,-2.510261536E-2,-2.900938034E0
1.130403774E1,-3.136410117E-1,1.238968372E-1,-1.837971210E0
1.131200283E1,-1.538002491E-1,2.583005428E-1,-3.572435379E-1
1.131993740E1,-1.195324659E-1,5.735771656E-1,1.309059143E0
1.132784145E1,-8.627551794E-2,8.232424259E-1,2.641629219E0
1.133577602E1,-5.062514544E-2,1.077059507E0,3.850378990E0
1.134374111E1,-5.929166079E-2,1.267373323E0,4.542880058E0
1.135164516E1,2.906787395E-2,1.412926912E0,4.729272842E0
1.135948818E1,-2.212014794E-1,1.547379017E0,4.584498405E0
1.136739223E1,-1.984579563E-1,1.539390564E0,4.276176453E0
1.137532680E1,-2.033716440E-1,1.522199869E0,3.888431549E0
1.138332241E1,-8.184468746E-2,1.414437532E0,3.567095757E0
1.139122646E1,1.627053022E-1,1.347691774E0,3.365488052E0
1.139909999E1,4.128174782E-1,1.248693943E0,3.612693787E0
1.140700405E1,7.378207445E-1,1.200165749E0,4.084896088E0
1.141490810E1,1.078861237E0,1.212229490E0,4.625196457E0
1.142287319E1,1.435816050E0,1.312325954E0,4.748869896E0
1.143080776E1,1.885988355E0,1.596935749E0,4.457210541E0
1.143874233E1,2.005992413E0,1.674882650E0,4.236209869E0
1.144667690E1,1.921524644E0,1.601000309E0,4.042272568E0
1.145461147E1,1.905885577E0,1.277312279E0,3.770068169E0
1.146260707E1,1.988382697E0,7.580339909E-1,3.583959579E0
1.147051113E1,1.850139380E0,1.336395741E-1,3.665949821E0
1.147844570E1,1.645438910E0,-4.286906719E-1,3.860570908E0
1.148634975E1,7.071332932E-1,-1.016993761E0,4.156312943E0
1.149428432E1,1.031669259E0,-1.741071701E0,4.811751366E0
1.150224941E1,1.262740374E0,-2.166862488E0,5.003347397E0
1.151015346E1,1.193759918E0,-2.446085215E0,4.577705383E0
1.151805751E1,1.368729711E0,-2.552825928E0,3.697064400E0
1.152602260E1,1.285195947E0,-2.560787678E0,2.435043335E0
1.153389614E1,1.144568801E0,-2.402211189E0,7.434558868E-1
1.154192226E1,9.004405737E-1,-2.219529629E0,-6.806945801E-1
1.154982631E1,8.514446020E-1,-2.051574230E0,-1.748945713E0
1.155769985E1,9.428833723E-1,-2.008048296E0,-2.373167515E0
1.156560390E1,1.195681930E0,-1.876109362E0,-2.646629333E0
1.157347744E1,1.239035726E0,-1.762267113E0,-2.553258896E0
1.158144252E1,1.285335064E0,-1.725347996E0,-2.460515976E0
1.158937709E1,1.055601478E0,-1.578625679E0,-2.437445641E0
1.159731166E1,1.442012429E0,-2.044617891E0,-1.702362537E0
1.160521572E1,1.348486185E0,-2.141427040E0,-1.614672184E0
1.161315029E1,1.093289256E0,-2.284876823E0,-1.564303398E0
1.162114589E1,8.303591013E-1,-2.316948652E0,-1.099599838E0
1.162911098E1,7.540951967E-1,-2.704475880E0,-5.999355316E-1
1.163701503E1,5.878796577E-1,-2.739719629E0,-5.631542206E-1
1.164498012E1,2.962669134E-1,-2.861291409E0,-5.450849533E-1
1.165291469E1,1.200964451E-1,-2.842305660E0,-4.789180756E-1
1.166084926E1,-8.337461948E-2,-2.914656162E0,-4.740171432E-1
1.166881435E1,-3.580481410E-1,-2.886310339E0,-5.434217453E-1
1.167671840E1,-5.020029545E-1,-2.710243702E0,-8.542165756E-1
1.168468349E1,-8.151311278E-1,-2.486070156E0,-1.621227264E0
1.169264858E1,-6.302420497E-1,-2.270508766E0,-2.539868832E0
1.170064418E1,-9.712396860E-1,-2.137421131E0,-3.096826077E0
1.170851772E1,-8.682036400E-1,-1.869148135E0,-3.369640350E0
1.171645229E1,-8.670011759E-1,-1.724538803E0,-3.806461811E0
1.172435634E1,-5.851569772E-1,-1.444059849E0,-4.189810753E0
1.173226040E1,-4.329535067E-1,-1.293273211E0,-4.379292488E0
1.174025600E1,-3.550139666E-1,-1.079127312E0,-4.320767403E0
1.174822109E1,-3.600054979E-1,-9.377434254E-1,-4.083925247E0
1.175609462E1,-3.241547346E-1,-7.808539867E-1,-3.680750370E0
1.176399868E1,-3.093280196E-1,-6.872487068E-1,-3.096187592E0
1.177190273E1,-5.172579885E-1,-5.653910637E-1,-2.379872799E0
1.177986782E1,-6.183137894E-1,-3.902714252E-1,-1.834422588E0
1.178783290E1,-5.560619831E-1,-3.129034042E-1,-1.366296768E0
1.179573696E1,-3.676389754E-1,-1.489846706E-1,-9.514245987E-1
1.180367153E1,-2.537180781E-1,-5.975270271E-2,-7.402992249E-1
1.181160610E1,-1.033102870E-1,1.107773781E-1,-6.405687332E-1
1.181957119E1,1.744249463E-2,1.376616955E-1,-5.503702164E-1
1.182753627E1,1.875848770E-1,2.755975723E-1,-1.215362549E-1
1.183544033E1,1.495409906E-1,4.501433372E-1,7.096176147E-1
1.184340541E1,1.275514364E-1,6.521439552E-1,1.726373672E0
1.185133999E1,5.155214667E-2,7.654633522E-1,2.410802841E0
1.185930507E1,-2.041081786E-1,8.477628231E-1,3.048840523E0
1.186720912E1,-2.959726751E-1,9.563562870E-1,3.672688484E0
1.187511318E1,-3.175982237E-1,1.008081198E0,4.271171570E0
1.188307827E1,-2.912994027E-1,1.020616055E0,4.632842064E0
1.189104335E1,-4.049171805E-1,1.021425724E0,4.734382629E0
1.189897792E1,-6.596828103E-1,9.114050865E-1,4.509233475E0
1.190691249E1,-9.338331819E-1,7.732038498E-1,4.154276848E0
1.191481655E1,-1.157209516E0,5.872678757E-1,3.737126350E0
1.192272060E1,-1.414111853E0,4.302766323E-1,3.192035675E0
1.193062465E1,-1.483320355E0,2.644493580E-1,2.850373268E0
1.193862026E1,-1.517292380E0,2.216975689E-1,2.832978249E0
1.194652431E1,-1.479983568E0,2.412261963E-1,2.997741699E0
1.195439785E1,-1.331379771E0,4.270055294E-1,3.183559418E0
1.196236293E1,-1.162422895E0,6.391689777E-1,3.133503914E0
1.197029750E1,-1.181354761E0,7.310512066E-1,2.865816116E0
1.197826259E1,-1.110712171E0,7.056310177E-1,2.185147285E0
1.198616664E1,-1.056798220E0,2.348933220E-1,1.709386826E0
1.199410122E1,-1.057430983E0,-2.678854465E-1,1.419023514E0
1.200197475E1,-1.185122013E0,-8.981797695E-1,1.374965668E0
1.200990932E1,-1.362297058E0,-1.521818161E0,1.987765312E0
1.201787441E1,-1.564543128E0,-2.145703316E0,2.900415421E0
1.202577846E1,-1.597041130E0,-2.470989227E0,3.740250587E0
1.203368251E1,-1.617865801E0,-2.634048939E0,4.572709084E0
1.204161708E1,-1.733755708E0,-2.665131092E0,4.684617996E0
1.204955166E1,-1.868975043E0,-2.608313560E0,3.990515709E0
1.205751674E1,-1.814732075E0,-2.576450825E0,2.599483490E0
1.206539028E1,-1.841150999E0,-2.311684847E0,1.010329247E0
1.207329433E1,-1.976534367E0,-2.151143074E0,-4.357318878E-1
1.208116787E1,-1.872791290E0,-2.045225382E0,-1.715682507E0
1.208910244E1,-1.743247032E0,-1.897643328E0,-2.921809196E0
1.209706752E1,-1.534232974E0,-1.791857719E0,-3.449688911E0
1.210503261E1,-1.459573150E0,-1.775260448E0,-3.217037678E0
1.211290615E1,-1.149363279E0,-1.654135704E0,-2.571756840E0
1.212081020E1,-8.063325882E-1,-1.852832317E0,-1.751285553E0
1.212871425E1,-5.250579715E-1,-1.952731371E0,-1.155007839E0
1.213667934E1,-2.574453652E-1,-1.954574347E0,-8.194046021E-1
1.214461391E1,4.780820012E-2,-1.984561205E0,-6.753864288E-1
1.215257900E1,2.467516959E-1,-1.963405132E0,-8.908700943E-1
1.216048305E1,2.812237144E-1,-1.896129370E0,-1.310079098E0
1.216838710E1,2.355822027E-1,-1.889026880E0,-1.705157757E0
1.217638271E1,2.350139022E-1,-1.887371063E0,-2.093795300E0
1.218428676E1,-2.806667984E-2,-1.924325943E0,-2.617399216E0
1.219216030E1,-4.163257778E-2,-1.957633734E0,-2.971585751E0
1.220006435E1,-1.442584395E-2,-2.050269127E0,-3.272042751E0
1.220796840E1,7.386952639E-4,-2.086074352E0,-3.459463596E0
1.221596401E1,9.042977542E-2,-2.107295036E0,-3.529438496E0
1.222386806E1,1.804332882E-1,-2.067638159E0,-3.522980213E0
1.223174160E1,3.688507080E-1,-2.124187231E0,-3.184262753E0
1.223964565E1,4.862101078E-1,-2.003073692E0,-2.583067417E0
1.224754970E1,4.693501890E-1,-1.811803102E0,-1.938728333E0
1.225548427E1,5.184572935E-1,-1.579033613E0,-1.173695564E0
1.226341884E1,4.769447446E-1,-1.396607161E0,-6.616640091E-1
1.227135341E1,2.581002116E-1,-1.163267374E0,-6.032257080E-1
1.227925746E1,2.583453059E-2,-9.933104515E-1,-9.575872421E-1
1.228719204E1,-2.428070307E-1,-6.791992188E-1,-1.841247082E0
1.229515712E1,-4.070810676E-1,-4.094905853E-1,-2.702239037E0
1.230306118E1,-5.130206943E-1,-9.468626976E-2,-3.126196861E0
1.231093471E1,-6.871266961E-1,8.488512039E-2,-3.249827862E0
1.231883876E1,-7.208193541E-1,1.746079922E-1,-3.129130840E0
1.232674282E1,-8.068852425E-1,1.666722298E-1,-2.610255241E0
1.233470790E1,-7.593737841E-1,2.074155807E-1,-1.836036682E0
1.234267299E1,-6.756685972E-1,2.415900230E-1,-6.436214447E-1
1.235054653E1,-4.256545305E-1,4.701020718E-1,8.208866119E-1
1.235845058E1,-3.178926706E-1,7.156174183E-1,2.375124931E0
1.236635463E1,-2.038398683E-1,1.047385216E0,3.499119759E0
1.237435024E1,-2.052807510E-1,1.276326418E0,4.001035690E0
1.238234584E1,-3.197878599E-2,1.459577084E0,3.951553345E0
1.239021938E1,1.386167407E-1,1.575930834E0,3.593551636E0
1.239812343E1,2.638832927E-1,1.655658484E0,2.984347343E0
1.240602749E1,4.749455452E-1,1.687935352E0,2.462627411E0
1.241402309E1,7.306027412E-1,1.546701670E0,2.158020020E0
1.242192714E1,8.952300549E-1,1.369709253E0,2.281993866E0
1.242980068E1,1.149787307E0,1.206748009E0,2.922451973E0
1.243770473E1,1.291519880E0,1.185679674E0,3.999197006E0
1.244557827E1,1.451124787E0,1.125862360E0,4.745966911E0
1.245354335E1,1.876256704E0,1.183571339E0,5.145487785E0
1.246147792E1,2.358900785E0,1.379112482E0,5.201579094E0
1.246935146E1,2.401713371E0,1.415846586E0,4.957677841E0
1.247725551E1,2.487735510E0,1.318901300E0,4.620334625E0
1.248515956E1,2.530779123E0,9.287769794E-1,4.289178848E0
1.249312465E1,2.398743629E0,2.718193531E-1,4.061573029E0
1.250108974E1,2.062593937E0,-4.783399105E-1,4.053887367E0
1.250899379E1,1.672189355E0,-1.150764465E0,4.114555359E0
1.251689785E1,1.222851396E0,-1.890320301E0,4.329957962E0
1.252480190E1,8.608468771E-1,-2.260879755E0,4.513917923E0
1.253276699E1,5.048866272E-1,-2.398078918E0,4.597946167E0
1.254073207E1,2.811616659E-1,-2.332367659E0,4.245923042E0
1.254863613E1,3.377262354E-1,-2.339175463E0,3.223912239E0
1.255660122E1,4.537439346E-1,-2.336911440E0,1.739927292E0
1.256453578E1,5.269113779E-1,-2.210137844E0,3.311624527E-1
1.257253139E1,5.345114470E-1,-2.092823267E0,-1.131129742E0
1.258049648E1,4.947925806E-1,-2.018333197E0,-1.993721485E0
1.258837001E1,5.575765371E-1,-1.948674440E0,-2.296087265E0
1.259627407E1,6.097860932E-1,-1.858232975E0,-2.186124802E0
1.260417812E1,5.778326988E-1,-1.847676754E0,-2.011440277E0
1.261214321E1,6.567274332E-1,-1.926377296E0,-1.832825184E0
1.262010830E1,6.728787422E-1,-2.037901640E0,-1.664301395E0
1.262801235E1,5.627612472E-1,-2.153826475E0,-1.489974022E0
1.263591640E1,5.307163000E-1,-2.304541111E0,-1.436934471E0
1.264382045E1,4.530093670E-1,-2.450205803E0,-1.463865757E0
1.265181606E1,2.966789007E-1,-2.578618288E0,-1.420986176E0
1.265972011E1,8.429765701E-2,-2.689655781E0,-1.494016171E0
1.266762416E1,-2.990614176E-1,-2.795409679E0,-1.737930298E0
1.267552822E1,-6.042904258E-1,-2.820375443E0,-1.916276932E0
1.268346279E1,-8.607800007E-1,-2.837308168E0,-2.067057610E0
1.269142788E1,-1.045608044E0,-2.841388941E0,-2.362767696E0
1.269933193E1,-1.125221014E0,-2.787381887E0,-2.556905746E0
1.270720546E1,-1.167016983E0,-2.692729950E0,-2.484146595E0
1.271507900E1,-1.142824173E0,-2.562515736E0,-2.120582104E0
1.272301357E1,-1.133368373E0,-2.354830742E0,-1.583303452E0
1.273097866E1,-1.085240126E0,-2.081910849E0,-1.081631660E0
1.273891323E1,-9.460513592E-1,-1.813545942E0,-8.578128815E-1
1.274681728E1,-8.241096139E-1,-1.539148569E0,-9.203290939E-1
1.275478237E1,-6.241996884E-1,-1.252396584E0,-1.302128315E0
1.276271694E1,-4.712178707E-1,-1.110625029E0,-1.817966461E0
1.277068203E1,-3.344952166E-1,-9.630904198E-1,-2.562970638E0
1.277858608E1,-3.289096057E-1,-8.430345058E-1,-3.200509548E0
1.278652065E1,-3.717992008E-1,-7.201037407E-1,-3.413560867E0
1.279439418E1,-3.357750177E-1,-5.744760036E-1,-3.280271530E0
1.280232875E1,-3.512211740E-1,-4.026098251E-1,-2.935301781E0
1.281029384E1,-4.606509209E-1,-3.979220390E-1,-2.450707436E0
1.281825893E1,-4.336475432E-1,-3.261806965E-1,-1.653197289E0
1.282619350E1,-5.131222010E-1,-3.780763149E-1,-8.179864883E-1
1.283409755E1,-5.468881130E-1,-4.226937294E-1,2.234525681E-1
1.284200161E1,-6.263387799E-1,-4.127991199E-1,1.074711800E0
1.284996669E1,-6.539829969E-1,-3.581032753E-1,1.749384880E0
1.285790126E1,-6.215865612E-1,-2.616100311E-1,2.148991585E0
1.286583583E1,-5.326794982E-1,-1.039023399E-1,2.352648735E0
1.287373989E1,-3.122104406E-1,1.486847401E-1,2.455218315E0
1.288167446E1,-2.506244183E-1,3.814196587E-1,2.478859901E0
1.288963955E1,-1.388660073E-1,6.474671364E-1,2.311017990E0
1.289757412E1,-1.317752302E-1,8.360371590E-1,1.990406990E0
1.290556972E1,-1.824570596E-1,1.002216578E0,1.530477524E0
1.291350429E1,-3.944682479E-1,1.214434385E0,1.155727386E0
1.292143886E1,-4.900420606E-1,1.295301914E0,8.162975311E-1
1.292940395E1,-5.245416164E-1,1.193890572E0,5.688161850E-1
1.293730800E1,-6.150941253E-1,1.070483446E0,5.093688965E-1
1.294521206E1,-6.899524331E-1,9.561343193E-1,7.814874649E-1
1.295317714E1,-7.920406461E-1,6.968419552E-1,1.609399796E0
1.296108120E1,-8.829544187E-1,5.019588470E-1,2.797599792E0
1.296901577E1,-9.516069293E-1,3.602395058E-1,3.726348877E0
1.297698085E1,-9.526121616E-1,2.370467186E-1,4.471427917E0
1.298485439E1,-9.666100144E-1,1.966259480E-1,4.862696648E0
1.299275844E1,-9.415910840E-1,2.986402512E-1,4.999385834E0
1.300063198E1,-8.768389821E-1,4.297933578E-1,4.894761086E0
1.300859706E1,-9.816401005E-1,5.059423447E-1,4.450791359E0
1.301653164E1,-1.156589389E0,3.634898663E-1,3.696569443E0
1.302446621E1,-1.146770358E0,2.041869164E-1,2.891499519E0
1.303240078E1,-1.134299159E0,-1.925492287E-2,2.421285629E0
1.304030483E1,-1.213880301E0,-3.487420082E-1,2.066570282E0
1.304830043E1,-1.195915461E0,-7.435100079E-1,2.134026527E0
1.305626552E1,-1.265263438E0,-1.177835941E0,2.615543365E0
1.306416957E1,-1.244053125E0,-1.561382055E0,3.150991440E0
1.307213466E1,-1.295805693E0,-1.870345592E0,3.682659149E0
1.308006923E1,-1.486745834E0,-1.993965864E0,3.793423653E0
1.308803432E1,-1.775178075E0,-2.049506664E0,3.271004677E0
1.309593837E1,-2.079133034E0,-2.167286873E0,2.065716743E0
1.310387294E1,-2.276036739E0,-2.244433403E0,4.961452484E-1
1.311174648E1,-2.322165012E0,-2.083321571E0,-1.038298130E0
1.311968105E1,-2.377487421E0,-1.996874332E0,-2.019182205E0
1.312767666E1,-2.288611412E0,-1.918308020E0,-2.812537193E0
1.313564174E1,-2.242621899E0,-1.799582005E0,-3.175276756E0
1.314351528E1,-2.070392370E0,-1.771340847E0,-3.263689995E0
1.315141933E1,-1.723549008E0,-1.767134190E0,-3.189806938E0
1.315932338E1,-1.254804373E0,-1.782876730E0,-3.023206711E0
1.316728847E1,-7.383855581E-1,-1.809278727E0,-2.592232704E0
1.317522304E1,-3.593038619E-1,-1.796269655E0,-2.007790089E0
1.318315761E1,6.828925014E-2,-1.780596256E0,-1.392792702E0
1.319103115E1,4.733006954E-1,-1.771391153E0,-9.654073715E-1
1.319896572E1,7.707527876E-1,-1.777017117E0,-7.311840057E-1
1.320693080E1,8.885086179E-1,-1.715852976E0,-3.707618713E-1
1.321483486E1,9.959522486E-1,-1.659045696E0,1.428442001E-1
1.322270839E1,1.191482425E0,-1.589524269E0,4.747238159E-1
1.323061245E1,1.080707788E0,-1.563021421E0,2.945079803E-1
1.323851650E1,8.986217976E-1,-1.572472811E0,-5.142993927E-1
1.324648159E1,6.738926768E-1,-1.664051056E0,-1.940049648E0
1.325438564E1,5.750844479E-1,-1.736069918E0,-3.143299580E0
1.326225917E1,5.095819235E-1,-1.728024960E0,-3.869999409E0
1.327016323E1,4.388197362E-1,-1.757121325E0,-4.345722198E0
1.327806728E1,3.622692823E-1,-1.732070684E0,-4.664939404E0
1.328606289E1,2.875076234E-1,-1.690152168E0,-4.764365196E0
1.329396694E1,2.876918912E-1,-1.612313032E0,-4.430825710E0
1.330184047E1,1.810705662E-1,-1.469768286E0,-3.697795868E0
1.330974453E1,1.630225778E-1,-1.362185478E0,-3.024275780E0
1.331764858E1,1.765007675E-1,-1.192110300E0,-2.592361927E0
1.332564418E1,1.206475198E-1,-1.023805857E0,-1.800324917E0
1.333360927E1,7.172143459E-2,-9.096410275E-1,-1.137332439E0
1.334148281E1,-1.004522741E-1,-8.081634045E-1,-1.000288963E0
1.334938686E1,-4.018401206E-1,-7.206664085E-1,-1.278651237E0
1.335729091E1,-6.998447180E-1,-4.708912373E-1,-1.797229767E0
1.336525600E1,-9.701420069E-1,-2.565996647E-1,-2.037195206E0
1.337316005E1,-9.947511554E-1,3.488588333E-2,-1.881759644E0
1.338103359E1,-7.180580497E-1,3.753659725E-1,-1.233917713E0
1.338893764E1,-2.513906658E-1,6.754851341E-1,-1.589298248E-1
1.339681118E1,1.084370613E-1,9.213454723E-1,1.002207756E0
1.340477626E1,3.061118722E-1,1.073995352E0,2.287642479E0
1.341274135E1,3.677303195E-1,1.165488243E0,3.311051369E0
1.342061489E1,4.393062592E-1,1.188150883E0,3.966722488E0
1.342851894E1,4.751099944E-1,1.186382294E0,4.363622665E0
1.343645351E1,3.799043894E-1,1.211176634E0,4.564570427E0
1.344444912E1,2.480282187E-1,1.238636494E0,4.324748039E0
1.345235317E1,8.577352762E-2,1.232142925E0,3.824506760E0
1.346022670E1,-1.120032668E-1,1.082968473E0,3.403281212E0
1.346813076E1,-3.271579146E-1,1.014093399E0,2.999228477E0
1.347606533E1,-3.789355755E-1,9.633009434E-1,2.814960480E0
1.348406093E1,-2.405291796E-1,8.940570354E-1,2.927933693E0
1.349196499E1,1.520165801E-1,7.995107174E-1,3.390742302E0
1.349986904E1,5.606632233E-1,7.890231609E-1,3.878211021E0
1.350777309E1,1.128040314E0,8.938615322E-1,4.240593910E0
1.351564662E1,1.674250364E0,1.397355080E0,4.132192612E0
1.352358120E1,1.679363012E0,1.817848682E0,3.410313606E0
1.353154628E1,1.598504663E0,1.650126934E0,2.508700371E0
1.353941982E1,1.402741790E0,1.162722826E0,1.894821167E0
1.354732387E1,9.334644079E-1,2.453746796E-1,1.725124359E0
1.355522792E1,5.079442263E-1,-7.779386044E-1,1.920522690E0
1.356322353E1,7.850706577E-2,-1.704920292E0,2.397671700E0
1.357112758E1,-2.902190089E-1,-2.164263964E0,3.249549866E0
1.357903164E1,-7.157356739E-1,-2.365327835E0,4.322257996E0
1.358696621E1,-8.667145967E-1,-2.480844975E0,4.930549622E0
1.359490078E1,-7.232472897E-1,-2.476666451E0,4.908145905E0
1.360289638E1,-3.230069280E-1,-2.531702042E0,3.875715256E0
1.361086147E1,-5.036014318E-2,-2.582609177E0,2.210362434E0
1.361873500E1,-4.529660940E-2,-2.368955612E0,3.054676056E-1
1.362663906E1,-1.083426476E-1,-2.054086685E0,-1.278309822E0
1.363454311E1,-1.386482716E-1,-1.752010822E0,-2.716092110E0
1.364250820E1,-1.665279269E-1,-1.570214748E0,-3.483554363E0
1.365044277E1,-3.609305620E-2,-1.457434416E0,-3.723104000E0
1.365837734E1,1.754581928E-2,-1.495674610E0,-3.705952644E0
1.366631191E1,5.254667997E-2,-1.564698696E0,-3.350978374E0
1.367421596E1,7.789826393E-2,-1.689317703E0,-3.007201672E0
1.368215053E1,9.189504385E-2,-1.820876837E0,-2.890134811E0
1.369011562E1,5.556792021E-2,-1.993993044E0,-2.620789051E0
1.369798916E1,9.849071503E-3,-2.073484898E0,-2.164764881E0
1.370592373E1,-4.759511054E-1,-1.918604374E0,-1.638876438E0
1.371382778E1,-1.382843256E-1,-2.125355005E0,-1.168106079E0
1.372179287E1,1.175006032E-1,-2.321099281E0,-7.564229965E-1
1.372966640E1,2.171724439E-1,-2.452516794E0,-1.096197128E0
1.373757045E1,-1.838108897E-1,-2.323367119E0,-1.446761608E0
1.374553554E1,-4.077443779E-1,-2.266436100E0,-1.682319641E0
1.375347011E1,-5.234280825E-1,-2.329140663E0,-2.040207386E0
1.376140468E1,-6.136094332E-1,-2.277123690E0,-2.329849720E0
1.376930874E1,-8.269748688E-1,-2.140528202E0,-2.578156948E0
1.377721279E1,-1.105153084E0,-1.816518068E0,-2.510743618E0
1.378517788E1,-1.173061728E0,-1.485911131E0,-2.020271301E0
1.379311245E1,-1.014143705E0,-1.248223782E0,-1.174302101E0
1.380110805E1,-6.975515485E-1,-1.059266329E0,-4.047956467E-1
1.380907314E1,-3.818892837E-1,-8.582832813E-1,1.028003693E-1
1.381694667E1,-9.708362818E-2,-5.438985825E-1,1.453485489E-1
1.382488124E1,6.905531883E-2,-3.145470619E-1,-3.561086655E-1
1.383281582E1,7.875627279E-2,-1.467986107E-1,-9.375867844E-1
1.384081142E1,6.137713790E-2,8.107113838E-2,-1.701443672E0
1.384877651E1,-7.475304604E-2,2.552435398E-1,-2.387634277E0
1.385668056E1,-1.834197640E-1,4.130396843E-1,-3.018802643E0
1.386461513E1,-5.533351898E-1,5.396246910E-1,-3.262180328E0
1.387254970E1,-4.097498655E-1,5.435786247E-1,-3.086032391E0
1.388051479E1,-8.217108250E-1,7.166430950E-1,-2.459618568E0
1.388841884E1,-9.600408077E-1,6.862576008E-1,-1.358703136E0
1.389629238E1,-9.384259582E-1,6.698000431E-1,3.819866180E-1
1.390419643E1,-7.320454121E-1,5.872764587E-1,2.401254654E0
1.391210048E1,-4.469819963E-1,5.878596306E-1,4.103975296E0
1.392003505E1,-2.793472409E-1,6.478710175E-1,5.160946846E0
1.392800014E1,-1.701115072E-1,7.691059113E-1,5.681076050E0
1.393587368E1,-1.926017106E-1,8.224725723E-1,5.346813202E0
1.394377773E1,-2.196915448E-1,8.006079197E-1,4.760166168E0
1.395168178E1,-3.382790685E-1,7.321512699E-1,4.038213730E0
1.395967739E1,-7.153080702E-1,5.602872372E-1,3.134389877E0
1.396761196E1,-9.569957256E-1,4.907557964E-1,2.141215324E0
1.397554653E1,-1.234188080E0,3.503389359E-1,1.441565514E0
1.398342006E1,-1.417841196E0,1.694033146E-1,9.403104782E-1
1.399135463E1,-1.677605271E0,3.242135048E-2,9.691390991E-1
1.399931972E1,-1.830864668E0,2.583980560E-3,1.722452164E0
1.400728481E1,-1.853775501E0,-9.660673141E-2,2.492607117E0
1.401518886E1,-1.567994595E0,-1.610918045E-1,3.165882111E0
1.402312343E1,-1.116114736E0,2.969384193E-2,3.657890320E0
1.403105800E1,-8.982482553E-1,3.215539455E-1,3.936614990E0
1.403902309E1,-8.859588504E-1,2.511551380E-1,4.386722565E0
1.404692714E1,-9.161408544E-1,9.969663620E-2,4.399489403E0
1.405483120E1,-8.123444915E-1,-2.095189095E-1,3.760251045E0
1.406279628E1,-7.756759524E-1,-4.845323563E-1,2.953659058E0
1.407073085E1,-7.477417588E-1,-9.418079853E-1,2.447247505E0
1.407869594E1,-7.782685161E-1,-1.408936024E0,2.333360672E0
1.408666103E1,-7.615687251E-1,-1.721314669E0,2.346471786E0
1.409456508E1,-6.186841130E-1,-1.815085411E0,2.435925484E0
1.410253017E1,-5.205993056E-1,-1.783581734E0,2.641271591E0
1.411046474E1,-4.395012259E-1,-1.683993578E0,2.681272507E0
1.411846035E1,-4.787079096E-1,-1.538751364E0,2.106418610E0
1.412642543E1,-7.224440575E-1,-1.440351486E0,1.496062279E0
1.413429897E1,-5.612305403E-1,-1.253881454E0,2.838230133E-1
1.414220302E1,-9.621080160E-1,-1.165434361E0,-8.612995148E-1
1.415010707E1,-7.993962169E-1,-1.140863895E0,-1.699891090E0
1.415810268E1,-7.603619099E-1,-1.248983383E0,-2.650119781E0
1.416600673E1,-5.583465695E-1,-1.353014231E0,-2.915874481E0
1.417388027E1,-4.160838723E-1,-1.528538465E0,-2.834181309E0
1.418184536E1,-3.554649949E-1,-1.693109512E0,-2.456676483E0
1.418974941E1,-2.641964555E-1,-1.894425631E0,-1.942227840E0
1.419771450E1,-8.044803143E-2,-2.006645203E0,-1.481688023E0
1.420558803E1,8.114260435E-2,-2.069226503E0,-1.213265419E0
1.421346157E1,2.613211870E-1,-2.048075199E0,-1.041436195E0
1.422136562E1,4.158141017E-1,-1.978371620E0,-1.049189568E0
1.422926967E1,5.322437286E-1,-1.926337838E0,-1.202260494E0
1.423723476E1,5.163137317E-1,-1.866882205E0,-1.363644123E0
1.424519985E1,4.673426747E-1,-1.837297320E0,-1.726736546E0
1.425307338E1,4.847659469E-1,-1.821172833E0,-2.185139656E0
1.426100795E1,5.124619007E-1,-1.790122390E0,-2.591343880E0
1.426891201E1,4.644166827E-1,-1.740481734E0,-3.017731190E0
1.427690761E1,5.225071907E-1,-1.705587506E0,-3.318374157E0
1.428484218E1,5.419760346E-1,-1.638668299E0,-3.625532627E0
1.429274624E1,5.631687045E-1,-1.569489002E0,-3.729073048E0
1.430068080E1,5.271310806E-1,-1.513589859E0,-3.658180237E0
1.430861538E1,4.896180332E-1,-1.408470631E0,-3.475145817E0
1.431658046E1,4.416019022E-1,-1.231092453E0,-3.294444084E0
1.432454555E1,3.910597563E-1,-1.135655642E0,-3.106029510E0
1.433241909E1,3.450328708E-1,-1.036749125E0,-2.904766083E0
1.434032314E1,4.012193084E-1,-8.728113174E-1,-2.458154678E0
1.434819667E1,3.248799145E-1,-7.249236107E-1,-1.869329929E0
1.435619228E1,1.462028027E-1,-4.320571423E-1,-1.214301586E0
1.436415737E1,-9.420329332E-2,-2.310330868E-1,-1.030136108E0
1.437206142E1,-2.952495217E-1,-8.276128769E-2,-1.202296734E0
1.437999599E1,-3.242914975E-1,1.318547726E-1,-1.328401566E0
1.438793056E1,-4.121466279E-1,3.506443501E-1,-1.328806400E0
1.439592617E1,-3.579052389E-1,5.520980358E-1,-1.290534019E0
1.440379970E1,-2.632706463E-1,5.984027386E-1,-1.099981785E0
1.441173427E1,-2.260473073E-1,6.535477638E-1,-7.504930496E-1
1.441960781E1,-4.048712254E-1,7.062325478E-1,-2.064132690E-1
1.442760341E1,-4.180101454E-1,8.392682076E-1,6.179418564E-1
1.443559902E1,-4.805515409E-1,9.356148243E-1,1.539234161E0
1.444350307E1,-4.404918849E-1,9.163477421E-1,2.322931290E0
1.445140712E1,-3.180440664E-1,8.720088005E-1,3.372373581E0
1.445931118E1,-1.785809994E-1,9.972023964E-1,4.089623451E0
1.446718471E1,-1.923186183E-1,1.047142267E0,4.425449371E0
1.447518032E1,-1.382743120E-1,1.146261215E0,4.535436630E0
1.448308437E1,-3.515547514E-2,1.157706499E0,4.302379608E0
1.449095790E1,1.783481836E-1,1.058021784E0,3.962944984E0
1.449889248E1,3.872259855E-1,9.722499847E-1,3.719408035E0
1.450682705E1,7.248405218E-1,9.402687550E-1,3.578351021E0
1.451479213E1,9.725011587E-1,9.666342735E-1,3.560482025E0
1.452266567E1,1.279407740E0,1.191941261E0,3.592041969E0
1.453056972E1,1.723451376E0,1.821748018E0,3.433898926E0
1.453853481E1,1.924611330E0,2.218291521E0,3.091478348E0
1.454646938E1,1.938512564E0,1.937106848E0,2.675194740E0
1.455443447E1,1.778368831E0,1.332454681E0,2.516659737E0
1.456239956E1,1.396961689E0,4.946842194E-1,2.793787003E0
1.457027309E1,1.007078886E0,-3.378005028E-1,3.524375916E0
1.457817714E1,5.267739296E-1,-1.179488897E0,4.372642517E0
1.458608120E1,1.585031748E-1,-1.726021290E0,5.125306129E0
1.459407680E1,-3.583621979E-1,-1.990178704E0,5.919610023E0
1.460198085E1,-6.519145370E-1,-1.997242570E0,6.257433891E0
1.460985439E1,-5.980888009E-1,-2.049485207E0,5.890041351E0
1.461775844E1,-2.545520067E-1,-2.133220911E0,4.678056717E0
1.462569301E1,-2.477927804E-1,-1.968312860E0,3.002232552E0
1.463368862E1,3.502135277E-1,-2.077236652E0,1.259140015E0
1.464165371E1,1.680412292E-1,-1.774003267E0,-3.352832794E-2
1.464952724E1,4.935556650E-2,-1.684896231E0,-9.254846573E-1
1.465743129E1,-1.612569690E-1,-1.648554802E0,-1.689105511E0
1.466533535E1,-3.693438172E-1,-1.546278954E0,-1.893175125E0
1.467333095E1,-4.085939527E-1,-1.500414371E0,-1.850029469E0
1.468123500E1,-5.096558332E-1,-1.560582161E0,-1.974906445E0
1.468910854E1,-5.048905015E-1,-1.757086992E0,-1.865018368E0
1.469701259E1,-3.636659086E-1,-1.959594488E0,-1.834588051E0
1.470494716E1,-3.969279528E-1,-2.121500492E0,-2.002542496E0
1.471291225E1,-2.451964021E-1,-2.340178967E0,-2.162995815E0
1.472081630E1,-2.818630636E-1,-2.513462543E0,-2.275862694E0
1.472872036E1,-3.606402874E-1,-2.524916172E0,-2.355944633E0
1.473665493E1,-5.374411345E-1,-2.603125095E0,-2.541785717E0
1.474458950E1,-7.995315790E-1,-2.680790663E0,-2.622900009E0
1.475255458E1,-9.359623194E-1,-2.645299673E0,-2.707082748E0
1.476045864E1,-1.105183959E0,-2.596106768E0,-2.954596996E0
1.476839321E1,-1.295256019E0,-2.457364082E0,-2.989357948E0
1.477629726E1,-1.409253836E0,-2.176344395E0,-3.058200359E0
1.478420131E1,-1.475173354E0,-1.869502425E0,-3.004890919E0
1.479219692E1,-1.645064831E0,-1.589200974E0,-2.913407326E0
1.480010097E1,-1.615826607E0,-1.377454519E0,-2.701867104E0
1.480800502E1,-1.505715013E0,-1.236520767E0,-2.394043446E0
1.481593959E1,-1.288362741E0,-1.154119253E0,-1.945991516E0
1.482387416E1,-9.163131714E-1,-1.062164545E0,-1.270846844E0
1.483186977E1,-6.700072289E-1,-9.009850025E-1,-9.853067398E-1
1.483983486E1,-5.657921433E-1,-8.643879890E-1,-1.309296608E0
1.484773891E1,-4.460442960E-1,-6.675426960E-1,-1.913213253E0
1.485567348E1,-4.453188777E-1,-5.119326115E-1,-2.783437729E0
1.486360805E1,-4.313228130E-1,-3.325417042E-1,-3.513952255E0
1.487160366E1,-4.788001776E-1,-2.226228714E-1,-3.873029232E0
1.487956874E1,-5.847505927E-1,-9.437274933E-2,-3.862360477E0
1.488744228E1,-5.571867228E-1,5.821013451E-2,-3.403050900E0
1.489534633E1,-5.080635548E-1,1.766021252E-1,-2.607335567E0
1.490325039E1,-5.549366474E-1,2.202348709E-1,-1.512280941E0
1.491121547E1,-5.302588344E-1,3.901484013E-1,-8.240127563E-2
1.491921108E1,-5.020255446E-1,5.969710350E-1,1.226364136E0
1.492714565E1,-4.793453813E-1,7.094509602E-1,2.305787086E0
1.493504970E1,-2.179290354E-1,7.571954727E-1,2.973344803E0
1.494295375E1,-2.013824135E-2,9.003674984E-1,3.306853294E0
1.495094936E1,-3.214299679E-3,9.583759308E-1,3.530456543E0
1.495885341E1,-1.791693270E-2,1.016248703E0,3.467908859E0
1.496675746E1,-2.409398556E-2,9.111967087E-1,2.992256165E0
1.497466152E1,-3.475245833E-2,8.205440044E-1,2.510696411E0
1.498256557E1,-1.553166509E-1,7.889823914E-1,2.002167702E0
1.499053066E1,-2.819197476E-1,5.837628841E-1,1.923033714E0
1.499849575E1,-2.906169593E-1,4.009325504E-1,2.298586845E0
1.500636928E1,-4.614411592E-1,1.571526527E-1,2.726407051E0
1.501427333E1,-4.833568037E-1,1.604700089E-2,3.093589783E0
1.502217739E1,-6.119961739E-1,4.678130150E-2,3.589363098E0
1.503017299E1,-7.169873118E-1,3.045649529E-1,4.059291840E0
1.503807705E1,-9.478248358E-1,1.350491047E-1,4.658137321E0
1.504595058E1,-8.375711441E-1,-3.179173470E-1,5.024109840E0
1.505385463E1,-5.626096129E-1,-7.327406406E-1,5.264313698E0
1.506175869E1,-5.745785236E-1,-1.050337791E0,5.199311256E0
1.506975429E1,-7.049927711E-1,-1.294512510E0,4.739217758E0
1.507765834E1,-6.995008588E-1,-1.441324949E0,4.089520454E0
1.508553188E1,-6.641671062E-1,-1.784284115E0,3.768363953E0
1.509343593E1,-6.173257828E-1,-1.787066221E0,3.864445686E0
1.510133999E1,-6.895617843E-1,-1.736344099E0,3.821640015E0
1.510927456E1,-7.117077112E-1,-1.648558855E0,3.417182922E0
1.511723964E1,-7.141015530E-1,-1.569044113E0,2.865502357E0
1.512511318E1,-9.011055231E-1,-1.448066950E0,2.130062103E0
1.513301723E1,-1.150825620E0,-1.371718645E0,1.206291199E0
1.514092128E1,-1.318576217E0,-1.301478148E0,-3.751182556E-2
1.514891689E1,-1.533170819E0,-1.240799665E0,-1.119174004E0
1.515682094E1,-1.634026051E0,-1.220494270E0,-1.601685047E0
1.516469448E1,-1.701716661E0,-1.366998434E0,-1.755797386E0
1.517259853E1,-1.773692727E0,-1.435709953E0,-1.450769901E0
1.518050258E1,-1.692816257E0,-1.506699085E0,-8.110504150E-1
1.518843715E1,-1.451002955E0,-1.627379656E0,-1.554660797E-1
1.519634121E1,-1.085115433E0,-1.720351934E0,3.683757782E-1
1.520424526E1,-7.859233618E-1,-1.765306950E0,4.912996292E-1
1.521214931E1,-5.940957665E-1,-1.764793158E0,2.931566238E-1
1.522003399E1,-3.360733688E-1,-1.714924097E0,-5.417251587E-2
1.522802960E1,-1.350255907E-1,-1.615676880E0,-4.204893112E-1
1.523599469E1,7.090270519E-4,-1.485880375E0,-7.379875183E-1
1.524386822E1,1.073909849E-1,-1.384523392E0,-1.054947853E0
1.525180279E1,2.584957480E-1,-1.309788465E0,-1.622563362E0
1.525973736E1,3.615805805E-1,-1.279352903E0,-2.246543407E0
1.526773297E1,5.321341157E-1,-1.303554058E0,-2.887750626E0
1.527563702E1,6.519199014E-1,-1.313603640E0,-3.360113621E0
1.528354107E1,7.381118536E-1,-1.324119568E0,-3.767457485E0
1.529150616E1,6.498973370E-1,-1.350602865E0,-4.045653820E0
1.529944073E1,5.154299736E-1,-1.450721502E0,-4.152517319E0
1.530740582E1,4.318564534E-1,-1.534025192E0,-4.264979839E0
1.531530987E1,3.915786445E-1,-1.605494022E0,-4.174639225E0
1.532321393E1,3.043373227E-1,-1.653122187E0,-3.934158325E0
1.533111798E1,2.962035239E-1,-1.712770462E0,-3.681445599E0
1.533905255E1,2.564766407E-1,-1.582693577E0,-3.537934780E0
1.534704815E1,2.275638878E-1,-1.586804390E0,-3.428219795E0
1.535501324E1,1.906969249E-1,-1.439741135E0,-3.371610165E0
1.536288678E1,1.237248778E-1,-1.216827631E0,-3.334214211E0
1.537079083E1,5.494856834E-2,-9.751217365E-1,-3.420142174E0
1.537869488E1,5.058774352E-2,-7.804455757E-1,-3.333000183E0
1.538665997E1,-5.106630921E-2,-6.117067337E-1,-3.111979961E0
1.539462506E1,-1.451565325E-1,-4.436774254E-1,-2.582854271E0
1.540249859E1,-2.723612189E-1,-3.976285458E-1,-1.959096432E0
1.541040265E1,-3.331913948E-1,-2.888731956E-1,-1.195466042E0
1.541830670E1,-4.511540234E-1,-1.971585751E-1,-4.903202057E-1
1.542630230E1,-5.108813047E-1,-1.058564186E-1,2.976112366E-1
1.543417584E1,-6.351135969E-1,1.265840530E-1,1.084428787E0
1.544207989E1,-8.365678787E-1,4.033648968E-1,1.705563545E0
1.544998394E1,-8.875464201E-1,6.399343014E-1,2.178238869E0
1.545785748E1,-6.981176138E-1,8.086719513E-1,2.400298119E0
1.546579205E1,-3.222375512E-1,9.159526825E-1,2.359287262E0
1.547372662E1,-1.676322818E-1,1.051682949E0,2.158570290E0
1.548160016E1,2.926498652E-2,1.156781435E0,1.905376434E0
1.548950421E1,2.036858797E-1,1.051331520E0,1.991556168E0
1.549740826E1,2.874190807E-1,9.034972191E-1,2.234043121E0
1.550537335E1,3.126828074E-1,8.036344051E-1,2.714379311E0
1.551327740E1,4.513616562E-1,7.691295147E-1,3.618978500E0
1.552115094E1,6.171157360E-1,8.100588322E-1,4.466269493E0
1.552905499E1,8.868641257E-1,9.676730633E-1,5.059304237E0
1.553695904E1,1.169911146E0,1.416451693E0,5.597887039E0
1.554495465E1,1.214943647E0,1.708696365E0,5.525859833E0
1.555288922E1,1.322917938E0,1.629691839E0,5.097412109E0
1.556082379E1,1.544780970E0,1.322810888E0,4.419722557E0
1.556869732E1,1.453507662E0,9.248478413E-1,3.752581596E0
1.557663189E1,1.062861204E0,4.885737896E-1,3.319542885E0
1.558459698E1,6.635048985E-1,3.990077972E-2,3.379701614E0
1.559256207E1,2.957040668E-1,-6.004171371E-1,3.772386551E0
1.560043560E1,3.659820557E-2,-9.580786228E-1,4.344751358E0
1.560833966E1,-2.321035266E-1,-1.127784014E0,4.702659607E0
1.561621319E1,-1.586917639E-1,-1.252997398E0,4.970351219E0
1.562417828E1,-2.443492413E-3,-1.402009010E0,4.744736671E0
1.563214337E1,1.363876462E-1,-1.501993895E0,3.815211296E0
1.564001690E1,2.736660838E-1,-1.454638243E0,2.791133881E0
1.564792096E1,4.380581975E-1,-1.439313889E0,1.444025040E0
1.565582501E1,5.227369070E-1,-1.455271959E0,3.998136520E-1
1.566375958E1,5.963048339E-1,-1.562010527E0,-2.623710632E-1
1.567169415E1,6.713367701E-1,-1.656998873E0,-6.066970825E-1
1.567956768E1,6.757037640E-1,-1.829275131E0,-8.005781174E-1
1.568747174E1,5.659112334E-1,-1.908314705E0,-8.274660110E-1
1.569537579E1,4.191628098E-1,-2.019146442E0,-8.662176132E-1
1.570337140E1,2.580000162E-1,-2.149486542E0,-8.823099136E-1
1.571127545E1,1.409820318E-1,-2.241132736E0,-9.682855606E-1
1.571917950E1,-1.861751080E-2,-2.237346172E0,-1.140517712E0
1.572708355E1,-1.146274507E-1,-2.192499638E0,-1.216911793E0
1.573498761E1,-1.821825504E-1,-2.160176039E0,-1.374315739E0
1.574298321E1,-2.608531415E-1,-2.170254946E0,-1.645865440E0
1.575085675E1,-4.144441485E-1,-2.152306318E0,-1.916148186E0
1.575876080E1,-5.592092276E-1,-2.184402466E0,-2.295692921E0
1.576666485E1,-6.953067780E-1,-2.140386581E0,-2.837021828E0
1.577456890E1,-7.786444426E-1,-2.153627872E0,-3.276974201E0
1.578256451E1,-8.939188719E-1,-2.198729515E0,-3.691757202E0
1.579052960E1,-1.117483854E0,-2.193024158E0,-4.232599258E0
1.579840313E1,-1.187904835E0,-2.003414631E0,-4.437888622E0
1.580630719E1,-1.322467685E0,-1.812556982E0,-4.289967537E0
1.581421124E1,-1.367478490E0,-1.500085354E0,-3.690939426E0
1.582214581E1,-1.222770333E0,-1.187190294E0,-2.898779869E0
1.583001934E1,-1.008369803E0,-9.634084702E-1,-2.091780663E0
1.583795392E1,-8.410123587E-1,-7.059087753E-1,-1.587003708E0
1.584588849E1,-7.778580189E-1,-4.939391613E-1,-1.362086296E0
1.585382306E1,-5.633065104E-1,-2.946496010E-1,-1.609064102E0
1.586178814E1,-4.157198071E-1,-1.222102642E-1,-2.115788460E0
1.586969220E1,-3.268752694E-1,5.879807472E-2,-2.640263081E0
1.587756573E1,-1.483952105E-1,1.824700832E-1,-3.258741379E0
1.588546978E1,-2.854973078E-2,2.685782909E-1,-3.625164032E0
1.589337384E1,4.448825121E-2,3.059799671E-1,-3.526254654E0
1.590136944E1,2.539607882E-2,3.074100018E-1,-3.213716030E0
1.590927350E1,-8.320784569E-2,2.808547020E-1,-2.685480595E0
1.591717755E1,-2.315186858E-1,3.222198486E-1,-1.698433399E0
1.592511212E1,-3.196620941E-1,3.558807373E-1,-5.631942749E-1
1.593304669E1,-3.472605348E-1,3.976674080E-1,8.930740356E-1
1.594101178E1,-2.549915314E-1,4.231686592E-1,2.262166977E0
1.594888531E1,-8.950330317E-2,4.726049900E-1,3.280549049E0
1.595681988E1,-2.863236517E-2,6.998968124E-1,4.052841187E0
1.596469342E1,-1.359476745E-1,9.144697189E-1,4.097840309E0
1.597262799E1,-9.486410022E-2,1.033108950E0,3.754439354E0
1.598056256E1,-1.438061148E-1,9.855902195E-1,3.279169083E0
1.598852765E1,-1.709356606E-1,1.014006853E0,2.732361794E0
1.599643170E1,-2.320987284E-1,1.012843847E0,2.089195251E0
1.600433575E1,-2.472509742E-1,9.858856201E-1,1.573030472E0
1.601223980E1,-3.460231125E-1,8.438279629E-1,1.131787300E0
1.602023541E1,-4.987282753E-1,6.398978233E-1,9.411811829E-1
1.602813946E1,-5.063127279E-1,4.577455521E-1,1.179689407E0
1.603601300E1,-5.441067815E-1,3.603186607E-1,1.970166206E0
1.604394757E1,-5.444643497E-1,3.754363060E-1,2.894125938E0
1.605185162E1,-4.885941148E-1,5.326030254E-1,3.346659660E0
1.605981671E1,-5.150094628E-1,6.405456066E-1,3.685288429E0
1.606769024E1,-5.050280690E-1,5.427408218E-1,4.000299454E0
1.607559430E1,-4.545568228E-1,3.066220284E-1,4.097359657E0
1.608349835E1,-5.314942598E-1,6.127429008E-2,3.860305786E0
1.609140240E1,-5.083845854E-1,-2.236785889E-1,3.333882332E0
1.609936749E1,-3.280288577E-1,-7.658874989E-1,2.845940590E0
1.610733258E1,-1.690413952E-1,-1.268633366E0,2.858696938E0
1.611520611E1,-4.238504171E-2,-1.577928543E0,3.069989204E0
1.612311016E1,5.462944508E-3,-1.636711121E0,3.307438850E0
1.613101422E1,-4.885435104E-2,-1.485272169E0,3.480706215E0
1.613900982E1,-2.710807920E-1,-1.180299282E0,3.330391884E0
1.614691388E1,-2.752520442E-1,-9.891152382E-1,2.657914162E0
1.615478741E1,-2.701793313E-1,-8.473579884E-1,1.455219269E0
1.616269146E1,-4.750127196E-1,-7.645792961E-1,1.475286484E-1
1.617062603E1,-7.272932529E-1,-7.710504532E-1,-1.011245728E0
1.617859112E1,-9.048093557E-1,-9.147453308E-1,-2.240706444E0
1.618649518E1,-1.118181705E0,-1.015798569E0,-2.850030422E0
1.619442974E1,-1.226130724E0,-1.171686172E0,-2.635883808E0
1.620233380E1,-1.316472530E0,-1.258230448E0,-2.097310066E0
1.621026837E1,-1.368620872E0,-1.472922087E0,-1.286830902E0
1.621823346E1,-1.298608899E0,-1.618715048E0,-5.060539246E-1
1.622625958E1,-1.170817256E0,-1.693353057E0,9.843540192E-2
1.623419415E1,-9.500302076E-1,-1.734827757E0,3.573751450E-1
1.624206768E1,-6.299352050E-1,-1.706099033E0,4.672069550E-1
1.625003277E1,-3.471750319E-1,-1.578477502E0,3.379516602E-1
1.625802838E1,-1.735811234E-1,-1.457886696E0,-2.536296844E-2
1.626590191E1,-1.593735516E-1,-1.363922358E0,-5.274686813E-1
1.627383648E1,-1.244144738E-1,-1.298702717E0,-1.255642414E0
1.628177105E1,-1.439311951E-1,-1.296300650E0,-1.965586185E0
1.628967511E1,-1.231140643E-1,-1.301287651E0,-2.544185162E0
1.629760968E1,-6.187886000E-3,-1.340616703E0,-3.012176991E0
1.630554425E1,1.958174706E-1,-1.366808891E0,-3.207521915E0
1.631341778E1,4.138914943E-1,-1.339738846E0,-3.197943687E0
1.632132184E1,5.154386759E-1,-1.288480282E0,-3.150907040E0
1.632922589E1,7.462010980E-1,-1.280632496E0,-2.939299583E0
1.633719098E1,9.261904359E-1,-1.151828766E0,-2.627433777E0
1.634509503E1,9.239832759E-1,-1.064232588E0,-2.288869858E0
1.635302960E1,9.391556978E-1,-8.888745308E-1,-2.133319378E0
1.636093365E1,9.776472449E-1,-8.052296638E-1,-1.830413818E0
1.636883770E1,9.081430435E-1,-7.757031918E-1,-1.600215435E0
1.637680279E1,6.785709858E-1,-7.085123062E-1,-1.585066795E0
1.638470684E1,3.526812494E-1,-5.457546711E-1,-1.914426327E0
1.639258038E1,2.481967211E-2,-4.416632652E-1,-2.394890785E0
1.640048443E1,-1.405779570E-1,-3.165647984E-1,-2.668480396E0
1.640838848E1,-3.080095649E-1,-3.050079346E-1,-2.662428856E0
1.641638409E1,-3.054686785E-1,-1.747722626E-1,-2.308104515E0
1.642428814E1,-2.355386615E-1,-1.742267609E-2,-1.575876236E0
1.643216168E1,-1.928312778E-1,1.581141949E-1,-6.710672379E-1
1.644006573E1,-2.557724714E-3,4.052810669E-1,6.199960709E-1
1.644796978E1,1.308700442E-1,6.746437550E-1,1.724094391E0
1.645596539E1,2.303571999E-1,9.395816326E-1,2.456274986E0
1.646386944E1,2.427377105E-1,1.092783213E0,2.701615334E0
1.647177350E1,1.669907570E-1,1.181143045E0,2.632068634E0
1.647967755E1,8.503925800E-2,1.205712318E0,2.364605904E0
1.648758160E1,-2.823793888E-2,1.200632095E0,2.088173866E0
1.649554669E1,-1.545949578E-1,1.146806479E0,1.633583069E0
1.650348126E1,-1.671431661E-1,1.062270403E0,1.212652206E0
1.651141583E1,-1.685881019E-1,9.336745739E-1,1.067503929E0
1.651928936E1,-1.250229478E-1,8.255953789E-1,1.048797607E0
1.652722393E1,6.039133668E-2,7.279846668E-1,1.237316132E0
1.653518902E1,3.848537207E-1,7.273633480E-1,1.801462173E0
1.654315411E1,8.135414124E-1,8.334445953E-1,2.606513023E0
1.655102764E1,1.264699459E0,1.197334528E0,3.078845978E0
1.655893170E1,1.783221483E0,1.712860584E0,3.092123985E0
1.656683575E1,2.057163477E0,1.961690664E0,3.106465340E0
1.657483136E1,2.293834448E0,1.817004442E0,3.228500366E0
1.658273541E1,2.519635677E0,1.467074394E0,3.546415329E0
1.659060894E1,2.236873150E0,8.723316193E-1,3.866228104E0
1.659851300E1,1.752542377E0,2.821269035E-1,4.142471313E0
1.660641705E1,9.604690671E-1,-3.726985455E-1,4.286299706E0
1.661441266E1,5.013095140E-1,-1.049331665E0,4.529516220E0
1.662231671E1,1.030904651E-1,-1.438682556E0,5.089436531E0
1.663019024E1,-6.583416462E-2,-1.571841717E0,5.440967560E0
1.663809430E1,-3.924185038E-2,-1.658735156E0,5.334549904E0
1.664602887E1,1.422771811E-1,-1.704410434E0,4.526677132E0
1.665399395E1,2.784781456E-1,-1.751385331E0,3.148739815E0
1.666186749E1,3.916743994E-1,-1.727724671E0,1.771670341E0
1.666980206E1,4.143238664E-1,-1.606977940E0,2.847785950E-1
1.667767560E1,3.865216374E-1,-1.535206556E0,-9.380617142E-1
1.668561016E1,3.623789549E-1,-1.505570889E0,-1.483372211E0
1.669357525E1,3.397391438E-1,-1.487544298E0,-1.687153816E0
1.670154034E1,2.780941725E-1,-1.489937544E0,-1.506693363E0
1.670941388E1,2.611020207E-1,-1.514940023E0,-1.263514519E0
1.671731793E1,2.278109789E-1,-1.638142824E0,-1.263804436E0
1.672519146E1,8.249652386E-2,-1.761617184E0,-1.207141399E0
1.673318707E1,-5.126780272E-2,-1.840779901E0,-1.161609650E0
1.674106060E1,2.266615629E-3,-1.954653502E0,-1.152265549E0
1.674899518E1,4.743936658E-2,-2.021902800E0,-1.236440182E0
1.675686871E1,1.954547167E-1,-2.068411350E0,-1.316104889E0
1.676480328E1,9.253507853E-2,-2.050326347E0,-1.519932747E0
1.677276837E1,1.339025497E-1,-1.962468147E0,-1.761834621E0
1.678067242E1,4.549318552E-2,-1.898571491E0,-2.053725243E0
1.678854596E1,-1.390587837E-1,-1.818298340E0,-2.474503517E0
1.679648053E1,-2.046830505E-1,-1.752367616E0,-3.033924103E0
1.680438458E1,-5.185523033E-1,-1.598550558E0,-2.933039188E0
1.681231915E1,-8.069642186E-1,-1.610257864E0,-2.851908207E0
1.682028424E1,-8.275392056E-1,-1.498473883E0,-2.851519108E0
1.682831036E1,-8.313571811E-1,-1.424379349E0,-2.967591286E0
1.683627545E1,-7.924047709E-1,-1.300732374E0,-2.946801186E0
1.684417950E1,-6.190528274E-1,-1.214767694E0,-2.925252914E0
1.685211407E1,-3.748733401E-1,-1.123436451E0,-2.965211868E0
1.686007916E1,-1.253996789E-1,-1.037888765E0,-2.984733582E0
1.686801373E1,-3.702054918E-2,-8.570342064E-1,-3.077426910E0
1.687597882E1,-1.062279940E-2,-6.458108425E-1,-3.276728630E0
1.688388287E1,5.833630264E-2,-4.209179878E-1,-3.498890877E0
1.689184796E1,1.021891832E-1,-2.595655918E-1,-3.550626278E0
1.689975201E1,1.211271062E-1,-1.102678776E-1,-3.504189968E0
1.690768658E1,1.156282127E-1,3.461766243E-2,-3.309454441E0
1.691562115E1,1.097907424E-1,1.892232895E-1,-3.126695633E0
1.692349469E1,7.426877320E-2,2.986183167E-1,-2.800322533E0
1.693145977E1,6.371990591E-2,4.325969219E-1,-2.272993088E0
1.693936383E1,9.719941020E-2,6.028037071E-1,-1.460780144E0
1.694729840E1,9.513400495E-2,6.146309376E-1,-6.363573074E-1
1.695523297E1,-4.468634725E-4,5.385897160E-1,1.984052658E-1
1.696313702E1,-1.050846130E-1,3.562848568E-1,7.329158783E-1
1.697110211E1,-2.233354449E-1,2.914712429E-1,1.159309387E0
1.697909771E1,-4.176216125E-1,3.517630100E-1,1.569994926E0
1.698697125E1,-6.137164831E-1,5.258235931E-1,2.271225929E0
1.699493634E1,-6.985313296E-1,6.802694798E-1,2.871605873E0
1.700284039E1,-6.367298365E-1,8.422679901E-1,3.039681435E0
1.701083600E1,-5.032455921E-1,9.756510258E-1,2.860048294E0
1.701874005E1,-3.163465858E-1,1.001305819E0,2.540138245E0
1.702661358E1,-9.435790777E-2,9.882059097E-1,2.160488129E0
1.703457867E1,6.441402435E-2,8.864524364E-1,1.746154785E0
1.704248272E1,-7.066011429E-3,7.795295715E-1,1.557251930E0
1.705044781E1,-1.352248788E-1,7.224781513E-1,1.846509933E0
1.705832135E1,-2.048743367E-1,6.714379787E-1,2.348845482E0
1.706622540E1,-2.428550720E-1,5.392441750E-1,2.855135918E0
1.707412945E1,-2.026560903E-1,4.874827862E-1,3.617337227E0
1.708203351E1,-1.456335783E-1,7.160193920E-1,4.269880295E0
1.708996808E1,-2.218431234E-2,1.179550409E0,4.537043571E0
1.709793316E1,-9.599107504E-2,1.242354155E0,4.640711784E0
1.710583722E1,-6.023991108E-2,7.667684555E-1,4.677049637E0
1.711374127E1,-2.012443542E-2,1.654424667E-1,4.342596054E0
1.712167584E1,-1.677484512E-1,-2.342772484E-1,3.599102020E0
1.712967144E1,-3.299983144E-1,-6.390244961E-1,2.768904686E0
1.713757550E1,-3.417618275E-1,-1.178907633E0,2.366112709E0
1.714544903E1,-2.903920412E-1,-1.573223710E0,2.396125793E0
1.715341412E1,-2.216634750E-1,-1.781713128E0,2.601764679E0
1.716131817E1,-2.706212401E-1,-1.819419742E0,2.702932358E0
1.716928326E1,-4.845954180E-1,-1.693743944E0,2.710011482E0
1.717715680E1,-7.490854263E-1,-1.652001858E0,2.365491867E0
1.718506085E1,-1.024791002E0,-1.606778026E0,1.527847290E0
1.719299542E1,-1.240729690E0,-1.504461765E0,3.786497116E-1
1.720089947E1,-1.395409584E0,-1.337116003E0,-5.240154266E-1
1.720883404E1,-1.479655743E0,-1.248151779E0,-1.240305424E0
1.721679913E1,-1.385376215E0,-1.061676025E0,-1.531105995E0
1.722467266E1,-1.194747686E0,-1.066487789E0,-1.414770603E0
1.723260724E1,-8.672958016E-1,-8.684277534E-1,-1.120681763E0
1.724054181E1,-5.773236156E-1,-7.112486362E-1,-8.170042038E-1
1.724847638E1,-1.390239000E-1,-7.052662373E-1,-7.061929703E-1
1.725641095E1,3.254609406E-1,-6.884624958E-1,-6.627655029E-1
1.726434552E1,5.530254841E-1,-7.372782230E-1,-6.749248505E-1
1.727224957E1,7.962027192E-1,-7.172415257E-1,-8.040571213E-1
1.728021466E1,8.548048735E-1,-7.431960106E-1,-1.032499313E0
1.728817974E1,8.478032947E-1,-7.343921661E-1,-1.199535370E0
1.729608380E1,7.122665644E-1,-7.549722195E-1,-1.378680706E0
1.730395733E1,6.243985891E-1,-8.016304970E-1,-1.575041771E0
1.731189190E1,4.906950295E-1,-9.105794430E-1,-1.798176765E0
1.731979596E1,4.493896365E-1,-1.020996094E0,-2.018861294E0
1.732776104E1,3.386262357E-1,-1.076156855E0,-2.362287998E0
1.733569561E1,1.537103951E-1,-1.083100319E0,-2.663341999E0
1.734359967E1,-3.922188282E-2,-1.068365812E0,-2.902872562E0
1.735153424E1,-1.209634542E-1,-1.089658976E0,-2.945242882E0
1.735943829E1,-7.471928000E-2,-1.192122579E0,-2.900771618E0
1.736740338E1,1.169451475E-1,-1.195332646E0,-3.039581776E0
1.737533795E1,3.484684229E-1,-1.226395965E0,-3.227444172E0
1.738327252E1,5.235471725E-1,-1.227240682E0,-3.471591949E0
1.739117657E1,5.920674801E-1,-1.076580763E0,-3.601655960E0
1.739908062E1,4.381174147E-1,-8.457202911E-1,-3.931316853E0
1.740707623E1,3.129739165E-1,-7.431857586E-1,-4.297579765E0
1.741498028E1,1.779679209E-1,-6.056492329E-1,-4.703677177E0
1.742288434E1,5.751125515E-2,-4.825947285E-1,-4.908817768E0
1.743081891E1,-1.732763201E-1,-3.524076939E-1,-4.711195469E0
1.743875348E1,-4.159283042E-1,-3.468120098E-1,-4.163583279E0
1.744674908E1,-5.674909353E-1,-2.741825581E-1,-3.093792915E0
1.745462262E1,-5.816612244E-1,-1.551105976E-1,-1.820940018E0
1.746255719E1,-4.671602547E-1,-6.227254868E-3,-8.199443817E-1
1.747043072E1,-2.696516514E-1,2.535538673E-1,1.302862167E-1
1.747833477E1,-3.268224001E-2,5.373532772E-1,9.060983658E-1
1.748633038E1,2.135384679E-1,8.757510185E-1,1.598784447E0
1.749426495E1,3.305032253E-1,1.162238359E0,2.026565552E0
1.750219952E1,4.423659444E-1,1.339596748E0,2.292580605E0
1.751007306E1,4.254128337E-1,1.369196177E0,2.158427238E0
1.751797711E1,4.434200525E-1,1.311572313E0,1.936785698E0
1.752597271E1,3.718485832E-1,1.243119717E0,1.781858444E0
1.753393780E1,3.207392097E-1,1.168826103E0,1.798242569E0
1.754187237E1,3.468477130E-1,1.117180347E0,2.061323166E0
1.754974591E1,3.360659480E-1,1.105075121E0,2.530349731E0
1.755768048E1,4.532645345E-1,1.235722542E0,3.380126953E0
1.756564556E1,4.725667834E-1,1.524121046E0,4.138991356E0
1.757354962E1,3.759787679E-1,1.554571152E0,4.612474442E0
1.758148419E1,3.911629319E-1,1.386874914E0,4.555242538E0
1.758935772E1,4.506104589E-1,9.378557205E-1,4.226037979E0
1.759726178E1,4.389042258E-1,3.636662960E-1,4.019248962E0
1.760525738E1,2.793813944E-1,-2.043273449E-1,4.055773735E0
1.761319195E1,2.341988087E-1,-7.830319405E-1,4.292276382E0
1.762106549E1,1.971186399E-1,-1.225053787E0,4.819611549E0
1.762903058E1,4.104412794E-1,-1.523914695E0,5.537104607E0
1.763693463E1,7.273169756E-1,-1.636805773E0,6.007775307E0
1.764489972E1,1.006175041E0,-1.605647802E0,6.184882164E0
1.765280377E1,1.151391745E0,-1.425260663E0,5.763978004E0
1.766070782E1,1.132585049E0,-1.261929870E0,4.742648125E0
1.766867291E1,9.316305518E-1,-1.158868194E0,3.526438713E0
1.767657696E1,6.291322708E-1,-9.813157320E-1,2.027394295E0
1.768454205E1,4.064552188E-1,-8.719367981E-1,5.269327164E-1
1.769241559E1,5.302820206E-1,-8.132910728E-1,-4.071254730E-1
1.770031964E1,7.579848766E-1,-7.728714943E-1,-8.766098022E-1
1.770822369E1,8.787450790E-1,-7.616801262E-1,-6.260528564E-1
1.771615826E1,1.004250407E0,-7.984383106E-1,-1.874971390E-1
1.772409283E1,1.316600084E0,-8.907885551E-1,1.682214737E-1
1.773205792E1,1.679871917E0,-1.074113369E0,2.527027130E-1
1.773996197E1,1.887176037E0,-1.264376521E0,3.365726471E-1
1.774789654E1,1.884298921E0,-1.396072030E0,4.799699783E-1
1.775580060E1,1.704460263E0,-1.502657652E0,5.320529938E-1
1.776376568E1,1.443251133E0,-1.569415212E0,3.854618073E-1
1.777173077E1,1.069732308E0,-1.520717740E0,-2.718925476E-3
1.777960431E1,7.486034632E-1,-1.489821076E0,-3.328371048E-1
1.778756939E1,3.130972981E-1,-1.471503854E0,-6.339511871E-1
1.779550396E1,-4.926964641E-2,-1.488667846E0,-1.087762833E0
1.780346905E1,-2.394512296E-1,-1.530487061E0,-1.726479053E0
1.781143414E1,-3.849906623E-1,-1.492213368E0,-2.414711475E0
1.781936871E1,-5.584911108E-1,-1.427530169E0,-3.216769218E0
1.782727276E1,-6.091173887E-1,-1.273008585E0,-3.948494434E0
1.783514630E1,-6.341147423E-1,-1.130668163E0,-4.402233601E0
1.784311139E1,-6.021681428E-1,-9.363464117E-1,-4.494613171E0
1.785098492E1,-5.442683101E-1,-6.855620146E-1,-4.383519173E0
1.785888897E1,-1.995686293E-1,-4.272553921E-1,-4.308140278E0
1.786685406E1,1.247268170E-1,-2.540538311E-1,-4.246590137E0
1.787475811E1,3.510919213E-1,-9.926581383E-2,-4.115072250E0
1.788269268E1,3.741366863E-1,6.335759163E-2,-3.825049400E0
1.789056622E1,3.054788113E-1,1.769936085E-1,-3.653883457E0
1.789847027E1,3.645786047E-1,2.154400349E-1,-3.515439987E0
1.790634381E1,2.674293518E-1,2.531123161E-1,-3.440895081E0
1.791424786E1,2.605733573E-1,2.419753075E-1,-3.260203838E0
1.792230450E1,3.791023493E-1,2.961375713E-1,-3.095817566E0
1.793030011E1,5.228100419E-1,3.754773140E-1,-2.648565292E0
1.793817364E1,5.198041201E-1,4.106435776E-1,-2.232050419E0
1.794610821E1,4.920668900E-1,5.157792568E-1,-1.920263767E0
1.795404278E1,3.811234832E-1,6.814210415E-1,-1.569519997E0
1.796203839E1,9.119480848E-1,6.564121246E-1,-1.118271828E0
1.796991192E1,-2.576990426E-1,1.100695372E0,-9.759140015E-2
1.797784649E1,3.597747684E-1,1.049834013E0,6.353921890E-1
1.798578106E1,6.277809143E-1,9.529271126E-1,1.253320694E0
1.799368512E1,7.123783827E-1,9.478378296E-1,2.423796654E0
1.800165020E1,6.155011058E-1,9.412772655E-1,3.508173943E0
1.800958477E1,5.283231735E-1,8.919723034E-1,4.122436523E0
1.801745831E1,4.005765021E-1,7.389612198E-1,4.179600716E0
1.802536236E1,-8.485603333E-2,5.988602638E-1,3.775011063E0
1.803326642E1,-5.558246970E-1,4.795494080E-1,2.870263100E0
1.804126202E1,-7.995232344E-1,3.833708763E-1,2.046337128E0
1.804919659E1,-1.006909847E0,2.405331135E-1,1.238904953E0
1.805707013E1,-9.381574392E-1,2.049679756E-1,7.979545593E-1
1.806500470E1,-8.494076729E-1,2.003760338E-1,1.003264427E0
1.807293927E1,-6.575700641E-1,2.896404266E-1,1.666385651E0
1.808090435E1,-4.858544469E-1,5.982143879E-1,2.371397018E0
1.808886944E1,-3.878318667E-1,6.522700787E-1,2.796072960E0
1.809677350E1,-1.656267047E-1,5.603911877E-1,3.012042046E0
1.810467755E1,-7.400828600E-2,1.693849564E-1,3.278786659E0
1.811261212E1,-8.775246143E-2,-4.513249397E-1,3.333873749E0
1.812057721E1,-2.878230810E-2,-1.277747869E0,3.394878387E0
1.812848126E1,-1.207981110E-1,-1.942482948E0,3.697969437E0
1.813635479E1,-4.331989288E-1,-2.328176975E0,4.596222878E0
1.814431988E1,-6.614302993E-1,-2.341734886E0,5.449989319E0
1.815222393E1,-8.036751747E-1,-2.140223503E0,5.816726685E0
1.816018902E1,-9.115345478E-1,-1.760862350E0,5.379753113E0
1.816806256E1,-8.997448087E-1,-1.472990036E0,4.064023972E0
1.817599713E1,-1.034475088E0,-1.410089850E0,2.051939964E0
1.818387066E1,-1.275594950E0,-1.327889919E0,6.334781647E-2
1.819177472E1,-1.610818267E0,-1.254706740E0,-2.164070129E0
1.819977032E1,-1.707228422E0,-1.132826567E0,-3.658887863E0
1.820770489E1,-1.772543192E0,-1.141389608E0,-3.948482037E0
1.821557843E1,-1.803156614E0,-1.111564398E0,-3.272424698E0
1.822348248E1,-1.821158171E0,-9.778959751E-1,-1.751157284E0
1.823141705E1,-1.557900190E0,-1.005163670E0,-3.411121368E-1
1.823938214E1,-1.095149755E0,-1.048997641E0,6.693487167E-1
1.824728619E1,-6.609612703E-1,-1.028675795E0,1.300865173E0
1.825522076E1,-3.038870692E-1,-9.608576298E-1,1.411464691E0
1.826312481E1,-1.269359589E-1,-9.234077930E-1,1.099429131E0
1.827099835E1,-7.463788986E-2,-8.468434811E-1,7.058353424E-1
1.827899395E1,-7.580149174E-2,-7.880768776E-1,7.477378845E-2
1.828695904E1,-4.777693748E-2,-7.902326584E-1,-6.124305725E-1
1.829483258E1,-2.587813139E-2,-8.188233376E-1,-1.276532173E0
1.830279766E1,4.091650248E-3,-8.453454971E-1,-1.840865612E0
1.831073224E1,4.005011916E-2,-8.673434258E-1,-2.342059135E0
1.831869732E1,-3.479480743E-2,-9.200431108E-1,-2.749160290E0
1.832660138E1,-4.811355472E-2,-1.006208539E0,-3.150640011E0
1.833447491E1,-3.764101863E-2,-1.023722768E0,-3.657067776E0
1.834240948E1,1.346176863E-2,-1.028042078E0,-3.996101856E0
1.835031353E1,9.274820983E-2,-1.016749978E0,-4.151711941E0
1.835827862E1,1.597069502E-1,-1.035774708E0,-4.078263760E0
1.836615216E1,2.613366842E-1,-1.074239254E0,-3.796981812E0
1.837405621E1,2.609451115E-1,-1.110508919E0,-3.383780956E0
1.838199078E1,2.691770792E-1,-1.091774702E0,-2.890645504E0
1.838989483E1,1.457098424E-1,-8.975602388E-1,-2.396094799E0
1.839785992E1,-1.181790754E-1,-7.063820362E-1,-2.095358372E0
1.840582501E1,-6.299611926E-2,-4.625844955E-1,-2.103528023E0
1.841372906E1,-9.398907423E-2,-5.512025356E-1,-2.301934719E0
1.842166363E1,-1.088957489E-2,-7.379508018E-2,-2.675417423E0
1.842959820E1,-7.882102579E-2,2.219963074E-2,-3.339009762E0
1.843759381E1,-1.234270558E-1,3.360152245E-1,-3.817194462E0
1.844552838E1,-2.947016954E-1,4.708693027E-1,-3.912916183E0
1.845340191E1,-3.461215496E-1,5.618546009E-1,-3.584203720E0
1.846130597E1,-3.701115847E-1,4.942040443E-1,-2.600504875E0
1.846924054E1,-3.578422368E-1,5.426986217E-1,-1.516382694E0
1.847723614E1,-4.171183407E-1,5.999989510E-1,-1.348981857E-1
1.848517071E1,-3.815842271E-1,7.459428310E-1,1.304963112E0
1.849307477E1,-2.461574376E-1,9.405777454E-1,2.809260368E0
1.850100934E1,-2.317795455E-1,1.143541813E0,3.838220596E0
1.850894391E1,2.274387479E-1,1.255594969E0,4.335556030E0
1.851690899E1,1.769620180E-2,1.067611933E0,4.285590172E0
1.852481305E1,-2.798748016E-2,1.671153545E0,3.645833015E0
1.853271710E1,2.680830956E-1,1.387902975E0,2.687686920E0
1.854065167E1,3.470034599E-1,1.302931786E0,2.035701752E0
1.854858624E1,2.873371840E-1,1.221474171E0,2.024682999E0
1.855661236E1,3.661990166E-1,1.208636522E0,2.087869644E0
1.856454693E1,5.608695149E-1,1.153973818E0,2.270148277E0
1.857245098E1,9.639999270E-1,1.185921431E0,2.627408981E0
1.858038556E1,1.360088348E0,1.492172718E0,2.946879387E0
1.858828961E1,1.496886730E0,1.728857040E0,3.147534370E0
1.859625470E1,1.651422024E0,1.576354265E0,3.354904175E0
1.860415875E1,1.904611826E0,1.316315174E0,3.429920197E0
1.861203228E1,1.866729975E0,7.154831886E-1,3.620997429E0
1.861996685E1,1.799750209E0,9.074854851E-2,4.054800034E0
1.862787091E1,1.596367121E0,-6.649594307E-1,4.793288231E0
1.863580548E1,1.347751617E0,-1.332422972E0,5.714484215E0
1.864377056E1,9.827260375E-1,-1.654845834E0,6.362725258E0
1.865170514E1,6.884751916E-1,-1.785720825E0,6.450464249E0
1.865957867E1,4.953088760E-1,-1.810146570E0,5.837413788E0
1.866748272E1,5.415173173E-1,-1.843186617E0,4.515082359E0
1.867547833E1,6.329767704E-1,-1.816216230E0,2.906927109E0
1.868341290E1,6.380875111E-1,-1.737455964E0,9.796667099E-1
1.869128643E1,5.419842601E-1,-1.482537508E0,-8.301944733E-1
1.869919049E1,5.564504862E-1,-1.337206960E0,-2.128468513E0
1.870712506E1,6.029065251E-1,-1.214049816E0,-2.469824314E0
1.871515118E1,6.472738385E-1,-1.178307295E0,-2.171833515E0
1.872302472E1,6.847532392E-1,-1.258112431E0,-1.701639652E0
1.873092877E1,7.711571455E-1,-1.340981960E0,-1.293598652E0
1.873880230E1,8.612559438E-1,-1.580539346E0,-8.581123352E-1
1.874673687E1,9.205935001E-1,-1.781387329E0,-4.785032272E-1
1.875467144E1,9.538415074E-1,-1.907849789E0,-2.199764252E-1
1.876263653E1,9.118037224E-1,-2.011910915E0,-3.012800217E-1
1.877051007E1,6.723509431E-1,-2.097239733E0,-4.683580399E-1
1.877838360E1,4.203687310E-1,-2.095340967E0,-7.041883469E-1
1.878631817E1,1.895058751E-1,-2.086003780E0,-1.061221123E0
1.879428326E1,7.724404335E-3,-2.058099508E0,-1.501002789E0
1.880221783E1,-9.464186430E-2,-2.022386074E0,-2.011315823E0
1.881009137E1,-3.488650322E-1,-1.898784876E0,-2.556660652E0
1.881799542E1,-4.734774232E-1,-1.743923068E0,-3.036690712E0
1.882592999E1,-5.897850990E-1,-1.621681452E0,-3.492382050E0
1.883392560E1,-6.681890488E-1,-1.433974504E0,-3.741775513E0
1.884179913E1,-7.203878760E-1,-1.300566077E0,-3.933171749E0
1.884976422E1,-7.388421297E-1,-1.066784620E0,-3.996761799E0
1.885769879E1,-6.404413581E-1,-9.065790176E-1,-3.903961182E0
1.886560284E1,-2.876723111E-1,-7.953040600E-1,-3.492164135E0
1.887356793E1,-1.227307320E-2,-6.402957439E-1,-3.017411232E0
1.888150250E1,6.554257870E-2,-4.457242489E-1,-2.704318523E0
1.888937603E1,-3.650067747E-2,-3.458817005E-1,-2.801091194E0
1.889731060E1,-1.382557303E-1,-2.772221565E-1,-3.251599789E0
1.890521466E1,-3.374634981E-1,-2.861139774E-1,-3.717097282E0
1.891314923E1,-4.680029452E-1,-2.239074707E-1,-4.246249676E0
1.892114483E1,-5.851876140E-1,-1.997542381E-1,-4.591057301E0
1.892904889E1,-6.712877750E-1,-7.370877266E-2,-4.470084190E0
1.893701397E1,-5.236563683E-1,2.175414562E-1,-3.839666367E0
1.894494854E1,-2.902605534E-1,4.642882347E-1,-2.665873528E0
1.895297467E1,-3.716719151E-2,7.314193249E-1,-1.400596619E0
1.896087872E1,2.588968277E-1,9.999434948E-1,-7.908821106E-2
1.896878277E1,5.651839375E-1,1.187357426E0,1.058002472E0
1.897671734E1,7.859827876E-1,1.394239664E0,2.138360023E0
1.898459088E1,9.577437639E-1,1.562982321E0,2.883421898E0
1.899258648E1,1.043901563E0,1.683740377E0,3.346035004E0
1.900049054E1,9.000653625E-1,1.737169266E0,3.763328552E0
1.900839459E1,7.015845776E-1,1.651234627E0,3.911016464E0
1.901632916E1,4.365740716E-1,1.501974583E0,3.591537476E0
1.902423321E1,1.500754654E-1,1.368898153E0,3.185354233E0
1.903219830E1,-9.411042929E-2,1.221540213E0,2.841568947E0
1.904013287E1,-4.788463116E-1,1.064621925E0,2.612020493E0
1.904800641E1,-6.701276302E-1,8.975915909E-1,2.607748032E0
1.905591046E1,-7.498837709E-1,7.556779385E-1,2.879309654E0
1.906384503E1,-7.853252888E-1,5.995728970E-1,3.247498512E0
1.907184063E1,-7.029787898E-1,5.454149246E-1,3.549935341E0
1.907974469E1,-6.192405224E-1,5.748062134E-1,3.921258926E0
1.908764874E1,-6.533392072E-1,7.709352970E-1,4.251568794E0
1.909555279E1,-7.968986034E-1,8.182842731E-1,4.393105507E0
1.910348736E1,-8.468215466E-1,6.832287312E-1,4.265275955E0
1.911145245E1,-8.509115577E-1,3.577301502E-1,3.838200569E0
1.911935650E1,-9.210935831E-1,1.043810844E-1,3.250181198E0
1.912723004E1,-1.097481251E0,-4.711356163E-1,2.615664482E0
1.913510357E1,-1.057158351E0,-8.125309944E-1,2.282569885E0
1.914300763E1,-1.085163832E0,-1.235583663E0,2.330335617E0
1.915100323E1,-1.045703411E0,-1.486329198E0,2.913371086E0
1.915890728E1,-1.078291416E0,-1.514364123E0,3.577645302E0
1.916681134E1,-1.086550236E0,-1.510657907E0,3.976491928E0
1.917474591E1,-1.085955381E0,-1.502241254E0,3.647646904E0
1.918268048E1,-1.034181118E0,-1.513212323E0,2.708869934E0
1.919064556E1,-1.068323612E0,-1.558755040E0,1.622393608E0
1.919851910E1,-1.255086303E0,-1.648717642E0,3.710632324E-1
1.920645367E1,-1.467682719E0,-1.718854904E0,-7.630510330E-1
1.921432721E1,-1.583393574E0,-1.778067231E0,-1.607330799E0
1.922226178E1,-1.725035667E0,-1.829054475E0,-1.963128567E0
1.923025738E1,-1.833123684E0,-1.776867867E0,-1.948657036E0
1.923822247E1,-1.749309659E0,-1.714822054E0,-1.691489697E0
1.924615704E1,-1.553533554E0,-1.670518398E0,-1.482837200E0
1.925409161E1,-1.377695322E0,-1.570446134E0,-1.381608963E0
1.926199566E1,-1.158279419E0,-1.362285376E0,-1.482652187E0
1.926996075E1,-9.047571421E-1,-1.159183979E0,-1.649362087E0
1.927786480E1,-6.040415764E-1,-9.750826359E-1,-1.725340843E0
1.928576886E1,-2.456613183E-1,-8.227090836E-1,-1.815582275E0
1.929370343E1,1.131879985E-1,-7.098388672E-1,-1.749836445E0
1.930160748E1,3.781630993E-1,-6.226177216E-1,-1.764756203E0
1.930957257E1,5.137382746E-1,-6.028206348E-1,-1.777760029E0
1.931747662E1,6.389573216E-1,-5.984849930E-1,-1.855671883E0
1.932538067E1,6.592704058E-1,-6.877443790E-1,-2.165663242E0
1.933328473E1,6.467434168E-1,-7.443697453E-1,-2.462619305E0
1.934121930E1,5.791599154E-1,-7.981839180E-1,-2.783662796E0
1.934921490E1,5.952708721E-1,-9.096493721E-1,-3.100645542E0
1.935711895E1,6.371671557E-1,-9.631747007E-1,-3.399437904E0
1.936502301E1,6.804152727E-1,-9.772065878E-1,-3.592450142E0
1.937295758E1,6.654606462E-1,-9.312376976E-1,-3.780683041E0
1.938089215E1,5.709914565E-1,-8.712990284E-1,-3.780370712E0
1.938888775E1,3.033562005E-1,-7.760128975E-1,-3.605816364E0
1.939679181E1,2.765387855E-2,-6.865808964E-1,-3.364594936E0
1.940469586E1,-4.304170981E-2,-6.767075062E-1,-3.024948597E0
1.941263043E1,7.463884354E-2,-6.976649761E-1,-2.820961475E0
1.942056500E1,2.065359056E-1,-5.768089294E-1,-2.648941994E0
1.942856060E1,2.559653521E-1,-4.666044712E-1,-2.564160824E0
1.943646466E1,2.728410363E-1,-2.715296745E-1,-2.501894951E0
1.944436871E1,2.088482976E-1,-3.636837006E-2,-2.466481686E0
1.945230328E1,1.269808710E-1,2.196216583E-1,-2.355751514E0
1.946023785E1,-4.705591500E-2,4.362006187E-1,-2.129691124E0
1.946820294E1,-3.095329106E-1,6.574079990E-1,-1.593170643E0
1.947610699E1,-3.507526517E-1,8.521661758E-1,-8.834924698E-1
1.948401104E1,-1.715433598E-1,9.801869392E-1,-1.309261322E-1
1.949191510E1,1.034798026E-1,1.191485405E0,6.920642853E-1
1.949984967E1,2.375473380E-1,1.371633768E0,1.387462616E0
1.950784527E1,2.720692158E-1,1.542918921E0,1.946414948E0
1.951574932E1,2.787868381E-1,1.630039454E0,2.216095924E0
1.952362286E1,2.267997265E-1,1.705112696E0,2.370468140E0
1.953149640E1,1.638988256E-1,1.627614260E0,2.367136955E0
1.953940045E1,1.765424013E-1,1.563008785E0,2.378352165E0
1.954736554E1,1.678441763E-1,1.440228939E0,2.396676064E0
1.955530011E1,2.506759763E-1,1.225801229E0,2.509736061E0
1.956323468E1,3.884254098E-1,1.133147717E0,2.710130692E0
1.957110821E1,5.200625658E-1,1.142793894E0,2.932219505E0
1.957901227E1,6.884989738E-1,1.219170332E0,3.269865036E0
1.958700787E1,7.601132989E-1,1.438135862E0,3.639426231E0
1.959494244E1,8.473694324E-1,1.636874199E0,3.766138077E0
1.960284649E1,9.483156800E-1,1.606756687E0,3.598364830E0
1.961075055E1,1.238449097E0,1.399648190E0,3.375682831E0
1.961865460E1,1.295562625E0,1.143284559E0,3.257819176E0
1.962661969E1,1.184514403E0,5.980055332E-1,3.371117592E0
1.963452374E1,1.032464504E0,-1.197931767E-1,3.717689514E0
1.964242779E1,7.974717617E-1,-9.610040188E-1,4.191927910E0
1.965036236E1,6.562862992E-1,-1.423603535E0,4.770640373E0
1.965829693E1,3.857771754E-1,-1.628140688E0,5.504640579E0
1.966629254E1,1.694959402E-1,-1.605432272E0,5.782738686E0
1.967416607E1,1.544845700E-1,-1.480044484E0,5.225723267E0
1.968207013E1,1.916318536E-1,-1.382074833E0,4.123523712E0
1.968994366E1,2.314502001E-1,-1.299622297E0,2.446411133E0
1.969784771E1,4.158059955E-1,-1.192407012E0,6.125555038E-1
1.970581280E1,4.582251310E-1,-1.087440491E0,-7.931871414E-1
1.971374737E1,4.613251686E-1,-9.276850224E-1,-1.766630650E0
1.972162091E1,5.708643198E-1,-8.752765656E-1,-2.048667908E0
1.972952496E1,7.258776426E-1,-9.357101917E-1,-1.782752037E0
1.973742901E1,9.176186323E-1,-1.028591871E0,-1.392046452E0
1.974542462E1,9.842275977E-1,-1.243991137E0,-1.079438210E0
1.975332867E1,9.439014196E-1,-1.493161917E0,-9.262723923E-1
1.976126324E1,8.126708865E-1,-1.668107510E0,-9.117326736E-1
1.976913678E1,6.415219903E-1,-1.926995516E0,-9.082050323E-1
1.977707135E1,3.628484607E-1,-2.052870750E0,-8.579750061E-1
1.978503643E1,-7.616162300E-3,-2.179688454E0,-8.943881989E-1
1.979294049E1,-2.917341888E-1,-2.216730356E0,-1.018991470E0
1.980081402E1,-5.408174396E-1,-2.235356331E0,-1.362771034E0
1.980871808E1,-5.770798922E-1,-2.104696274E0,-1.592710018E0
1.981665264E1,-6.443159580E-1,-1.932243586E0,-1.874085903E0
1.982464825E1,-6.376932263E-1,-1.710724473E0,-2.314529419E0
1.983252179E1,-6.417147517E-1,-1.562431812E0,-2.708065510E0
1.984048687E1,-6.453278065E-1,-1.246714234E0,-3.008899212E0
1.984842144E1,-7.029529810E-1,-1.030858278E0,-3.370514393E0
1.985632550E1,-5.939891934E-1,-7.884926796E-1,-3.728044987E0
1.986429059E1,-2.411916405E-1,-6.739680767E-1,-4.265486240E0
1.987222516E1,-2.644545138E-1,-6.087565422E-1,-4.928349972E0
1.988012921E1,-1.437168419E-1,-4.899218082E-1,-5.389397144E0
1.988800274E1,-1.920023859E-1,-3.802571297E-1,-5.621273994E0
1.989590680E1,-1.734048426E-1,-1.501374245E-1,-5.397460938E0
1.990390240E1,-1.796262264E-1,-3.773689270E-2,-4.819706917E0
1.991183697E1,-1.318424940E-1,1.799483299E-1,-3.987224579E0
1.991971051E1,-1.011285782E-1,3.267750740E-1,-3.293910503E0
1.992764508E1,1.647299528E-2,4.262983799E-1,-2.695157528E0
1.993557965E1,1.288615763E-1,4.650578499E-1,-2.456268311E0
1.994354474E1,4.314776063E-1,3.635120392E-1,-1.988116741E0
1.995144879E1,2.487742007E-1,3.676307201E-1,-1.443729877E0
1.995935284E1,3.909572959E-3,3.787071705E-1,-1.070246696E0
1.996725689E1,-2.182571292E-1,3.269782066E-1,-8.298912048E-1
1.997519146E1,-4.101181626E-1,4.265398979E-1,-3.237848282E-1
1.998315655E1,-5.610011220E-1,5.816054344E-1,4.426403046E-1
1.999109112E1,-6.113663316E-1,8.208603859E-1,1.296409607E0
1.999905621E1,-5.178280473E-1,1.038746357E0,2.243051529E0
2.000699078E1,-2.412519455E-1,1.192218065E0,2.883433342E0
2.001489483E1,8.055385947E-2,1.297110558E0,3.355077744E0
2.002285992E1,1.979734898E-1,1.397024155E0,3.486205101E0
2.003073346E1,2.002342641E-1,1.519510269E0,3.329829216E0
2.003863751E1,5.696129799E-2,1.419608116E0,2.974742889E0
2.004657208E1,-1.770947576E-1,1.372239113E0,2.601492882E0
2.005447613E1,-3.999298811E-1,1.198025942E0,2.409454346E0
2.006244122E1,-6.367962956E-1,9.337291718E-1,2.371116638E0
2.007037579E1,-8.014818430E-1,6.870059967E-1,2.703360558E0
2.007827984E1,-9.679499269E-1,5.696237087E-1,3.464545250E0
2.008618390E1,-1.095849872E0,4.949679375E-1,4.249517441E0
2.009411847E1,-1.010130882E0,5.617570877E-1,4.530637741E0
2.010211407E1,-8.698291779E-1,8.641822338E-1,4.579751968E0
2.011004864E1,-7.326303124E-1,1.247178793E0,4.426473618E0
2.011795269E1,-7.408215404E-1,1.258816242E0,4.074016571E0
2.012585675E1,-7.865443826E-1,1.158233404E0,3.596058846E0
2.013376080E1,-9.141415954E-1,8.916561604E-1,2.894060135E0
2.014175641E1,-1.033468485E0,5.282201767E-1,2.114253044E0
2.014962994E1,-1.243721128E0,-7.561492920E-2,1.840210915E0
2.015753399E1,-1.266463280E0,-7.665824890E-1,1.969265938E0
2.016540753E1,-1.209647536E0,-1.277756810E0,2.412288666E0
2.017331158E1,-9.988259077E-1,-1.673052549E0,3.258249283E0
2.018130719E1,-1.041657686E0,-1.799400449E0,3.916467667E0
2.018924176E1,-1.149900436E0,-1.771299481E0,3.725812912E0
2.019711529E1,-1.151900291E0,-1.644548893E0,3.093796730E0
2.020501934E1,-1.157906055E0,-1.485303402E0,2.002431870E0
2.021295392E1,-1.197165728E0,-1.287357688E0,6.906023026E-1
2.022094952E1,-1.217939377E0,-1.173110723E0,-4.912281036E-1
2.022885357E1,-1.273603916E0,-1.098156333E0,-1.817211151E0
2.023675763E1,-1.328627467E0,-1.105325222E0,-2.731916428E0
2.024466168E1,-1.324075818E0,-1.146331191E0,-3.000536442E0
2.025256573E1,-1.306468248E0,-1.198773742E0,-2.819987297E0
2.026056134E1,-1.228552580E0,-1.204141498E0,-2.463202477E0
2.026846539E1,-9.779340625E-1,-1.200864196E0,-2.105181694E0
2.027638488E1,-7.473558784E-1,-1.152428746E0,-1.777459145E0
2.028425841E1,-5.838578343E-1,-1.023317218E0,-1.650349617E0
2.029222350E1,-2.139792442E-1,-9.073169231E-1,-1.672531605E0
2.030021911E1,3.029668331E-2,-7.929921150E-1,-1.850845337E0
2.030812316E1,2.137480974E-1,-6.963691711E-1,-1.901818752E0
2.031599669E1,2.955669761E-1,-6.736268997E-1,-1.899168015E0
2.032393127E1,2.670740783E-1,-6.797459126E-1,-1.906523705E0
2.033183532E1,2.470074892E-1,-7.723848820E-1,-2.134534359E0
2.033980041E1,1.280774474E-1,-8.969136477E-1,-2.503344059E0
2.034770446E1,-3.089767694E-2,-1.033908725E0,-3.004305363E0
2.035560851E1,-1.130994558E-1,-1.129344225E0,-3.372145653E0
2.036354308E1,-9.373655915E-2,-1.294714332E0,-3.578540325E0
2.037144713E1,3.895398974E-2,-1.377979517E0,-3.808411121E0
2.037941222E1,2.748541832E-1,-1.387715816E0,-3.904118538E0
2.038734679E1,5.202394724E-1,-1.391154528E0,-3.710706234E0
2.039522033E1,4.729475379E-1,-1.268217206E0,-3.335878849E0
2.040315490E1,2.416552305E-1,-1.059033751E0,-3.133431435E0
2.041108947E1,3.452070951E-1,-9.005892277E-1,-3.114442348E0
2.041908507E1,5.042350292E-1,-6.969494820E-1,-2.931609154E0
2.042698913E1,5.260930657E-1,-4.074585438E-1,-2.665592194E0
2.043486266E1,3.967782855E-1,-1.329083443E-1,-2.503135204E0
2.044282775E1,1.235619411E-1,5.797910690E-2,-2.771856785E0
2.045076232E1,-8.831855655E-2,1.955244541E-1,-3.143569946E0
2.045875792E1,-1.890058219E-1,3.293154240E-1,-3.311251640E0
2.046666198E1,-3.287988901E-1,4.833481312E-1,-3.024898529E0
2.047453551E1,-3.686927557E-1,5.064699650E-1,-2.458190918E0
2.048250060E1,-2.117168307E-1,6.125392914E-1,-1.775869370E0
2.049040465E1,-1.146808565E-1,7.491006851E-1,-8.486909866E-1
2.049840026E1,-8.328929543E-3,9.584560394E-1,3.181848526E-1
2.050630431E1,7.135823369E-2,1.222942829E0,1.287649155E0
2.051420836E1,1.537923217E-1,1.399157286E0,2.022159576E0
2.052214294E1,3.126619160E-1,1.569913149E0,2.656790733E0
2.053007750E1,3.825209439E-1,1.622693062E0,2.986295700E0
2.053804259E1,4.519129992E-1,1.651319504E0,3.146433830E0
2.054597716E1,4.239101410E-1,1.623624802E0,3.030012131E0
2.055385070E1,4.240890145E-1,1.665997028E0,2.663391113E0
2.056175475E1,4.377604723E-1,1.653954268E0,2.208494186E0
2.056968932E1,5.265810490E-1,1.567985058E0,2.016142845E0
2.057768493E1,5.628204942E-1,1.538213015E0,2.090223312E0
2.058558898E1,7.394506335E-1,1.505237579E0,2.572759628E0
2.059346252E1,1.012962818E0,1.422941208E0,3.325778008E0
2.060142760E1,1.459903717E0,1.578017712E0,4.170578003E0
2.060933166E1,1.774639130E0,1.872062922E0,4.658379555E0
2.061729674E1,2.044012785E0,2.195273638E0,4.874321938E0
2.062523131E1,2.138834953E0,2.111959696E0,4.690348625E0
2.063316588E1,2.318122864E0,1.882714987E0,4.124972343E0
2.064103942E1,2.298166275E0,1.361805677E0,3.773483276E0
2.064894347E1,2.177986145E0,6.129467487E-1,3.893095970E0
2.065693908E1,2.000063896E0,-2.662150860E-1,4.026061058E0
2.066490417E1,1.730574131E0,-1.223240256E0,4.227553368E0
2.067277770E1,1.150356054E0,-1.795399666E0,4.538031578E0
2.068068175E1,5.367884040E-1,-1.933334231E0,4.826554298E0
2.068861632E1,7.157862186E-2,-1.900499225E0,4.789968491E0
2.069661193E1,-5.705893040E-2,-1.848832130E0,4.097324371E0
2.070451598E1,5.788463354E-2,-1.662286162E0,2.966794014E0
2.071238952E1,1.610094905E-1,-1.471101403E0,1.703310966E0
2.072035460E1,2.625137568E-1,-1.327592134E0,2.119379044E-1
2.072828918E1,4.157431722E-1,-1.161463976E0,-8.882932663E-1
2.073625426E1,4.200865626E-1,-1.098906159E0,-1.642350674E0
2.074415832E1,3.371364474E-1,-1.009727001E0,-2.058096886E0
2.075203185E1,3.099727035E-1,-9.308947325E-1,-2.221902847E0
2.075999694E1,3.460566401E-1,-9.549036026E-1,-2.257956982E0
2.076790099E1,4.359096289E-1,-1.048098326E0,-2.284539700E0
2.077586608E1,4.976026416E-1,-1.198575974E0,-2.446424484E0
2.078377013E1,3.323116601E-1,-1.409827590E0,-2.463860035E0
2.079164367E1,1.629886627E-1,-1.636175036E0,-2.513391972E0
2.079954772E1,1.204465926E-1,-1.772488594E0,-2.394362450E0
2.080748229E1,-1.004718542E-1,-1.884577513E0,-2.025084972E0
2.081547790E1,-3.484308720E-1,-1.882664919E0,-1.548871517E0
2.082335143E1,-3.760331571E-1,-1.923462629E0,-1.457986355E0
2.083131652E1,-2.618362904E-1,-1.881662130E0,-1.703595161E0
2.083925109E1,-1.787099689E-1,-1.794636488E0,-2.101063728E0
2.084718566E1,-1.791923344E-1,-1.668118119E0,-2.565833569E0
2.085512023E1,-1.983550936E-1,-1.504676819E0,-3.040973186E0
2.086305480E1,-3.962840140E-1,-1.346287847E0,-3.572203159E0
2.087092834E1,-6.834895015E-1,-1.198102236E0,-4.057066917E0
2.087886291E1,-9.179764390E-1,-1.018162966E0,-4.544371605E0
2.088679748E1,-9.628438950E-1,-8.606091738E-1,-4.537580490E0
2.089476256E1,-9.076805115E-1,-6.066437960E-1,-4.056263924E0
2.090266662E1,-8.574715853E-1,-3.500208855E-1,-3.093117237E0
2.091057067E1,-6.109213829E-1,-7.559990883E-2,-2.047516346E0
2.091853576E1,-2.590104342E-1,1.066956520E-1,-1.006307602E0
2.092643981E1,-4.105024785E-2,3.021166325E-1,-3.657827377E-1
2.093440490E1,5.236995220E-2,3.426713943E-1,-3.031320572E-1
2.094227843E1,-2.342960984E-2,3.975305557E-1,-7.660675049E-1
2.095018249E1,-1.091298014E-1,4.872400761E-1,-1.841057777E0
2.095808654E1,-2.740066051E-1,4.664113522E-1,-2.654886723E0
2.096602111E1,-4.096510708E-1,4.949204922E-1,-3.133124828E0
2.097398620E1,-4.963924885E-1,5.286915302E-1,-3.229473114E0
2.098189025E1,-4.579107463E-1,6.231143475E-1,-2.805830956E0
2.098976378E1,-2.247496992E-1,6.436936855E-1,-1.793342590E0
2.099772887E1,-9.187609702E-2,7.420241833E-1,-5.974826813E-1
2.100563292E1,2.213667035E-1,7.612192631E-1,1.015583038E0
2.101359801E1,4.372616410E-1,9.293146133E-1,2.592068672E0
2.102153258E1,3.911323845E-1,1.180762291E0,3.937133789E0
2.102946715E1,3.593198657E-1,1.382018328E0,4.594553947E0
2.103734069E1,3.129113913E-1,1.496354818E0,4.706392288E0
2.104527526E1,2.963926196E-1,1.547647238E0,4.235598564E0
2.105327086E1,1.056695804E-1,1.468777180E0,3.576110840E0
2.106123595E1,-4.162818193E-2,1.444071770E0,2.814238548E0
2.106914000E1,-1.370361894E-1,1.254830837E0,1.905276299E0
2.107704406E1,-2.839199007E-1,1.019109011E0,1.269120216E0
2.108497863E1,-5.392115116E-1,8.154079914E-1,1.004363060E0
2.109297423E1,-7.730457783E-1,6.292617321E-1,1.445369720E0
2.110087829E1,-1.170071602E0,4.621176720E-1,2.311482430E0
2.110875182E1,-1.343769431E0,4.560744762E-1,3.025423050E0
2.111665587E1,-1.294998169E0,5.244677067E-1,3.376327515E0
2.112452941E1,-1.480077267E0,5.710308552E-1,3.609264374E0
2.113252502E1,-1.440871477E0,3.098118305E-1,4.043745995E0
2.114045959E1,-1.249028563E0,1.284685135E-1,4.479557037E0
2.114833312E1,-1.206892371E0,-7.888746262E-2,4.363599777E0
2.115623717E1,-1.488827944E0,-5.590677261E-1,3.571381569E0
2.116417174E1,-1.562047243E0,-9.469038248E-1,2.657896996E0
2.117216735E1,-1.804064512E0,-1.299411535E0,2.372520447E0
2.118007140E1,-1.933135986E0,-1.565116644E0,2.638482094E0
2.118794494E1,-2.005892992E0,-1.839281082E0,2.995789528E0
2.119591002E1,-2.176762104E0,-1.940526247E0,2.779645920E0
2.120381408E1,-2.331916809E0,-2.055500984E0,2.149761200E0
2.121174865E1,-2.498312473E0,-2.134637117E0,1.173592567E0
2.121962218E1,-2.648361683E0,-2.085978508E0,1.670360565E-1
2.122755675E1,-2.730892181E0,-1.946861267E0,-5.933036804E-1
2.123546081E1,-2.651800156E0,-1.715543985E0,-1.151930809E0
2.124339538E1,-2.353146791E0,-1.597995639E0,-1.381967545E0
2.125136046E1,-1.724705577E0,-1.269422054E0,-1.334125042E0
2.125929503E1,-1.276369810E0,-1.118446469E0,-1.237085342E0
2.126716857E1,-7.787863016E-1,-9.019808769E-1,-1.061866760E0
2.127510314E1,-5.823895931E-1,-7.834882736E-1,-9.870958328E-1
2.128303771E1,-4.173482656E-1,-6.578102112E-1,-9.881582260E-1
2.129100280E1,-9.959164262E-2,-6.669278145E-1,-9.203681946E-1
2.129890685E1,2.666440606E-2,-7.419874668E-1,-1.073053360E0
2.130678039E1,1.204005331E-1,-7.358367443E-1,-1.237514496E0
2.131468444E1,8.441366255E-2,-7.980190516E-1,-1.379738808E0
2.132258849E1,4.738008976E-2,-8.307716846E-1,-1.298422813E0
2.133055358E1,5.713492632E-3,-8.506774902E-1,-1.083877563E0
2.133848815E1,-4.389986396E-2,-9.405695200E-1,-9.464387894E-1
2.134639220E1,-1.262712777E-1,-1.067145228E0,-1.022016525E0
2.135429626E1,-1.351318061E-1,-1.113973737E0,-1.122542381E0
2.136220031E1,-2.078592777E-1,-1.051601291E0,-1.225039482E0
2.137016540E1,-2.425393164E-1,-1.007537603E0,-1.596951485E0
2.137809997E1,-1.697160155E-1,-1.056722045E0,-2.260894775E0
2.138597350E1,-9.590499103E-2,-9.913375378E-1,-2.853407383E0
2.139390807E1,-1.704809964E-1,-8.930083513E-1,-3.161925316E0
2.140184264E1,-1.039840356E-1,-7.710707188E-1,-3.539055824E0
2.140986877E1,7.395517081E-3,-6.942080259E-1,-4.023281574E0
2.141774230E1,2.283982746E-2,-6.412878036E-1,-4.294290543E0
2.142564635E1,1.331175491E-2,-5.650148392E-1,-4.330996513E0
2.143355041E1,-6.467238069E-2,-5.842719078E-1,-4.157526970E0
2.144145446E1,-1.072311252E-1,-4.997074604E-1,-3.831446171E0
2.144938903E1,-1.368495822E-1,-4.260644913E-1,-3.608249664E0
2.145732360E1,-1.405917704E-1,-2.295038700E-1,-3.308291435E0
2.146525817E1,-1.404955387E-1,-5.867433548E-2,-2.931584835E0
2.147313170E1,-2.229450345E-1,8.809542656E-2,-2.813205242E0
2.148103576E1,-4.720267653E-2,2.207357883E-1,-2.747524261E0
2.148903136E1,2.942463458E-1,3.152818680E-1,-2.383339405E0
2.149693542E1,6.160070896E-1,4.915788174E-1,-1.668776989E0
2.150483947E1,8.522036076E-1,7.000832558E-1,-8.202800751E-1
2.151274352E1,1.047350526E0,9.527835846E-1,1.455307007E-2
2.152064757E1,1.233680010E0,1.198016167E0,1.042111397E0
2.152864318E1,1.397627831E0,1.398043871E0,1.827315331E0
2.153654723E1,1.579989195E0,1.505920172E0,2.246862411E0
2.154442077E1,1.495880365E0,1.615195036E0,2.497783661E0
2.155238585E1,1.394224524E0,1.548373222E0,2.636177063E0
2.156028991E1,1.398302317E0,1.442602396E0,2.372899055E0
2.156828551E1,1.379191041E0,1.265662670E0,2.104996681E0
2.157625060E1,1.326694489E0,1.242938280E0,1.979951859E0
2.158415465E1,1.344624519E0,1.254199028E0,2.100063324E0
2.159205871E1,1.471629858E0,1.366657495E0,2.160445213E0
2.159999328E1,1.527842283E0,1.460597038E0,2.322274208E0
2.160798888E1,1.499649763E0,1.404026747E0,2.540089607E0
2.161589294E1,1.713409901E0,1.197180271E0,2.758433342E0
2.162376647E1,1.809673667E0,9.181466103E-1,2.980431557E0
2.163167052E1,1.840572834E0,4.202690125E-1,3.349655151E0
2.163957458E1,1.757508278E0,-1.410796642E-1,3.819909096E0
2.164760070E1,1.550990343E0,-6.806416512E-1,4.580841064E0
2.165550475E1,1.173381925E0,-1.025161624E0,5.239969254E0
2.166337829E1,7.275592089E-1,-1.205505729E0,5.616793633E0
2.167131286E1,5.196646452E-1,-1.261792541E0,5.582847595E0
2.167921691E1,4.021466970E-1,-1.250198722E0,5.239805222E0
2.168718200E1,3.833338618E-1,-1.220924258E0,4.638274193E0
2.169508605E1,3.658500314E-1,-1.127607584E0,3.443611145E0
2.170299010E1,4.653283358E-1,-1.020480752E0,1.955870628E0
2.171089416E1,6.899648309E-1,-9.738932848E-1,8.123226166E-1
2.171879821E1,9.594975114E-1,-9.633358717E-1,-9.393215179E-2
2.172673278E1,1.146606565E0,-9.468755722E-1,-5.394897461E-1
2.173463683E1,1.288509130E0,-9.519896507E-1,-7.760620117E-1
2.174257140E1,1.334295273E0,-9.652450085E-1,-8.261117935E-1
2.175044494E1,1.371931195E0,-1.020830274E0,-7.031507492E-1
2.175837951E1,1.356636047E0,-1.136337519E0,-6.079635620E-1
2.176631408E1,1.339553118E0,-1.235865951E0,-5.335702896E-1
2.177427917E1,1.313984275E0,-1.426484466E0,-4.958934784E-1
2.178215270E1,1.140975833E0,-1.556828737E0,-7.291650772E-1
2.179008727E1,9.047883749E-1,-1.650076747E0,-1.099030495E0
2.179799132E1,6.435994506E-1,-1.713550329E0,-1.370960236E0
2.180595641E1,3.119752407E-1,-1.722134352E0,-1.740669727E0
2.181386046E1,-4.155933857E-3,-1.702628374E0,-2.038228512E0
2.182179503E1,-2.990173101E-1,-1.665055513E0,-2.419063568E0
2.182972960E1,-4.758494496E-1,-1.681092024E0,-2.983831406E0
2.183766418E1,-6.905630231E-1,-1.654952049E0,-3.469571590E0
2.184562926E1,-9.523539543E-1,-1.601669788E0,-3.771337509E0
2.185356383E1,-1.120298862E0,-1.442463040E0,-3.891961098E0
2.186143737E1,-1.231187820E0,-1.252987862E0,-3.845789909E0
2.186931090E1,-1.160508871E0,-1.189244747E0,-3.397938728E0
2.187724547E1,-8.744246960E-1,-1.047544837E0,-2.796783447E0
2.188521056E1,-5.566291809E-1,-8.748755455E-1,-2.247388840E0
2.189314513E1,-2.792465091E-1,-5.956335068E-1,-1.689181805E0
2.190101867E1,-2.171477675E-1,-2.978311777E-1,-1.613982201E0
2.190895324E1,-1.738189012E-1,8.196353912E-3,-1.880973339E0
2.191685729E1,-1.099300161E-1,2.766737938E-1,-2.561912537E0
2.192482238E1,3.054463863E-2,4.732811451E-1,-3.457759857E0
2.193275695E1,2.295046300E-1,6.968340874E-1,-4.376350880E0
2.194069152E1,3.470091820E-1,8.343431950E-1,-4.701435089E0
2.194862609E1,4.167663455E-1,9.697575569E-1,-4.436663151E0
2.195649962E1,3.754312396E-1,1.101896048E0,-3.745223522E0
2.196449523E1,1.387877911E-1,1.041680098E0,-2.921738148E0
2.197239928E1,4.846423864E-3,9.933040142E-1,-1.991691113E0
2.198027282E1,-2.712564468E-1,8.929734230E-1,-9.165344238E-1
2.198820739E1,-3.765964508E-1,6.726641655E-1,3.253450394E-1
2.199611144E1,-3.431206346E-1,5.839262009E-1,1.612499237E0
2.200407653E1,-2.921643555E-1,7.057151794E-1,3.158649445E0
2.201195006E1,-2.689557672E-1,8.428132534E-1,4.069875717E0
2.201985412E1,-1.116977632E-2,8.474211693E-1,4.294154167E0
2.202772765E1,1.367453188E-1,9.172878265E-1,4.067598343E0
2.203563170E1,-7.827909291E-2,1.028597832E0,3.535320282E0
2.204362731E1,-3.471257091E-1,1.203889847E0,2.644540787E0
2.205150084E1,-4.895414114E-1,1.384647608E0,1.710979462E0
2.205940490E1,-5.958271623E-1,1.518777609E0,7.446432114E-1
2.206727843E1,-6.424023509E-1,1.536966085E0,1.222515106E-2
2.207521300E1,-7.256250381E-1,1.508855581E0,-2.683172226E-1
2.208320861E1,-7.723211050E-1,1.421226978E0,9.657096863E-2
2.209114318E1,-8.561373949E-1,1.218185902E0,9.172697067E-1
2.209910827E1,-9.569402337E-1,1.092771053E0,1.819978714E0
2.210704284E1,-1.049216509E0,1.149406672E0,2.423901558E0
2.211497741E1,-1.074004292E0,1.068874836E0,2.976546288E0
2.212291198E1,-8.903975487E-1,7.514688969E-1,3.478465080E0
2.213081603E1,-7.489920259E-1,3.566286564E-1,3.952143669E0
2.213872008E1,-7.706614733E-1,6.397700310E-2,4.166738510E0
2.214659362E1,-1.043114424E0,-2.821736336E-1,3.892991066E0
2.215449767E1,-1.259124756E0,-5.461859703E-1,3.181318283E0
2.216249328E1,-1.372608304E0,-8.270912170E-1,2.696676254E0
2.217042785E1,-1.350156665E0,-1.064779758E0,2.697813988E0
2.217830138E1,-1.257145643E0,-1.180443645E0,2.750566483E0
2.218623595E1,-1.183854342E0,-1.275031924E0,2.603249550E0
2.219417052E1,-1.209500551E0,-1.290239573E0,2.426493645E0
2.220216613E1,-1.383257627E0,-1.240222096E0,2.088772774E0
2.221007018E1,-1.631433964E0,-1.114232302E0,1.664234161E0
2.221797423E1,-1.754574776E0,-1.031760573E0,1.081248283E0
2.222590880E1,-1.852398515E0,-1.017936110E0,5.239486694E-1
2.223381286E1,-1.935507655E0,-9.832876921E-1,-5.577754974E-2
2.224174743E1,-1.990889072E0,-9.452700615E-1,-4.117975235E-1
2.224971252E1,-1.965371728E0,-9.497936964E-1,-4.854488373E-1
2.225761657E1,-1.802359700E0,-1.017870545E0,-4.582614899E-1
2.226555114E1,-1.488481998E0,-9.889937639E-1,-1.698198318E-1
2.227345519E1,-1.269787312E0,-8.870879412E-1,2.434282303E-1
2.228138976E1,-1.060070038E0,-7.826993465E-1,4.310951233E-1
2.228935485E1,-7.650250196E-1,-6.578192711E-1,2.767505646E-1
2.229731994E1,-5.183120966E-1,-5.585588217E-1,-1.494922638E-1
2.230525451E1,-3.159593046E-1,-5.053128004E-1,-7.210121155E-1
2.231312804E1,-1.772723496E-1,-4.251040220E-1,-1.140648842E0
2.232112365E1,-3.218084574E-3,-3.459837437E-1,-1.561791897E0
2.232905822E1,1.003865153E-1,-3.432383537E-1,-1.914781570E0
2.233693175E1,1.462219507E-1,-3.397593498E-1,-2.263751507E0
2.234489684E1,9.747077525E-2,-3.705469370E-1,-2.589767933E0
2.235280089E1,-3.744249046E-2,-4.091759920E-1,-3.096360683E0
2.236073546E1,-1.564342082E-1,-4.225682020E-1,-3.618228912E0
2.236870055E1,-2.037329823E-1,-4.908814430E-1,-3.933609486E0
2.237660460E1,-2.917439342E-1,-5.430672169E-1,-4.133865833E0
2.238450866E1,-2.614771724E-1,-5.955061913E-1,-4.061096668E0
2.239244323E1,-2.351050824E-1,-5.838367939E-1,-3.834975243E0
2.240043883E1,-2.354334891E-1,-5.140173435E-1,-3.637208939E0
2.240834289E1,-2.233769298E-1,-4.304400682E-1,-3.343523502E0
2.241621642E1,-2.383385897E-1,-3.972476721E-1,-2.939640522E0
2.242415099E1,-3.292680383E-1,-3.854868412E-1,-2.681191921E0
2.243208556E1,-4.012715816E-1,-3.154454231E-1,-2.649133205E0
2.244008117E1,-3.790151775E-1,-2.811737061E-1,-2.575110435E0
2.244798522E1,-4.544895887E-1,-1.952323914E-1,-2.564159393E0
2.245585876E1,-4.436561465E-1,-6.988573074E-2,-2.688613415E0
2.246379332E1,-3.688717484E-1,1.911828518E-1,-2.749868393E0
2.247169738E1,-2.459995449E-1,4.366550446E-1,-2.820240498E0
2.247966247E1,-7.633315772E-2,5.304200649E-1,-2.701706409E0
2.248753600E1,8.149681985E-2,5.383095741E-1,-2.289862156E0
2.249544005E1,9.473469853E-2,6.187181473E-1,-1.649468899E0
2.250331359E1,2.445545793E-2,6.806955338E-1,-1.027135849E0
2.251121764E1,1.401010156E-2,7.930924892E-1,-4.448175430E-1
2.251918273E1,-5.243819952E-2,7.887959480E-1,3.493642807E-1
2.252708678E1,-1.097270846E-2,8.054997921E-1,1.233611107E0
2.253496032E1,1.589789987E-2,9.457721710E-1,1.737052917E0
2.254292541E1,3.322523832E-2,1.077965021E0,2.166682243E0
2.255082946E1,2.512520552E-2,1.043262959E0,2.510697365E0
2.255879455E1,4.728704691E-2,9.641542435E-1,2.590530396E0
2.256669860E1,2.281280160E-1,8.757054806E-1,2.465134621E0
2.257460265E1,4.967126846E-1,6.613950729E-1,2.376054764E0
2.258253722E1,7.020933032E-1,5.331649780E-1,2.375462532E0
2.259047179E1,9.322422743E-1,6.744747162E-1,2.578042030E0
2.259846740E1,1.124191880E0,9.937622547E-1,2.712970734E0
2.260637145E1,1.403887033E0,1.612089157E0,2.713585854E0
2.261424499E1,1.596595287E0,1.805804729E0,2.639936447E0
2.262221007E1,1.977854490E0,1.803807259E0,2.334078789E0
2.263011413E1,1.918491960E0,1.498862505E0,2.219191551E0
2.263807921E1,1.727089643E0,1.034467697E0,2.636579514E0
2.264595275E1,1.318145514E0,1.645328999E-1,3.359613419E0
2.265385680E1,9.218156934E-1,-6.874951124E-1,3.884241104E0
2.266176085E1,3.064886332E-1,-1.400499463E0,4.409855843E0
2.266969542E1,-3.030602336E-1,-1.635275722E0,5.132846832E0
2.267766051E1,-5.473393202E-1,-1.632184148E0,5.895870209E0
2.268559508E1,-2.866695523E-1,-1.618674874E0,6.209701538E0
2.269346862E1,4.152983427E-2,-1.551803946E0,5.712217331E0
2.270143371E1,4.568181634E-1,-1.350601792E0,4.215332985E0
2.270933776E1,7.715531588E-1,-1.276696682E0,2.450369835E0
2.271733336E1,1.051359177E0,-1.136929631E0,7.542200089E-1
2.272523742E1,1.140340805E0,-9.841279984E-1,-3.579006195E-1
2.273314147E1,1.329263449E0,-8.636047840E-1,-9.979372025E-1
2.274107604E1,1.590044498E0,-8.596265316E-1,-1.204237938E0
2.274901061E1,1.785833001E0,-8.669643402E-1,-9.581146240E-1
2.275694518E1,1.732358098E0,-8.862354755E-1,-5.070171356E-1
2.276484923E1,1.619409084E0,-9.590729475E-1,-1.942234039E-1
2.277272277E1,1.488279939E0,-1.168790698E0,1.124439240E-1
2.278065734E1,1.134738445E0,-1.397815824E0,2.602500916E-1
2.278853087E1,7.526509762E-1,-1.597415328E0,1.134767532E-1
2.279652648E1,3.900986314E-1,-1.736343622E0,-2.795734406E-1
2.280449157E1,-2.594566345E-2,-1.710562944E0,-7.708234787E-1
2.281239562E1,-3.633503914E-1,-1.577185154E0,-1.269398689E0
2.282033019E1,-5.518927574E-1,-1.386525393E0,-1.841475487E0
2.282826476E1,-6.038478017E-1,-1.239636064E0,-2.490502834E0
2.283622985E1,-7.018258572E-1,-1.134780407E0,-3.311107159E0
2.284419494E1,-8.671134710E-1,-9.857195616E-1,-4.152439594E0
2.285209899E1,-8.691273928E-1,-8.893477917E-1,-4.699230671E0
2.286003356E1,-8.406530619E-1,-7.599503994E-1,-4.818358898E0
2.286796813E1,-7.612473369E-1,-5.895998478E-1,-4.730112076E0
2.287593322E1,-6.511930227E-1,-4.138299227E-1,-4.350673676E0
2.288383727E1,-4.591010809E-1,-1.984298229E-1,-3.826179981E0
2.289171081E1,-1.028729230E-1,-1.159667969E-2,-2.933259487E0
2.289964538E1,2.386590540E-1,2.634096146E-1,-2.087918282E0
2.290754943E1,4.224524498E-1,4.948813915E-1,-1.750700951E0
2.291560607E1,4.736591578E-1,5.650081635E-1,-2.009618759E0
2.292351012E1,3.826805949E-1,6.330385208E-1,-2.747121334E0
2.293141418E1,2.844746113E-1,7.879889011E-1,-3.551467896E0
2.293934874E1,1.878125668E-1,8.254599571E-1,-3.936161518E0
2.294725280E1,1.118384078E-1,8.649418354E-1,-3.943469524E0
2.295518737E1,1.167619079E-1,8.440611362E-1,-3.528460979E0
2.296312194E1,9.374597669E-2,8.571686745E-1,-2.674629211E0
2.297105651E1,-4.357479140E-2,8.149232864E-1,-1.705580711E0
2.297896056E1,-1.448329091E-1,7.601380348E-1,-4.956207275E-1
2.298686461E1,-1.228245571E-1,7.497415543E-1,7.069664001E-1
2.299486022E1,-1.388205290E-1,7.826707363E-1,1.946114540E0
2.300276427E1,-1.790595055E-1,8.830771446E-1,2.733928680E0
2.301063781E1,-2.177812457E-1,8.929286003E-1,3.434851646E0
2.301851134E1,-2.721770704E-1,9.207096100E-1,3.573282242E0
2.302641540E1,-3.454323411E-1,8.877942562E-1,3.352572441E0
2.303441100E1,-4.874885678E-1,7.934217453E-1,2.953791618E0
2.304237609E1,-5.424345732E-1,8.076684475E-1,2.432542801E0
2.305031066E1,-6.099002361E-1,6.588766575E-1,1.835944176E0
2.305821471E1,-6.870332956E-1,5.595586300E-1,1.280849457E0
2.306611877E1,-8.540337086E-1,3.508822918E-1,8.405771255E-1
2.307411437E1,-1.005536556E0,1.867020130E-1,8.064498901E-1
2.308198791E1,-1.138123393E0,2.879810333E-2,1.284888268E0
2.308992248E1,-1.235725403E0,4.766082764E-2,1.835805893E0
2.309782653E1,-1.101325274E0,1.796522141E-1,2.478683472E0
2.310576110E1,-8.763235211E-1,5.155503750E-1,2.766427040E0
2.311375670E1,-7.737364173E-1,5.653350353E-1,2.680981636E0
2.312169127E1,-6.423023939E-1,5.182406902E-1,2.426560402E0
2.312959533E1,-7.387719154E-1,2.519757748E-1,1.877126694E0
2.313749938E1,-8.158197403E-1,9.350824356E-2,1.137667656E0
2.314546447E1,-1.042557955E0,-1.061077118E-1,8.199644089E-1
2.315342956E1,-1.486334801E0,-4.871122837E-1,1.020416260E0
2.316133361E1,-1.822812438E0,-1.003158212E0,1.754691124E0
2.316923766E1,-2.102562904E0,-1.413997054E0,2.621792793E0
2.317711120E1,-2.442183495E0,-1.641606092E0,3.273851395E0
2.318501525E1,-2.684754133E0,-1.702203751E0,3.503785133E0
2.319301085E1,-2.702204943E0,-1.660591960E0,3.145399094E0
2.320094542E1,-2.704792023E0,-1.553881407E0,2.534437180E0
2.320881896E1,-2.606245041E0,-1.298368216E0,1.625531197E0
2.321672301E1,-2.411821842E0,-1.030475378E0,6.126670837E-1
2.322465758E1,-2.154722691E0,-7.898850441E-1,-3.878383636E-1
2.323265319E1,-1.970098257E0,-6.769860983E-1,-1.051758766E0
2.324055724E1,-1.705256939E0,-5.357842445E-1,-1.411087036E0
2.324843078E1,-1.595577598E0,-4.861586094E-1,-1.387440681E0
2.325639586E1,-1.461168408E0,-3.298890591E-1,-1.214629173E0
2.326426940E1,-1.146294594E0,-2.171044350E-1,-8.287382126E-1
2.327226500E1,-8.597902656E-1,-1.379129887E-1,-5.667276382E-1
2.328013854E1,-5.786162615E-1,-1.326394081E-1,-4.399862289E-1
2.328804259E1,-2.852106988E-1,-1.009068489E-1,-3.921012878E-1
2.329591613E1,-5.660927296E-2,-1.781029701E-1,-3.820552826E-1
2.330385070E1,1.059090048E-1,-2.067732811E-1,-3.732061386E-1
2.331184630E1,1.645518243E-1,-2.812342644E-1,-5.760583878E-1
2.331975036E1,1.927454323E-1,-3.301845789E-1,-9.510917664E-1
2.332768493E1,1.853897423E-1,-3.981634378E-1,-1.644669533E0
2.333558898E1,1.144634113E-1,-4.919383526E-1,-2.513323784E0
2.334352355E1,9.108342230E-2,-5.173425674E-1,-3.293819904E0
2.335148864E1,1.304554343E-1,-5.612343550E-1,-3.980510712E0
2.335939269E1,8.211926371E-2,-4.994909763E-1,-4.270376682E0
2.336729674E1,1.223459169E-1,-4.135863781E-1,-4.035281181E0
2.337523131E1,1.758012474E-1,-2.902604342E-1,-3.617283344E0
2.338313537E1,2.917427123E-1,-2.079818249E-1,-3.025432110E0
2.339116149E1,3.338964581E-1,-1.520810127E-1,-2.259113789E0
2.339906554E1,4.547474384E-1,-1.202437878E-1,-1.609221935E0
2.340696960E1,5.617944598E-1,-1.034677029E-1,-1.215339661E0
2.341490417E1,6.649472713E-1,-9.323740005E-2,-9.863691330E-1
2.342277770E1,4.129238129E-1,-1.279115677E-2,-1.362464905E0
2.343074279E1,1.124049574E-1,6.961488724E-2,-2.081975460E0
2.343867736E1,-1.753995419E-1,7.366800308E-2,-3.148977757E0
2.344661193E1,-3.243305087E-1,1.009805202E-1,-3.839246273E0
2.345448546E1,-4.086275697E-1,2.297091484E-1,-3.889101982E0
2.346238952E1,-3.780156374E-1,3.546090126E-1,-3.612819672E0
2.347038512E1,-1.413916051E-1,3.656668663E-1,-3.304951191E0
2.347828918E1,1.432232857E-1,4.137830734E-1,-2.839222431E0
2.348616271E1,2.975520492E-1,5.881574154E-1,-2.157743454E0
2.349412780E1,5.876832008E-1,8.452587128E-1,-9.922056198E-1
2.350203185E1,8.721491694E-1,1.296677351E0,6.858778000E-1
2.351002746E1,9.480851889E-1,1.631947279E0,2.164602280E0
2.351793151E1,1.074498415E0,1.884376526E0,3.105848312E0
2.352583556E1,1.085792184E0,2.030001163E0,3.592040062E0
2.353377013E1,9.959492683E-1,2.056797743E0,3.417781830E0
2.354170470E1,6.812886000E-1,2.008239269E0,2.907350540E0
2.354966979E1,5.073624849E-1,1.830826044E0,2.288521767E0
2.355757384E1,4.997948408E-1,1.516198158E0,1.735363960E0
2.356544738E1,4.973557591E-1,1.260752916E0,1.547896385E0
2.357338195E1,5.593473315E-1,1.226356745E0,1.904720306E0
2.358128600E1,6.945230365E-1,1.426979065E0,2.800580025E0
2.358922057E1,9.145253897E-1,1.739143610E0,3.435777664E0
2.359715514E1,1.415873289E0,2.143395901E0,3.393217087E0
2.360508971E1,1.739771128E0,2.312302589E0,3.028380394E0
2.361299377E1,2.015707016E0,2.189898014E0,2.738383293E0
2.362089782E1,1.907080412E0,1.714420319E0,2.795453072E0
2.362889342E1,1.557238817E0,1.169990540E0,3.064449310E0
2.363679748E1,1.062730312E0,3.970472813E-1,3.518539429E0
2.364467101E1,2.782825828E-1,-5.822519064E-1,4.195723534E0
2.365254455E1,-3.225694299E-1,-1.311632752E0,4.851959229E0
2.366044860E1,-8.063169718E-1,-1.647870660E0,5.115115166E0
2.366844420E1,-1.038381577E0,-1.733504295E0,5.110754967E0
2.367640929E1,-1.053998470E0,-1.770536423E0,4.653969765E0
2.368434386E1,-5.882107615E-1,-1.774231195E0,3.795643806E0
2.369227843E1,-1.934320927E-1,-1.768181324E0,2.534821510E0
2.370018249E1,1.755967140E-1,-1.655250311E0,9.059267044E-1
2.370814757E1,4.256905317E-1,-1.446776152E0,-6.921491623E-1
2.371605163E1,5.949268937E-1,-1.183643341E0,-1.722974777E0
2.372395568E1,6.720026731E-1,-9.863708019E-1,-2.432869434E0
2.373185973E1,7.776771188E-1,-9.315613508E-1,-2.619216919E0
2.373976378E1,7.930244207E-1,-9.516783953E-1,-2.532730579E0
2.374772887E1,9.188534021E-1,-1.002445936E0,-2.396813869E0
2.375560241E1,1.047474623E0,-1.187938333E0,-2.041038036E0
2.376350646E1,1.158947945E0,-1.283357620E0,-1.590399742E0
2.377138000E1,1.233376741E0,-1.428273916E0,-1.220174789E0
2.377928405E1,1.144476891E0,-1.485138297E0,-7.263002396E-1
2.378731017E1,9.352986217E-1,-1.475669503E0,-3.975496292E-1
2.379521422E1,6.243956089E-1,-1.462671161E0,-2.715311050E-1
2.380314879E1,4.566591978E-1,-1.375727296E0,-5.220680237E-1
2.381102233E1,5.209073424E-1,-1.304043531E0,-1.187539101E0
2.381895690E1,5.829418898E-1,-1.226042271E0,-1.956964970E0
2.382695250E1,5.506753922E-1,-1.072163224E0,-2.385984898E0
2.383485656E1,4.756400585E-1,-9.164171219E-1,-2.815185547E0
2.384282164E1,3.997811675E-1,-7.870446444E-1,-3.148835182E0
2.385072570E1,3.088310361E-1,-6.926605701E-1,-3.363230705E0
2.385866027E1,1.077786088E-1,-6.022641659E-1,-3.345678806E0
2.386659484E1,-8.184671402E-2,-4.914070368E-1,-3.127375126E0
2.387446837E1,-1.489573121E-1,-3.349807262E-1,-2.767764568E0
2.388240294E1,1.504123211E-3,-1.871068478E-1,-2.367008209E0
2.389033752E1,1.174847484E-1,5.241870880E-2,-2.036942482E0
2.389821105E1,2.150601149E-1,2.463068962E-1,-1.988055229E0
2.390620666E1,2.773316503E-1,3.771140575E-1,-2.162738800E0
2.391420226E1,1.460815668E-1,4.250538349E-1,-2.429175377E0
2.392207580E1,-4.876276851E-2,5.152370930E-1,-2.735449791E0
2.393001037E1,-3.400753736E-1,5.205969810E-1,-2.931295872E0
2.393791442E1,-5.843141675E-1,5.059001446E-1,-2.943093300E0
2.394587951E1,-8.207055330E-1,4.748988152E-1,-2.807156563E0
2.395381408E1,-9.991927147E-1,4.623873234E-1,-2.533468723E0
2.396168761E1,-9.693986773E-1,4.456243515E-1,-1.835760117E0
2.396965270E1,-6.364729404E-1,4.589533806E-1,-8.859281540E-1
2.397755675E1,-3.673236370E-1,5.159180164E-1,1.031551361E-1
2.398549132E1,8.385986090E-3,6.379928589E-1,1.199849129E0
2.399339538E1,2.027415037E-1,8.929095268E-1,1.933526039E0
2.400126891E1,3.381862342E-1,1.068476677E0,2.241077423E0
2.400923400E1,4.649154544E-1,1.244348764E0,2.328318596E0
2.401713805E1,3.921114802E-1,1.358802795E0,2.050209999E0
2.402513366E1,3.596076667E-1,1.400473833E0,1.643121719E0
2.403303771E1,2.808570564E-1,1.381073713E0,1.115646362E0
2.404091124E1,1.376590729E-1,1.311122417E0,6.011075974E-1
2.404884582E1,-2.404602468E-1,1.135881424E0,3.592224121E-1
2.405671935E1,-5.085017681E-1,9.160828590E-1,3.675575256E-1
2.406471496E1,-7.083303928E-1,6.730749607E-1,9.199504852E-1
2.407264953E1,-9.299325943E-1,4.755806923E-1,1.878806114E0
2.408058410E1,-1.011680603E0,3.971252441E-1,2.701977730E0
2.408848815E1,-1.007871985E0,6.009707451E-1,3.098431587E0
2.409642272E1,-1.109328151E0,8.942077160E-1,3.263067245E0
2.410441832E1,-1.238810062E0,8.820655346E-1,3.325751305E0
2.411232238E1,-1.316298127E0,5.812115669E-1,3.098642349E0
2.412022643E1,-1.210919023E0,2.687232494E-1,2.550831795E0
2.412813048E1,-1.085061550E0,1.646769047E-1,1.747061729E0
2.413603454E1,-1.315767288E0,-2.128770351E-1,1.366776466E0
2.414403014E1,-1.554003000E0,-7.314946651E-1,1.197097778E0
2.415190368E1,-1.678024054E0,-1.327256799E0,9.996700287E-1
2.415980773E1,-1.887592077E0,-1.750962734E0,1.271793365E0
2.416777282E1,-2.234071493E0,-1.909320951E0,2.010673523E0
2.417567687E1,-2.481939793E0,-1.855398297E0,2.951278687E0
2.418364196E1,-2.502272606E0,-1.716078043E0,3.933932304E0
2.419151549E1,-2.354451895E0,-1.550645471E0,4.541742325E0
2.419945006E1,-2.135956764E0,-1.312874436E0,4.422820091E0
2.420735412E1,-1.968673229E0,-1.082277536E0,3.841751099E0
2.421525817E1,-1.873446107E0,-7.936639786E-1,2.791593552E0
2.422319274E1,-1.815608144E0,-6.247160435E-1,1.576319695E0
2.423112731E1,-1.746383429E0,-5.087990761E-1,7.232980728E-1
2.423906188E1,-1.683393359E0,-4.222940207E-1,5.426311493E-2
2.424696593E1,-1.531724572E0,-2.781033516E-1,-2.238130569E-1
2.425490050E1,-1.303495049E0,-2.397205830E-1,-2.974529266E-1
2.426286559E1,-9.207829237E-1,-2.406675816E-1,-4.729013443E-1
2.427083068E1,-5.983781219E-1,-2.925642729E-1,-7.514810562E-1
2.427873473E1,-3.008442819E-1,-2.772382498E-1,-1.013160706E0
2.428666930E1,-2.006636709E-1,-2.865486145E-1,-1.156652451E0
2.429457335E1,-2.096879482E-1,-2.373973131E-1,-1.375757217E0
2.430253844E1,-1.412966251E-1,-2.528057098E-1,-1.514685631E0
2.431044250E1,-5.723682046E-2,-2.554548979E-1,-1.467725754E0
2.431834655E1,3.577785194E-2,-2.658300400E-1,-1.328555107E0
2.432631164E1,2.646365762E-2,-2.305176258E-1,-1.439257622E0
2.433418517E1,3.758665919E-2,-2.479636669E-1,-1.916151047E0
2.434218078E1,4.339951277E-2,-2.530846596E-1,-2.577789307E0
2.435008483E1,-4.161402583E-2,-2.769272327E-1,-3.156013966E0
2.435798888E1,-1.414111257E-1,-2.857737541E-1,-3.838541031E0
2.436589294E1,-1.776449680E-1,-3.236210346E-1,-4.484260082E0
2.437382750E1,-2.257338911E-1,-3.786253929E-1,-4.937812328E0
2.438179259E1,-2.797195911E-1,-2.719398737E-1,-5.221087933E0
2.438969664E1,-3.452845812E-1,-1.866061687E-1,-5.269757748E0
2.439760070E1,-2.607382238E-1,-8.883476257E-2,-5.246724606E0
2.440553527E1,-2.391754389E-1,-6.603503227E-2,-5.111140251E0
2.441346984E1,-2.550211251E-1,-7.947635651E-2,-4.839282513E0
2.442146544E1,-1.918385029E-1,-3.469014168E-2,-4.254579067E0
2.442933898E1,-1.518742442E-1,1.013555527E-1,-3.421705723E0
2.443724303E1,-9.506332874E-2,2.105996609E-1,-2.608876228E0
2.444511657E1,-2.416324615E-2,4.361457825E-1,-1.918173313E0
2.445302062E1,-3.735333681E-2,6.789357662E-1,-1.512220860E0
2.446101623E1,2.494579554E-2,8.215770721E-1,-1.316726685E0
2.446895080E1,1.661877632E-1,9.304561615E-1,-1.164175034E0
2.447682433E1,2.933928370E-1,1.072030067E0,-8.632783890E-1
2.448475890E1,3.876745105E-1,1.138953447E0,-4.118633270E-1
2.449269347E1,3.791915178E-1,1.188417196E0,1.784420013E-2
2.450068908E1,3.863298893E-1,1.232291698E0,5.122842789E-1
2.450859313E1,3.143048286E-1,1.332806587E0,1.006814003E0
2.451646667E1,2.933639288E-1,1.327845812E0,1.262751579E0
2.452440124E1,3.487000465E-1,1.355849981E0,1.574600220E0
2.453227477E1,5.575894117E-1,1.385851145E0,2.138004303E0
2.454023986E1,7.493627071E-1,1.508537769E0,2.922550201E0
2.454820495E1,8.847802877E-1,1.689255238E0,3.482599258E0
2.455610900E1,9.887801409E-1,1.987883329E0,3.762232780E0
2.456401305E1,1.051426172E0,1.954151154E0,3.589271545E0
2.457191710E1,1.280623794E0,1.658100128E0,3.283762932E0
2.457988219E1,1.510964155E0,1.100950480E0,3.189885139E0
2.458781676E1,1.232835293E0,3.835442066E-1,3.407429695E0
2.459569030E1,7.498620749E-1,-5.316845179E-1,3.557041168E0
2.460365539E1,4.536823034E-1,-1.163791656E0,3.697041512E0
2.461158996E1,1.678898335E-1,-1.491991997E0,4.509851456E0
2.461955504E1,-8.154439926E-2,-1.515798092E0,5.928354263E0
2.462745910E1,8.918583393E-2,-1.334599972E0,6.815263748E0
2.463533263E1,4.370115995E-1,-1.219657660E0,6.938935280E0
2.464329772E1,8.102794886E-1,-1.033165097E0,6.160490036E0
2.465120177E1,8.248528242E-1,-7.375795841E-1,4.602121353E0
2.465913634E1,8.089584112E-1,-5.718683004E-1,3.240318298E0
2.466710143E1,8.820085526E-1,-4.261195660E-1,1.818837166E0
2.467500548E1,1.060062170E0,-3.121167421E-1,9.471864700E-1
2.468287902E1,1.391649365E0,-3.031380177E-1,4.686937332E-1
2.469078307E1,1.623626471E0,-3.407055140E-1,3.669805527E-1
2.469877868E1,1.842249155E0,-3.329871893E-1,4.554328918E-1
2.470671325E1,2.044835567E0,-4.063913822E-1,4.497327805E-1
2.471464782E1,2.191231251E0,-6.766672134E-1,3.720951080E-1
2.472261291E1,2.088539600E0,-8.734986782E-1,4.115810394E-1
2.473051696E1,1.805159330E0,-1.002262712E0,2.643051147E-1
2.473857360E1,1.486956239E0,-1.203766704E0,-1.749401093E-1
2.474647765E1,1.179006577E0,-1.326081753E0,-7.005596161E-1
2.475441222E1,7.016104460E-1,-1.386584759E0,-1.068705559E0
2.476228576E1,1.740741730E-1,-1.371534109E0,-1.538253784E0
2.477022033E1,-2.579545379E-1,-1.398836255E0,-2.066191673E0
2.477821593E1,-6.477466822E-1,-1.411315203E0,-2.565921783E0
2.478615050E1,-8.649368286E-1,-1.428462982E0,-3.259368420E0
2.479408507E1,-9.773086905E-1,-1.418818235E0,-3.940913200E0
2.480198913E1,-1.097845793E0,-1.272423267E0,-4.409488678E0
2.480989318E1,-1.207201123E0,-1.025553703E0,-4.557478428E0
2.481788878E1,-1.239369631E0,-8.122426271E-1,-4.408473969E0
2.482582335E1,-1.103644609E0,-5.894941092E-1,-3.945489883E0
2.483381896E1,-8.526736498E-1,-3.689975739E-1,-3.411996365E0
2.484175353E1,-5.364383459E-1,-2.418186665E-1,-3.104736328E0
2.484965758E1,-2.511706054E-1,-5.523681641E-2,-2.987298489E0
2.485762267E1,-1.674649715E-1,1.642338037E-1,-2.934911251E0
2.486552672E1,-1.987897456E-1,4.640705585E-1,-2.991295338E0
2.487343078E1,-1.667640209E-1,7.496578693E-1,-3.136993408E0
2.488136535E1,9.864658117E-2,1.062851667E0,-3.200317860E0
2.488929992E1,2.653217316E-1,1.244440079E0,-3.174371243E0
2.489726500E1,4.515902996E-1,1.374128819E0,-3.123998165E0
2.490519958E1,5.819221735E-1,1.330912352E0,-2.961044788E0
2.491310363E1,6.969699264E-1,1.405079365E0,-2.527744770E0
2.492103820E1,5.290504098E-1,1.293586850E0,-2.118933678E0
2.492903380E1,4.424710274E-1,1.202239394E0,-1.741621971E0
2.493699889E1,2.181676626E-1,1.088663101E0,-1.273758888E0
2.494490294E1,9.497341514E-2,9.558501244E-1,-5.004262924E-1
2.495280700E1,-5.418699980E-2,8.842036724E-1,5.906848907E-1
2.496074157E1,-2.212938517E-1,9.366332293E-1,1.439847946E0
2.496864562E1,-2.963067889E-1,9.759861231E-1,2.279904366E0
2.497661071E1,-3.032187521E-1,1.125306726E0,2.881285667E0
2.498454528E1,-3.077812493E-1,1.179723740E0,3.321329117E0
2.499241881E1,-4.448766410E-1,1.142609358E0,3.289317131E0
2.500038390E1,-2.991795838E-1,1.164019108E0,3.003026962E0
2.500831847E1,-3.105110526E-1,1.169017315E0,2.456145287E0
2.501628356E1,-2.915889621E-1,1.225253344E0,1.874999046E0
2.502421813E1,-3.075795174E-1,1.228187799E0,1.304431915E0
2.503209167E1,-3.063218594E-1,1.115891457E0,8.462076187E-1
2.504002624E1,-4.218708873E-1,7.728610039E-1,5.309705734E-1
2.504796081E1,-4.950588346E-1,5.388023853E-1,6.304769516E-1
2.505592589E1,-4.736810625E-1,4.736621380E-1,1.362474442E0
2.506382995E1,-5.976381898E-1,6.356396675E-1,2.355591774E0
2.507173400E1,-8.555164337E-1,7.188572884E-1,2.947042465E0
2.507966857E1,-8.830327988E-1,4.500811100E-1,3.143513680E0
2.508760314E1,-1.021966457E0,1.967875957E-1,3.051296234E0
2.509559874E1,-1.396301150E0,-4.746723175E-2,2.702633858E0
2.510350280E1,-1.516548157E0,-3.244032860E-1,2.121202469E0
2.511140685E1,-1.529932380E0,-7.610150576E-1,1.406992912E0
2.511934142E1,-1.696508646E0,-1.290489078E0,1.273921013E0
2.512727599E1,-1.823814034E0,-1.625051498E0,1.516918182E0
2.513524108E1,-1.935931325E0,-1.865941286E0,2.071722984E0
2.514317565E1,-2.065870523E0,-1.983462930E0,2.810109138E0
2.515104918E1,-2.331679106E0,-2.014172077E0,3.132078171E0
2.515901427E1,-2.395733833E0,-1.948372126E0,3.119773865E0
2.516691832E1,-2.351857662E0,-1.734524846E0,3.028031349E0
2.517491393E1,-2.277306557E0,-1.430150390E0,2.814418793E0
2.518281798E1,-2.173930407E0,-1.148712993E0,2.144605637E0
2.519069152E1,-1.924783468E0,-9.261182547E-1,1.360918999E0
2.519862609E1,-1.511993647E0,-7.626340389E-1,4.819431305E-1
2.520653014E1,-1.132487297E0,-6.413367987E-1,-4.349708557E-2
2.521449523E1,-8.603584170E-1,-5.147476196E-1,-2.805604935E-1
2.522246032E1,-5.857047439E-1,-3.961622715E-1,-3.594636917E-1
2.523039489E1,-2.660651803E-1,-3.783388138E-1,-3.156213760E-1
2.523829894E1,1.620966196E-1,-3.690326214E-1,-2.612228394E-1
2.524623351E1,4.514608979E-1,-3.644592762E-1,-4.186182022E-1
2.525419860E1,6.247650981E-1,-3.940593004E-1,-7.342462540E-1
2.526210265E1,8.460694551E-1,-4.282759428E-1,-1.111885071E0
2.527003722E1,8.763314486E-1,-4.324612617E-1,-1.354815483E0
2.527791076E1,8.898770213E-1,-4.776315689E-1,-1.311742783E0
2.528581481E1,9.335061908E-1,-4.740079641E-1,-1.042232513E0
2.529384093E1,9.556773305E-1,-5.044058561E-1,-8.610839844E-1
2.530171447E1,8.917073607E-1,-6.352422237E-1,-1.275677681E0
2.530961852E1,7.434749603E-1,-6.571533680E-1,-1.963684082E0
2.531752257E1,4.735994041E-1,-7.314509153E-1,-2.936116219E0
2.532542663E1,3.247200251E-1,-6.793165207E-1,-4.033408165E0
2.533336791E1,3.017270565E-1,-5.661095381E-1,-4.825316906E0
2.534127196E1,3.801834285E-1,-5.295935869E-1,-5.138723373E0
2.534917602E1,4.046318233E-1,-3.962484598E-1,-5.017468452E0
2.535711059E1,2.971942425E-1,-2.963042259E-1,-4.622280121E0
2.536504516E1,1.773433983E-1,-1.062264442E-1,-4.234983921E0
2.537301024E1,2.694064677E-1,-1.319344044E-1,-3.586953640E0
2.538088378E1,4.542828202E-1,-1.201300621E-1,-3.065373421E0
2.538878783E1,5.135499239E-1,-5.651068687E-2,-2.669720650E0
2.539666137E1,5.726825595E-1,1.509761810E-2,-2.203520298E0
2.540456542E1,6.194751263E-1,2.619938850E-1,-2.082812309E0
2.541256103E1,5.892038941E-1,5.159392357E-1,-2.480517864E0
2.542052611E1,5.112833977E-1,6.525681019E-1,-2.901102066E0
2.542846068E1,3.748781681E-1,8.897502422E-1,-3.436500072E0
2.543636474E1,2.227736712E-1,9.845693111E-1,-3.541604519E0
2.544426879E1,2.262118459E-1,1.057283640E0,-3.105685711E0
2.545223388E1,2.319239974E-1,9.043085575E-1,-2.423243046E0
2.546016845E1,2.225804329E-2,7.240548134E-1,-1.357729912E0
2.546804198E1,-3.963565826E-2,6.813075542E-1,-2.562780380E-1
2.547597655E1,-2.006788850E-1,7.090275288E-1,5.883817673E-1
2.548388061E1,-4.006653428E-1,7.229747772E-1,1.548077583E0
2.549184569E1,-3.744238615E-1,7.557420731E-1,2.410408020E0
2.549974975E1,-1.987516284E-1,8.966493607E-1,3.288069725E0
2.550762328E1,-2.905272245E-1,1.122351885E0,3.932359695E0
2.551552733E1,-1.326320171E-1,1.266651154E0,3.831338882E0
2.552346190E1,2.096210718E-1,1.198929787E0,3.074254990E0
2.553145751E1,5.366650820E-1,1.146108389E0,2.429300308E0
2.553933104E1,7.391703129E-1,1.069435835E0,2.030770302E0
2.554723510E1,1.091630697E0,1.058605194E0,1.878083229E0
2.555516967E1,1.644838810E0,1.385291576E0,1.722012520E0
2.556307372E1,1.952768803E0,1.905412197E0,1.833302498E0
2.557103881E1,2.020888805E0,2.092349052E0,1.972461700E0
2.557891234E1,2.352854729E0,1.876295328E0,2.167983055E0
2.558681640E1,2.317996502E0,1.387215376E0,2.654568672E0
2.559478148E1,2.028502464E0,7.407634258E-1,3.414979935E0
2.560268554E1,1.391577482E0,-1.662497520E-1,3.773365021E0
2.561065062E1,5.978257656E-1,-9.584707022E-1,3.819182396E0
2.561855468E1,1.198935509E-2,-1.476505399E0,4.044892311E0
2.562642821E1,-6.539915800E-1,-1.671270490E0,4.788487434E0
2.563436278E1,-1.020328522E0,-1.552314997E0,5.416217804E0
2.564226684E1,-8.629041910E-1,-1.528454065E0,5.379190445E0
2.565023192E1,-4.039315581E-1,-1.590205431E0,4.589739799E0
2.565813598E1,2.046228647E-1,-1.562598944E0,3.289813995E0
2.566604003E1,6.148903370E-1,-1.434145570E0,2.022307396E0
2.567391356E1,7.108229995E-1,-1.249038935E0,1.118301392E0
2.568181762E1,7.387937307E-1,-1.110265851E0,3.347969055E-1
2.568981322E1,8.396858573E-1,-1.159355283E0,-1.216478348E-1
2.569774779E1,8.811204433E-1,-1.232099771E0,-2.503700256E-1
2.570565185E1,8.776896596E-1,-1.266507149E0,-1.687355042E-1
2.571358642E1,9.607430100E-1,-1.351727843E0,-3.227624893E-1
2.572149047E1,1.006279945E0,-1.388763905E0,-3.599271774E-1
2.572948607E1,1.078778505E0,-1.413069725E0,-5.121870041E-1
2.573735961E1,9.773633480E-1,-1.443557858E0,-7.217540741E-1
2.574529418E1,7.476204634E-1,-1.467993021E0,-9.474134445E-1
2.575322875E1,5.116876960E-1,-1.454514980E0,-1.363366127E0
2.576110229E1,2.377170324E-1,-1.496079803E0,-1.684757233E0
2.576909789E1,-2.403710485E-1,-1.650759935E0,-2.335042477E0
2.577700194E1,-5.636140108E-1,-1.676772952E0,-3.036427021E0
2.578490600E1,-1.012658596E0,-1.592183352E0,-3.400658607E0
2.579281005E1,-1.399572968E0,-1.312443733E0,-3.237141609E0
2.580074462E1,-1.560994864E0,-1.053089380E0,-3.035120487E0
2.580874022E1,-1.505073071E0,-8.677941561E-1,-2.611348152E0
2.581664428E1,-1.335952044E0,-6.485438347E-1,-1.833702087E0
2.582451781E1,-1.060460329E0,-4.480794668E-1,-8.231153488E-1
2.583248290E1,-8.217065334E-1,-2.173999548E-1,-4.379796982E-1
2.584038695E1,-5.823110342E-1,2.420663834E-3,-6.520500183E-1
2.584835204E1,-6.003177166E-1,1.073504686E-1,-1.185610771E0
2.585628661E1,-6.559942365E-1,1.318155527E-1,-2.337869644E0
2.586416015E1,-7.985487580E-1,3.542865515E-1,-3.804090500E0
2.587206420E1,-7.560855746E-1,5.448925495E-1,-5.205648422E0
2.587996825E1,-6.900964975E-1,7.559671402E-1,-6.452870369E0
2.588796386E1,-5.809214115E-1,9.459562302E-1,-6.899610519E0
2.589589843E1,-2.940609157E-1,1.137724280E0,-6.602123260E0
2.590383300E1,-4.768499732E-2,1.277313232E0,-5.784867764E0
2.591167602E1,3.828525543E-2,1.409260988E0,-4.398476601E0
2.591961059E1,1.633997262E-1,1.430774808E0,-2.856204510E0
2.592757567E1,5.003821850E-2,1.428416967E0,-1.169807434E0
2.593551024E1,-1.128754169E-1,1.265135407E0,3.149681091E-1
2.594341430E1,-2.267782092E-1,1.178960681E0,1.843374252E0
2.595131835E1,-2.026593685E-1,1.128497839E0,3.464448929E0
2.595922240E1,-1.721449196E-1,1.095744491E0,4.453141212E0
2.596721801E1,-5.591069162E-2,1.077750325E0,4.599430084E0
2.597512206E1,1.183979064E-1,1.150305986E0,4.213504791E0
2.598302611E1,1.483044624E-1,1.309226871E0,3.341897011E0
2.599096068E1,2.334726602E-1,1.411990762E0,2.238542557E0
2.599889525E1,5.152171850E-1,1.495735407E0,7.798490524E-1
2.600689086E1,6.692125201E-1,1.475621700E0,-2.310953140E-1
2.601479491E1,6.338911057E-1,1.282823324E0,-6.531744003E-1
2.602266845E1,3.477187157E-1,1.024452686E0,-6.374053955E-1
2.603057250E1,-1.056839824E-1,7.353737354E-1,5.081205368E-1
2.603850707E1,-6.243458986E-1,5.015997887E-1,2.240566254E0
2.604647216E1,-8.526227474E-1,4.699957371E-1,3.654973030E0
2.605437621E1,-8.961596489E-1,5.917954445E-1,4.793331146E0
2.606228026E1,-1.220045090E0,8.931314945E-1,5.049157143E0
2.607021483E1,-1.224686861E0,3.509202003E-1,4.504699707E0
2.607811889E1,-9.481797218E-1,-6.629467010E-2,3.824687004E0
2.608611449E1,-8.632677197E-1,-2.708390951E-1,2.826443672E0
2.609401854E1,-7.696248293E-1,-4.257721901E-1,1.669808388E0
2.610189208E1,-7.671864033E-1,-7.999805212E-1,1.255526543E0
2.610985717E1,-7.039216757E-1,-1.018230796E0,1.308418274E0
2.611776122E1,-4.065761864E-1,-1.234613657E0,1.863224030E0
2.612572631E1,-2.888655663E-1,-1.274621487E0,2.839482307E0
2.613363036E1,-5.427000523E-1,-1.256333351E0,3.377760887E0
2.614153441E1,-8.979154825E-1,-1.195794582E0,3.534998894E0
2.614943847E1,-1.337465763E0,-1.297243595E0,3.064264297E0
2.615737304E1,-1.676790118E0,-1.269068599E0,2.389524460E0
2.616536864E1,-1.932951570E0,-1.219811201E0,1.470280647E0
2.617324218E1,-2.026394844E0,-1.155243635E0,5.396099091E-1
2.618117675E1,-2.000026464E0,-1.024946809E0,-7.566165924E-2
2.618908080E1,-1.859071970E0,-9.037561417E-1,-3.220024109E-1
2.619698485E1,-1.473143697E0,-8.500323296E-1,-3.788309097E-1
2.620498046E1,-1.063555002E0,-6.992019415E-1,-3.848342896E-1
2.621288451E1,-6.963613033E-1,-5.998358727E-1,-2.781829834E-1
2.622081908E1,-3.268913925E-1,-4.518508911E-1,-1.342220306E-1
2.622869262E1,-1.426591277E-1,-3.293348551E-1,-7.930564880E-2
2.623662719E1,1.407480538E-1,-1.543527842E-1,-3.521175385E-1
2.624465331E1,3.195316792E-1,-9.712433815E-2,-5.934305191E-1
2.625255736E1,4.426894784E-1,-2.422952652E-2,-6.641931534E-1
2.626046142E1,4.733528197E-1,1.386475563E-2,-8.128890991E-1
2.626839599E1,4.409541488E-1,-3.049147129E-2,-1.043954849E0
2.627626952E1,4.471493661E-1,-7.209348679E-2,-1.140988350E0
2.628423461E1,2.988601327E-1,-1.375732422E-1,-1.363110542E0
2.629216918E1,1.247959286E-1,-1.896655560E-1,-1.813228607E0
2.630004272E1,2.677693963E-2,-1.942346096E-1,-2.646336079E0
2.630800780E1,-4.195421934E-4,-1.479091644E-1,-3.427599907E0
2.631591186E1,4.273797572E-2,-1.355704069E-1,-4.090544224E0
2.632387694E1,3.224748373E-2,-1.949486732E-1,-4.456064224E0
2.633178100E1,4.564332962E-2,-2.160993814E-1,-4.677740097E0
2.633965453E1,1.540044248E-1,-1.889648438E-1,-4.767593384E0
2.634768065E1,2.329340875E-1,-1.604505777E-1,-4.696991444E0
2.635561522E1,1.363135874E-1,-7.675266266E-2,-4.530294418E0
2.636361083E1,8.703976870E-3,-2.188789845E-2,-4.325376511E0
2.637160644E1,-1.000773907E-2,1.852400303E-1,-4.024720669E0
2.637947997E1,-1.188924909E-2,4.533084631E-1,-3.640285492E0
2.638744506E1,6.598973274E-2,7.189077139E-1,-3.253403664E0
2.639534911E1,1.770360470E-1,8.589591980E-1,-2.926224232E0
2.640331420E1,3.671166301E-1,9.930443764E-1,-2.254295349E0
2.641124877E1,2.839081883E-1,1.000115156E0,-1.656759262E0
2.641915282E1,2.440925241E-1,9.630112648E-1,-1.102058411E0
2.642708739E1,5.652844906E-2,9.037585258E-1,-7.812919617E-1
2.643505248E1,-1.665035486E-1,8.507523537E-1,-6.155414581E-1
2.644304809E1,-2.296623886E-1,7.815794945E-1,-6.503963470E-1
2.645095214E1,-3.289175034E-1,8.050720692E-1,-8.000965118E-1
2.645882567E1,-4.190710783E-1,8.569784164E-1,-9.980449677E-1
2.646672973E1,-2.775737047E-1,9.636249542E-1,-8.830947876E-1
2.647469481E1,-1.205664873E-1,1.066675425E0,-5.650806427E-2
2.648262938E1,4.289770126E-2,1.081758022E0,1.051178932E0
2.649059447E1,3.517235518E-1,1.052999973E0,2.079250336E0
2.649846801E1,6.067793965E-1,1.032290220E0,2.755984306E0
2.650637206E1,9.850107431E-1,1.047873020E0,3.124728203E0
2.651430663E1,1.269192457E0,9.259669781E-1,3.499168396E0
2.652230224E1,1.803429127E0,9.060854912E-1,3.721025467E0
2.653020629E1,2.290180922E0,1.152151108E0,3.570320129E0
2.653811034E1,2.488968134E0,1.728258133E0,3.389355659E0
2.654601439E1,2.398875713E0,1.917248249E0,3.316417694E0
2.655397948E1,2.589041233E0,1.527431965E0,3.295651436E0
2.656191405E1,2.647592068E0,9.674880505E-1,3.476312637E0
2.656987914E1,2.145366430E0,6.049053669E-1,3.707560539E0
2.657781371E1,1.323493123E0,-1.357336044E-1,3.821786880E0
2.658577880E1,4.971860647E-1,-8.865641356E-1,3.633871078E0
2.659368285E1,-1.663070321E-1,-1.396450758E0,3.652119637E0
2.660164794E1,-6.132234335E-1,-1.607142091E0,3.997972488E0
2.660955199E1,-9.377795458E-1,-1.770601511E0,4.359190941E0
2.661748656E1,-7.514798641E-1,-1.789164901E0,4.566914558E0
2.662539062E1,-3.766458035E-1,-1.862583399E0,4.002599716E0
2.663329467E1,6.730937958E-2,-1.767350793E0,3.456426620E0
2.664129027E1,2.124728560E-1,-1.569540739E0,2.875370979E0
2.664919433E1,1.420728564E-1,-1.324524045E0,2.285256386E0
2.665706786E1,1.184192896E-1,-1.166146278E0,1.707009315E0
2.666500243E1,1.168711185E-1,-9.507279396E-1,1.152007103E0
2.667290648E1,2.491278052E-1,-8.066014051E-1,6.219863892E-1
2.668084105E1,4.770436287E-1,-7.615150213E-1,2.202243805E-1
2.668880614E1,7.127606273E-1,-7.292383909E-1,-8.654785156E-2
2.669667968E1,8.531860113E-1,-7.484858036E-1,-3.625392914E-1
2.670464476E1,8.314216137E-1,-7.559387684E-1,-4.662895203E-1
2.671254882E1,7.462448478E-1,-8.862684965E-1,-5.486469269E-1
2.672054442E1,5.709057450E-1,-1.013567805E0,-7.722997665E-1
2.672844848E1,1.916059852E-1,-1.135848522E0,-1.130037308E0
2.673635253E1,-1.627229452E-1,-1.146628618E0,-1.612103939E0
2.674425658E1,-4.487269223E-1,-1.137366056E0,-2.005344868E0
2.675219115E1,-6.082683206E-1,-1.075955629E0,-2.508240223E0
2.676015624E1,-5.010479689E-1,-1.024287820E0,-2.792821407E0
2.676802978E1,-2.956092656E-1,-9.408272505E-1,-2.921467781E0
2.677593383E1,-2.514882684E-1,-8.235776424E-1,-2.932497025E0
2.678380736E1,-3.525077701E-1,-6.567889452E-1,-2.859194279E0
2.679171142E1,-4.548256397E-1,-4.967761040E-1,-2.981449127E0
2.679970702E1,-5.423100591E-1,-3.925782442E-1,-3.188405991E0
2.680761107E1,-6.344191432E-1,-2.729790211E-1,-3.578450680E0
2.681548461E1,-7.009654045E-1,-2.398903370E-1,-3.900356770E0
2.682341918E1,-6.159249544E-1,-1.316627264E-1,-3.938857555E0
2.683129272E1,-4.558448195E-1,8.114206791E-2,-3.728088856E0
2.683928832E1,-3.853067756E-2,2.694888115E-1,-3.320791245E0
2.684719237E1,2.994926572E-1,5.110647678E-1,-3.071093559E0
2.685512694E1,4.990225136E-1,6.728998423E-1,-3.285219193E0
2.686303100E1,7.033971548E-1,6.416517496E-1,-3.723559856E0
2.687096557E1,8.320850730E-1,6.145020723E-1,-4.163638592E0
2.687890014E1,8.464819193E-1,6.126415730E-1,-4.007844448E0
2.688683471E1,6.207162738E-1,5.324686766E-1,-3.427089214E0
2.689473876E1,2.546099126E-1,4.758323431E-1,-2.552767277E0
2.690264281E1,-1.419523805E-1,3.692497015E-1,-1.583197594E0
2.691051635E1,-4.325814843E-1,3.239750862E-1,-8.125658035E-1
2.691848144E1,-6.873763800E-1,3.531986475E-1,8.990859985E-2
2.692638549E1,-6.520056129E-1,4.996440411E-1,9.496078491E-1
2.693425902E1,-4.195887446E-1,5.939756632E-1,1.628108978E0
2.694216308E1,-9.876126051E-2,8.112039566E-1,1.788304329E0
2.695009765E1,7.830686122E-2,1.078282595E0,1.713428497E0
2.695806273E1,1.693325639E-1,1.297865152E0,1.427699089E0
2.696602782E1,1.646479666E-1,1.392133951E0,9.206895828E-1
2.697396239E1,1.919694245E-1,1.363802671E0,3.999967575E-1
2.698189696E1,7.166019082E-2,1.090554237E0,1.827774048E-1
2.698983153E1,-1.213008761E-1,8.128125668E-1,3.328981400E-1
2.699779662E1,-3.519831896E-1,5.245127678E-1,8.346109390E-1
2.700570067E1,-5.138807297E-1,2.660565376E-1,1.894038200E0
2.701360473E1,-4.720054567E-1,1.509778500E-1,3.104496002E0
2.702150878E1,-4.355154335E-1,3.994719982E-1,4.000286102E0
2.702941283E1,-4.785481691E-1,8.557372093E-1,4.494050980E0
2.703740844E1,-6.944220662E-1,9.919190407E-1,4.555555344E0
2.704528197E1,-5.276159048E-1,7.082824707E-1,3.990108490E0
2.705318603E1,-4.473032653E-1,3.919832706E-1,3.065550804E0
2.706109008E1,-4.878674448E-1,1.885578632E-1,1.810138702E0
2.706896361E1,-7.035766244E-1,-1.393752098E-1,1.119895935E0
2.707695922E1,-6.992395520E-1,-8.086237907E-1,1.236852646E0
2.708492431E1,-5.063662529E-1,-1.242585421E0,1.789528847E0
2.709279784E1,-3.220407367E-1,-1.576217771E0,2.967754364E0
2.710070189E1,-4.944816232E-1,-1.636947393E0,4.458571434E0
2.710863646E1,-7.900000811E-1,-1.564750671E0,5.337135315E0
2.711666259E1,-1.126507759E0,-1.445336342E0,5.369578362E0
2.712456664E1,-1.515703917E0,-1.440265894E0,4.535805702E0
2.713244018E1,-1.806762457E0,-1.325378180E0,3.275378227E0
2.714040526E1,-1.917766452E0,-1.208283544E0,2.106093407E0
2.714830932E1,-1.909263253E0,-1.061960220E0,7.872104645E-1
2.715624389E1,-1.796834826E0,-9.233324528E-1,5.412101746E-2
2.716411742E1,-1.552289128E0,-7.702933550E-1,-7.543277740E-2
2.717202147E1,-1.338614821E0,-6.043891907E-1,-1.948642731E-2
2.717998656E1,-1.087196469E0,-3.683497906E-1,2.638902664E-1
2.718792113E1,-7.204380035E-1,-1.890689135E-1,4.904394150E-1
2.719594726E1,-3.588056862E-1,-6.192564964E-2,4.501743317E-1
2.720382079E1,-7.562249899E-2,2.431058884E-2,2.689180374E-1
2.721172484E1,1.919085681E-1,4.532110691E-2,9.807014465E-2
2.721959838E1,3.848306537E-1,1.268306971E-1,-2.268848419E-1
2.722753295E1,5.677331090E-1,1.660101414E-1,-7.443532944E-1
2.723552855E1,7.099046707E-1,1.675680876E-1,-1.389801025E0
2.724343261E1,7.844444513E-1,1.077429056E-1,-1.882820129E0
2.725130614E1,7.307453156E-1,3.064322472E-2,-2.360489845E0
2.725927123E1,6.941509247E-1,-1.312363148E-2,-3.000067711E0
2.726717528E1,7.042295933E-1,-9.038269520E-2,-3.677127361E0
2.727517089E1,7.193837166E-1,-1.784144640E-1,-4.095459461E0
2.728307494E1,6.587837338E-1,-2.766466141E-1,-4.236535072E0
2.729094848E1,5.604631305E-1,-3.579921722E-1,-4.248816013E0
2.729888305E1,5.374293327E-1,-3.768175840E-1,-3.959865093E0
2.730678710E1,4.919771254E-1,-3.844504356E-1,-3.577687740E0
2.731475219E1,3.383358717E-1,-3.413605690E-1,-3.422333241E0
2.732262572E1,3.308334053E-1,-2.735912800E-1,-3.522091866E0
2.733052978E1,4.388727546E-1,-1.953471899E-1,-3.649126053E0
2.733846435E1,4.316529930E-1,-4.281091690E-2,-3.674530983E0
2.734636840E1,3.826399446E-1,6.360411644E-2,-3.804158211E0
2.735433349E1,3.293944597E-1,2.074295282E-1,-4.095019817E0
2.736220702E1,1.089398414E-1,3.374065161E-1,-4.370662212E0
2.737014159E1,6.705169380E-2,3.275417089E-1,-4.394700050E0
2.737807616E1,-2.921059728E-2,2.429678440E-1,-4.270529270E0
2.738598022E1,-9.809549153E-2,3.062295914E-1,-4.154171467E0
2.739391479E1,2.566128969E-3,3.459494114E-1,-3.759413242E0
2.740187987E1,5.480533838E-2,4.896552563E-1,-2.710518837E0
2.740978393E1,9.897765517E-2,7.423346043E-1,-1.352183342E0
2.741768798E1,4.142847657E-1,9.691236019E-1,-1.682567596E-2
2.742562255E1,4.045485556E-1,1.134751320E0,1.091067314E0
2.743358764E1,4.789693356E-1,1.227801323E0,2.218887329E0
2.744149169E1,2.283305526E-1,1.243241310E0,2.982296944E0
2.744942626E1,-3.358733654E-2,1.216236830E0,3.084611893E0
2.745729980E1,-2.956655920E-1,1.133163452E0,2.710759163E0
2.746523436E1,-5.777986050E-1,1.015721083E0,2.080600739E0
2.747322997E1,-7.244830132E-1,8.577401638E-1,1.556692123E0
2.748119506E1,-6.449977160E-1,7.248420715E-1,1.190670967E0
2.748906859E1,-4.697457552E-1,5.939846039E-1,6.951074600E-1
2.749703368E1,-1.300458908E-1,5.355401039E-1,3.617010117E-1
2.750490722E1,6.220579147E-2,6.988730431E-1,8.130102158E-1
2.751287230E1,3.923218846E-1,1.218084097E0,1.651548386E0
2.752080688E1,5.698398352E-1,2.087019682E0,3.067015648E0
2.752868041E1,8.573510647E-1,2.339883089E0,4.088895798E0
2.753664550E1,1.336764812E0,2.064409018E0,4.288054466E0
2.754454955E1,1.526132941E0,1.515658379E0,4.050104141E0
2.755254516E1,1.178312659E0,7.393062115E-1,3.713659286E0
2.756044921E1,5.731356144E-1,-5.218974352E-1,3.543190956E0
2.756832274E1,-8.147722483E-2,-1.553940654E0,3.800586700E0
2.757628783E1,-8.983199596E-1,-2.239077330E0,4.503110886E0
2.758419188E1,-1.330952644E0,-2.370983124E0,5.821168900E0
2.759215697E1,-1.089225292E0,-2.289202213E0,6.805166245E0
2.760009154E1,-4.463675618E-1,-2.214987278E0,6.947472572E0
2.760796508E1,6.674945354E-2,-1.957180500E0,6.043441772E0
2.761586913E1,5.505146980E-1,-1.634840608E0,4.254827499E0
2.762377318E1,6.713076830E-1,-1.344794035E0,2.733917236E0
2.763170775E1,8.123919964E-1,-9.570735693E-1,1.316523552E0
2.763964232E1,9.946882129E-1,-6.621335745E-1,2.409248352E-1
2.764757689E1,1.194417357E0,-4.360748529E-1,-3.809127808E-1
2.765545043E1,1.164311647E0,-3.012909889E-1,-4.782314301E-1
2.766335448E1,1.216992855E0,-1.546852589E-1,-2.922639847E-1
2.767135009E1,1.058551550E0,-1.706153154E-1,-7.639789581E-2
2.767925414E1,7.744082808E-1,-2.148594856E-1,-1.822042465E-1
2.768715819E1,3.434999585E-1,-4.331632853E-1,-3.695602417E-1
2.769506225E1,-8.965754509E-2,-7.621135712E-1,-5.736322403E-1
2.770299682E1,-6.406810284E-1,-1.142072439E0,-8.711185455E-1
2.771096190E1,-9.765409231E-1,-1.438071370E0,-1.156835556E0
2.771886596E1,-1.327922344E0,-1.621147275E0,-1.469205856E0
2.772680053E1,-1.605011940E0,-1.636547804E0,-1.600052834E0
2.773467406E1,-1.719918489E0,-1.519762039E0,-1.694758415E0
2.774260863E1,-1.550267458E0,-1.388613701E0,-2.094993114E0
2.775060424E1,-1.384485364E0,-1.174603224E0,-2.613639832E0
2.775847777E1,-1.270963550E0,-9.907837510E-1,-3.090607643E0
2.776638183E1,-1.107056379E0,-8.307452798E-1,-3.508915424E0
2.777431640E1,-9.606085420E-1,-6.001051664E-1,-3.861496925E0
2.778218993E1,-8.825685382E-1,-3.507189751E-1,-3.992932320E0
2.779015502E1,-9.361494780E-1,-1.143908501E-1,-3.977320194E0
2.779812011E1,-8.298814297E-1,1.120706797E-1,-3.872390270E0
2.780605468E1,-6.945127249E-1,3.447492123E-1,-3.769083977E0
2.781398925E1,-4.770598412E-1,5.343776941E-1,-3.798882008E0
2.782189330E1,-2.964695692E-1,6.731894016E-1,-3.923860550E0
2.782982787E1,-3.010466695E-1,7.705432177E-1,-4.155951023E0
2.783779296E1,-2.999531627E-1,8.211690187E-1,-4.440440655E0
2.784575805E1,-2.184019387E-1,8.363846540E-1,-4.712999821E0
2.785369262E1,-2.252301574E-1,8.285019398E-1,-4.935830593E0
2.786159667E1,8.165091276E-4,8.890317678E-1,-4.424783230E0
2.786959228E1,4.287036955E-1,9.564765692E-1,-2.993727684E0
2.787749633E1,4.239726663E-1,9.299305677E-1,-1.762731075E0
2.788540038E1,4.887780547E-1,9.840865135E-1,-9.579143524E-1
2.789327392E1,1.991696358E-1,1.037986755E0,-5.930423737E-2
2.790117797E1,-1.707257032E-1,1.081029177E0,8.975496292E-1
2.790917357E1,-3.713473380E-1,1.249188423E0,1.829236031E0
2.791710814E1,-3.859198391E-1,1.357972145E0,2.415462494E0
2.792507323E1,-3.252930045E-1,1.383884311E0,2.811725616E0
2.793306884E1,-3.510089517E-1,1.452836752E0,2.710506439E0
2.794097289E1,-3.504974246E-1,1.332983613E0,1.887599945E0
2.794896850E1,-3.775567114E-1,1.289357543E0,1.074730873E0
2.795687255E1,-3.516431749E-1,1.159904718E0,6.125993729E-1
2.796480712E1,-2.391665280E-1,9.919097424E-1,1.083789825E0
2.797274169E1,-1.244190037E-1,7.818210125E-1,1.878226280E0
2.798067626E1,-3.002917767E-2,5.086790323E-1,3.034286499E0
2.798861083E1,5.473396182E-2,3.565671444E-1,4.208398819E0
2.799657592E1,-1.266379058E-1,5.675417185E-1,5.086023331E0
2.800451049E1,-2.401190996E-1,1.141239882E0,5.209138870E0
2.801238402E1,-6.860085130E-1,1.298148870E0,4.709650040E0
2.802028808E1,-1.235706449E0,1.032938719E0,3.604573250E0
2.802828368E1,-1.670571566E0,4.572241306E-1,2.512027740E0
2.803624877E1,-2.090198755E0,1.905155182E-2,1.471021652E0
2.804418334E1,-2.409829855E0,-7.570252419E-1,5.782566071E-1
2.805205688E1,-2.514099360E0,-1.509949684E0,6.511087418E-1
2.805999144E1,-2.401638985E0,-2.026341677E0,1.989850044E0
2.806795653E1,-2.300100088E0,-2.284650326E0,4.046629906E0
2.807586059E1,-2.050388336E0,-2.452412605E0,5.633373260E0
2.808379516E1,-1.829580903E0,-2.348545313E0,6.565986633E0
2.809169921E1,-1.920876861E0,-2.169659376E0,6.658302307E0
2.809960326E1,-1.870282173E0,-1.908296466E0,5.990473747E0
2.810759887E1,-1.967289448E0,-1.615516305E0,4.129797935E0
2.811556396E1,-1.878218412E0,-1.495499134E0,1.912565231E0
2.812352904E1,-1.834705114E0,-1.484125018E0,1.019916534E-1
2.813143310E1,-1.703771830E0,-1.430690527E0,-1.318282127E0
2.813933715E1,-1.478855491E0,-1.315895081E0,-1.920024872E0
2.814730224E1,-1.144729614E0,-1.256236315E0,-1.928674698E0
2.815526732E1,-7.257125974E-1,-1.081873894E0,-1.862520695E0
2.816320189E1,-1.755973995E-1,-9.651231766E-1,-1.586318016E0
2.817107543E1,2.620159686E-1,-8.084782362E-1,-1.195048332E0
2.817901000E1,5.364753604E-1,-6.584943533E-1,-9.991769791E-1
2.818700561E1,6.944002509E-1,-5.732930899E-1,-1.045345306E0
2.819497069E1,8.641960025E-1,-4.520882368E-1,-9.854602814E-1
2.820284423E1,8.676562905E-1,-4.176249504E-1,-9.390192032E-1
2.821080932E1,7.893854976E-1,-4.142727852E-1,-9.727096558E-1
2.821871337E1,6.595993638E-1,-4.326189756E-1,-1.332750320E0
2.822667846E1,4.384313226E-1,-5.054668188E-1,-1.764776707E0
2.823464354E1,8.532229811E-2,-5.890603065E-1,-2.231155396E0
2.824251708E1,-8.684146404E-2,-6.798773408E-1,-2.691111088E0
2.825048217E1,-2.250140309E-1,-8.731038570E-1,-3.360669136E0
2.825841674E1,-2.264410108E-1,-8.994120359E-1,-4.091588020E0
2.826641234E1,-1.683588177E-1,-8.431760669E-1,-4.783581257E0
2.827431640E1,1.007056013E-1,-8.238625526E-1,-5.073538780E0
2.828222045E1,3.234413862E-1,-6.857224703E-1,-4.981000423E0
2.829012450E1,2.987818718E-1,-4.608917236E-1,-4.479778767E0
2.829805907E1,3.203579485E-1,-2.375638485E-1,-4.136492729E0
2.830608520E1,4.419851303E-1,-3.857910633E-2,-3.859457016E0
2.831398925E1,4.193763137E-1,2.123178244E-1,-3.511682034E0
2.832189330E1,3.247894049E-1,3.334336281E-1,-3.323144913E0
2.832982787E1,1.610196531E-1,4.558864832E-1,-3.250297546E0
2.833773192E1,-8.715093136E-3,5.922234058E-1,-3.427772045E0
2.834569701E1,-1.028856635E-1,5.915267467E-1,-3.571093082E0
2.835360106E1,-2.641505003E-1,5.914782286E-1,-3.659336567E0
2.836150512E1,-4.902395904E-1,7.316138744E-1,-3.678624153E0
2.836940917E1,-7.302408218E-1,8.233835697E-1,-3.311038971E0
2.837734374E1,-8.042635918E-1,8.834244013E-1,-2.450121880E0
2.838533935E1,-5.847914219E-1,9.402869940E-1,-1.334815025E0
2.839321288E1,-1.978803873E-1,1.122008204E0,1.568222046E-2
2.840114745E1,1.544710994E-1,1.306997776E0,1.920904160E0
2.840908202E1,4.028021097E-1,1.427305698E0,3.548607826E0
2.841698607E1,6.587561369E-1,1.542837501E0,4.541536331E0
2.842495116E1,4.929908514E-1,1.633859158E0,4.842535973E0
2.843282470E1,2.004544139E-1,1.549053073E0,3.944486618E0
2.844072875E1,3.190398216E-3,1.437765002E0,2.494707108E0
2.844869384E1,-2.516996264E-1,1.399017930E0,1.537572861E0
2.845659789E1,-4.012824297E-1,1.378631473E0,7.677087784E-1
2.846456298E1,-1.755506992E-1,1.357982159E0,4.229459763E-1
2.847246703E1,1.491779089E-1,1.335624933E0,5.983448029E-1
2.848037108E1,5.842301846E-1,1.533816099E0,1.106724739E0
2.848830565E1,9.752817154E-1,2.064201117E0,1.866237640E0
2.849624022E1,9.784402847E-1,2.242496490E0,2.803881645E0
2.850423583E1,1.191912413E0,1.961156130E0,3.282877922E0
2.851217040E1,1.419324994E0,1.476983547E0,3.952599525E0
2.852010497E1,1.280218482E0,7.002948523E-1,4.982516289E0
2.852797851E1,9.288928509E-1,-1.644078493E-1,6.110316277E0
2.853588256E1,4.902517796E-1,-1.283384323E0,6.903474808E0
2.854384765E1,-1.891938448E-1,-1.969786167E0,7.645359039E0
2.855178222E1,-8.447495699E-1,-2.129637480E0,8.004493713E0
2.855965575E1,-1.112730384E0,-2.039733887E0,7.555905342E0
2.856762084E1,-1.031880617E0,-1.864117861E0,6.250281334E0
2.857552489E1,-7.433701158E-1,-1.668717861E0,4.192272186E0
2.858348998E1,-4.526023269E-1,-1.359865546E0,2.010191917E0
2.859139403E1,-1.134220362E-1,-1.123783946E0,2.295036316E-1
2.859929809E1,1.946066618E-1,-9.042800665E-1,-1.197885513E0
2.860723266E1,3.514847755E-1,-6.455781460E-1,-1.744354725E0
2.861516723E1,3.297569752E-1,-5.383818150E-1,-1.589037895E0
2.862316283E1,3.908958435E-1,-4.609481096E-1,-8.864116669E-1
2.863106688E1,4.199101925E-1,-5.829074383E-1,-2.773294449E-1
2.863894042E1,3.523526192E-1,-7.502167225E-1,1.119937897E-1
2.864684447E1,3.122334480E-1,-9.672169685E-1,3.932323456E-1
2.865477904E1,2.503430843E-1,-1.235099554E0,3.390750885E-1
2.866274413E1,3.944630623E-1,-1.498968959E0,3.402767181E-1
2.867067870E1,2.518973351E-1,-1.610508204E0,3.608827591E-1
2.867858275E1,-1.596251130E-1,-1.504214525E0,8.265686035E-2
2.868648681E1,-3.510580659E-1,-1.435778856E0,-4.514760971E-1
2.869442138E1,-2.153555751E-1,-1.373741865E0,-1.205593109E0
2.870235595E1,-1.550391912E-1,-1.292707920E0,-1.931289673E0
2.871032104E1,-2.332270145E-1,-1.110231280E0,-2.673155785E0
2.871819457E1,-5.089516640E-1,-1.026147604E0,-3.460221291E0
2.872612914E1,-7.822779417E-1,-1.023250103E0,-4.129619598E0
2.873403319E1,-1.077845812E0,-9.771494865E-1,-4.559387684E0
2.874202880E1,-1.436837912E0,-8.429880142E-1,-4.632514000E0
2.874993285E1,-1.655134201E0,-7.121413946E-1,-4.325310230E0
2.875780639E1,-1.566634059E0,-6.080036163E-1,-3.886517048E0
2.876567992E1,-1.357424259E0,-5.665861368E-1,-3.571909904E0
2.877358397E1,-9.774739742E-1,-4.493563175E-1,-3.555305481E0
2.878157958E1,-7.769067287E-1,-3.599139452E-1,-3.839114189E0
2.878951415E1,-4.234060645E-1,-1.944475174E-1,-4.078394413E0
2.879738768E1,-2.622600794E-1,-7.401251793E-2,-4.261747360E0
2.880529174E1,-1.274599135E-1,7.641744614E-2,-4.707634926E0
2.881319579E1,1.524037123E-2,2.352406979E-1,-5.301018715E0
2.882119140E1,6.080096960E-2,4.651505947E-1,-5.882411003E0
2.882915648E1,-3.027239442E-2,6.223121881E-1,-5.937968254E0
2.883715209E1,-1.711794436E-1,7.987710238E-1,-5.555040836E0
2.884502562E1,-5.659985542E-1,8.986773491E-1,-4.774064064E0
2.885292968E1,-7.563719153E-1,9.094569683E-1,-3.221555233E0
2.886092528E1,-7.102220058E-1,1.027617693E0,-1.359804153E0
2.886882934E1,-6.523925066E-1,1.147460580E0,3.481864929E-1
2.887670287E1,-7.090953588E-1,1.346586108E0,1.585096359E0
2.888463744E1,-7.641874552E-1,1.546705842E0,2.973996162E0
2.889254149E1,-7.399461865E-1,1.645215392E0,3.979198456E0
2.890047606E1,-6.301332116E-1,1.801823735E0,4.451108932E0
2.890841063E1,-4.474138916E-1,1.900869012E0,4.309993744E0
2.891634521E1,-1.346133500E-1,1.843671203E0,3.624859810E0
2.892431029E1,3.618070781E-1,1.819955707E0,2.811152458E0
2.893224486E1,6.666263938E-1,1.786906719E0,2.281949043E0
2.894020995E1,7.992781997E-1,1.547472000E0,2.251817703E0
2.894814452E1,8.975321651E-1,1.463865757E0,2.729178429E0
2.895601806E1,7.468903065E-1,1.197031617E0,3.643010139E0
2.896392211E1,4.706314504E-1,1.166668653E0,4.476531029E0
2.897185668E1,3.134344891E-2,1.023082852E0,5.407926559E0
2.897985229E1,-2.019632757E-1,1.236920595E0,6.210445404E0
2.898778686E1,-4.005781114E-1,1.725686431E0,6.502240181E0
2.899566039E1,-7.499821186E-1,1.743945241E0,5.920065880E0
2.900356444E1,-9.330338240E-1,1.200537086E0,4.428668022E0
2.901149901E1,-1.288277864E0,6.606112719E-1,2.926613808E0
2.901949462E1,-1.614119768E0,9.124636650E-3,1.524583817E0
2.902742919E1,-1.661993384E0,-8.694380522E-1,8.688259125E-2
2.903533324E1,-1.614670515E0,-1.647475362E0,-2.794256210E-1
2.904326781E1,-1.566321254E0,-2.314886570E0,1.302800179E0
2.905117186E1,-1.708603740E0,-2.600429773E0,3.126757622E0
2.905916747E1,-1.754145503E0,-2.760057688E0,4.629522324E0
2.906713256E1,-1.824499011E0,-2.774317503E0,5.375456810E0
2.907503661E1,-2.075784922E0,-2.600757122E0,5.309700012E0
2.908297118E1,-2.060335875E0,-2.287842989E0,4.669863701E0
2.909090575E1,-2.008861303E0,-1.891629457E0,3.412865639E0
2.909890136E1,-1.926131129E0,-1.522634506E0,2.127740860E0
2.910680541E1,-1.745475411E0,-1.187361479E0,6.260538101E-1
2.911470946E1,-1.500363946E0,-1.039154053E0,-3.293209076E-1
2.912264403E1,-1.258705974E0,-8.344771862E-1,-1.155938148E0
2.913057860E1,-9.729779959E-1,-6.866246462E-1,-1.921230793E0
2.913857421E1,-5.654249191E-1,-5.975289345E-1,-2.396241665E0
2.914650878E1,-1.827580631E-1,-5.275835991E-1,-2.683883667E0
2.915444335E1,1.318433881E-1,-4.145759344E-1,-2.311497688E0
2.916234740E1,2.977862060E-1,-3.139458895E-1,-1.790239811E0
2.917028197E1,4.458868504E-1,-3.041459322E-1,-1.463251114E0
2.917821654E1,5.027127266E-1,-3.196151257E-1,-1.537906647E0
2.918618163E1,6.449673176E-1,-4.332467318E-1,-2.020627975E0
2.919408568E1,7.172365189E-1,-4.786336422E-1,-2.633849144E0
2.920198974E1,6.862566471E-1,-5.718309879E-1,-3.128750324E0
2.920992431E1,7.151899934E-1,-6.094863415E-1,-3.534611225E0
2.921791991E1,7.396982908E-1,-6.194748878E-1,-3.717522144E0
2.922585448E1,7.320083976E-1,-5.858806372E-1,-3.852078915E0
2.923372802E1,8.065119982E-1,-5.736483335E-1,-4.091472626E0
2.924163207E1,7.727586627E-1,-5.393544436E-1,-4.390264034E0
2.924956664E1,7.226998806E-1,-5.224721432E-1,-4.647694588E0
2.925753173E1,6.694346666E-1,-4.838477373E-1,-4.844785213E0
2.926549682E1,7.378138304E-1,-4.691454172E-1,-5.005442619E0
2.927340087E1,8.467953205E-1,-3.992567062E-1,-5.175153732E0
2.928127440E1,8.901132345E-1,-4.574140310E-1,-5.234380722E0
2.928920897E1,7.933377624E-1,-4.613175392E-1,-5.104132175E0
2.929714354E1,4.759020805E-1,-4.562700987E-1,-4.894510269E0
2.930510863E1,1.159653366E-1,-5.455176830E-1,-4.722706795E0
2.931301268E1,-1.356550455E-1,-5.211744308E-1,-4.638844013E0
2.932094726E1,-4.581807256E-1,-2.033888102E-1,-4.353849888E0
2.932885131E1,-6.865097880E-1,1.822073460E-1,-3.925666332E0
2.933681640E1,-6.445298791E-1,6.394610405E-1,-3.558228016E0
2.934472045E1,-3.735074401E-1,8.473484516E-1,-2.851618290E0
2.935259398E1,-3.285032511E-2,1.063356638E0,-1.449461937E0
2.936049804E1,2.536731064E-1,1.294993401E0,-1.759243011E-2
2.936840209E1,5.656198263E-1,1.508612633E0,1.335074425E0
2.937636718E1,6.573765278E-1,1.747534990E0,2.748316765E0
2.938427123E1,4.299656153E-1,2.094187975E0,3.701027870E0
2.939217528E1,-2.201437950E-2,2.282100677E0,3.727071762E0
2.940007934E1,-3.207947314E-1,2.213227034E0,3.189074516E0
2.940798339E1,-6.362363100E-1,2.036194801E0,2.342229843E0
2.941594848E1,-8.896149993E-1,1.888741016E0,1.760663033E0
2.942391356E1,-9.130244851E-1,1.732273579E0,1.624852180E0
2.943181762E1,-7.882515788E-1,1.600185394E0,1.948603630E0
2.943972167E1,-5.193050504E-1,1.539492607E0,3.021174431E0
2.944762572E1,4.110348225E-2,1.566334486E0,4.394361496E0
2.945559081E1,5.328371525E-1,1.732680082E0,5.443402290E0
2.946346435E1,9.852848649E-1,2.018360615E0,6.320433617E0
2.947136840E1,1.495196104E0,2.602597952E0,6.658349991E0
2.947930297E1,1.352136970E0,3.080813646E0,5.882965088E0
2.948720702E1,1.272917986E0,2.850063086E0,4.584122658E0
2.949514159E1,1.350975037E0,2.315508127E0,3.130946159E0
2.950310668E1,1.116097569E0,1.478928804E0,2.548623085E0
2.951101073E1,7.085384130E-1,5.443174839E-1,2.758294106E0
2.951891479E1,2.916688919E-1,-5.522066355E-1,3.343585968E0
2.952681884E1,5.830621719E-2,-1.517495155E0,4.285473824E0
2.953478393E1,-2.067124844E-1,-1.952597618E0,5.462287903E0
2.954274901E1,-3.014994860E-1,-2.035853624E0,5.990301132E0
2.955068358E1,-1.216840744E-1,-2.045754910E0,5.622158051E0
2.955861815E1,9.088754654E-3,-1.909788609E0,4.115654945E0
2.956652221E1,-2.046406269E-2,-1.592154503E0,1.850550652E0
2.957448730E1,-5.397284031E-2,-1.356023073E0,-1.320075989E-1
2.958239135E1,4.449117184E-2,-1.130780578E0,-1.760661602E0
2.959029540E1,2.818622589E-1,-9.586462975E-1,-2.481799126E0
2.959819945E1,5.160956383E-1,-8.872219324E-1,-2.684990406E0
2.960610351E1,6.745960712E-1,-7.750315666E-1,-2.371527672E0
2.961406859E1,7.517369986E-1,-6.977597475E-1,-1.795635223E0
2.962200316E1,8.587880731E-1,-7.354409695E-1,-1.373226166E0
2.962987670E1,8.777884245E-1,-9.211003780E-1,-1.104993820E0
2.963781127E1,7.622153759E-1,-1.099547625E0,-7.748947144E-1
2.964568480E1,4.388835430E-1,-1.286587477E0,-6.582355499E-1
2.965368041E1,2.587947249E-1,-1.468063116E0,-8.146572113E-1
2.966155394E1,1.267552972E-1,-1.614944577E0,-1.246395111E0
2.966948852E1,-8.712780476E-2,-1.597755671E0,-1.635218620E0
2.967736205E1,-3.446319103E-1,-1.519263625E0,-2.024219036E0
2.968529662E1,-4.500440061E-1,-1.449346781E0,-2.439471245E0
2.969323119E1,-3.453099430E-1,-1.465699553E0,-3.143877029E0
2.970119628E1,-2.298911810E-1,-1.522747755E0,-3.794909000E0
2.970913085E1,-2.933087945E-1,-1.480824232E0,-4.294394970E0
2.971709594E1,-4.511466622E-1,-1.380482197E0,-4.809857368E0
2.972499999E1,-7.728815079E-1,-1.289634228E0,-5.302992821E0
2.973296508E1,-8.404200077E-1,-1.137065768E0,-5.685575485E0
2.974083861E1,-8.091646433E-1,-9.463358521E-1,-5.395596027E0
2.974874267E1,-7.262874842E-1,-6.235095263E-1,-4.021847725E0
2.975667724E1,-6.286126375E-1,-1.921125650E-1,-2.457408428E0
2.976458129E1,-3.168238997E-1,1.127820015E-1,-1.206085205E0
2.977254638E1,-1.393337250E-1,3.645721674E-1,-7.045698166E-1
2.978041991E1,-6.505617499E-2,4.642390013E-1,-6.726369858E-1
2.978832397E1,1.044917107E-2,5.703996420E-1,-1.182100296E0
2.979622802E1,-3.468251228E-2,5.927453041E-1,-2.004994869E0
2.980413207E1,-2.898022830E-1,6.597422361E-1,-2.989189625E0
2.981209716E1,-6.314272285E-1,6.875969172E-1,-3.826401711E0
2.982003173E1,-9.675390124E-1,8.626869917E-1,-4.455333233E0
2.982796630E1,-1.159600973E0,1.068445563E0,-4.424424648E0
2.983587035E1,-1.168710470E0,1.283045173E0,-3.547685623E0
2.984377440E1,-9.382339120E-1,1.292388201E0,-2.514831066E0
2.985173949E1,-6.563582420E-1,1.525771856E0,-1.435071945E0
2.985964354E1,-4.162926078E-1,1.756201744E0,2.684822083E-1
2.986751708E1,-3.421818912E-1,1.945540428E0,1.895110130E0
2.987542113E1,-3.535689116E-1,2.293866634E0,3.184432983E0
2.988335570E1,-5.047045946E-1,2.406681061E0,4.014991760E0
2.989132079E1,-8.153170347E-1,2.471804380E0,4.279200554E0
2.989922484E1,-5.550416708E-1,2.408255577E0,3.963003159E0
2.990712890E1,-3.219410777E-1,2.216650009E0,3.483291626E0
2.991503295E1,-2.106566429E-1,1.983195662E0,2.681362152E0
2.992296752E1,-3.052528203E-1,1.706928968E0,2.052268982E0
2.993093261E1,-4.099858403E-1,1.292016745E0,2.042602539E0
2.993883666E1,-5.364527702E-1,9.669061899E-1,2.565560341E0
2.994671020E1,-5.273883343E-1,7.396879196E-1,3.434194565E0
2.995464476E1,-4.602097273E-1,7.777057886E-1,4.506895065E0
2.996254882E1,-2.648506761E-1,7.975368500E-1,5.372801781E0
2.997048339E1,-2.165663838E-1,1.018757582E0,6.157300949E0
2.997844848E1,-4.194327593E-1,1.331257939E0,6.246174812E0
2.998632201E1,-7.504760623E-1,9.765951633E-1,5.262145042E0
2.999425658E1,-8.947773576E-1,6.051141024E-1,4.001441002E0
3.000219115E1,-1.203347921E0,-7.238256931E-2,2.669012070E0
3.001018676E1,-1.505436540E0,-8.457828164E-1,1.807470322E0
3.001809081E1,-1.645165324E0,-1.597444415E0,1.616233826E0
3.002599486E1,-1.818485260E0,-2.218303680E0,2.110330582E0
3.003389892E1,-2.000888348E0,-2.564615726E0,3.314919472E0
3.004183349E1,-2.078651905E0,-2.786274195E0,4.998826981E0
3.004982909E1,-2.111933231E0,-2.924980164E0,6.194968224E0
3.005773314E1,-2.044836521E0,-2.950349808E0,6.111354828E0
3.006563720E1,-2.077415943E0,-2.813598633E0,4.960307121E0
3.007357177E1,-2.237961292E0,-2.500209093E0,2.988872528E0
3.008147582E1,-2.308077574E0,-2.090631247E0,1.035429001E0
3.008947143E1,-2.169263124E0,-2.029568672E0,-8.088541031E-1
3.009737548E1,-1.852228284E0,-1.708366036E0,-1.963659763E0
3.010524901E1,-1.579801798E0,-1.412684798E0,-2.476734638E0
3.011318358E1,-1.161538839E0,-1.210393667E0,-2.472589016E0
3.012108764E1,-8.940089345E-1,-9.814184308E-1,-2.332529545E0
3.012911376E1,-4.885493815E-1,-6.945593357E-1,-2.334869862E0
3.013698730E1,9.006357193E-2,-6.453750134E-1,-2.173893929E0
3.014489135E1,3.774440587E-1,-5.098253489E-1,-1.972836018E0
3.015279540E1,4.977027178E-1,-3.738625050E-1,-2.028009415E0
3.016072997E1,7.142153382E-1,-4.651703835E-1,-1.972526073E0
3.016872558E1,8.601308465E-1,-4.088146687E-1,-2.744258881E0
3.017662963E1,9.344500899E-1,-3.982616663E-1,-2.783129215E0
3.018453368E1,7.028356194E-1,-5.490256548E-1,-3.089810848E0
3.019243773E1,4.609759450E-1,-5.117684603E-1,-3.204596519E0
3.020034179E1,3.450593352E-1,-6.250606775E-1,-3.211127281E0
3.020833739E1,3.513721824E-1,-7.324740887E-1,-3.032544136E0
3.021627196E1,4.233339727E-1,-7.891992927E-1,-2.857529163E0
3.022414550E1,4.014081359E-1,-7.634207010E-1,-2.954421043E0
3.023201903E1,2.838469744E-1,-7.223761082E-1,-3.313646317E0
3.023992309E1,1.636631191E-1,-6.698672771E-1,-3.796085358E0
3.024791869E1,1.813040823E-1,-5.940406322E-1,-4.122379780E0
3.025585326E1,2.225966007E-1,-5.162960291E-1,-4.048739433E0
3.026375731E1,2.538680732E-1,-3.948000669E-1,-3.946427345E0
3.027163085E1,2.453244925E-1,-1.942629814E-1,-3.973328114E0
3.027953490E1,1.618175954E-1,-2.798163891E-2,-4.035882950E0
3.028749999E1,9.560009837E-2,2.407017946E-1,-4.076636791E0
3.029540404E1,7.616402209E-2,4.968783855E-1,-3.983011246E0
3.030333861E1,-1.779884100E-2,7.390835285E-1,-3.712025642E0
3.031124267E1,-2.089291513E-1,8.788454533E-1,-3.390650272E0
3.031914672E1,-4.491957128E-1,1.046200037E0,-2.911349297E0
3.032711181E1,-6.288151741E-1,1.112821341E0,-2.303122997E0
3.033501586E1,-9.670606256E-1,1.007903576E0,-1.551871300E0
3.034288939E1,-9.626227617E-1,1.227959633E0,-3.513994217E-1
3.035079345E1,-1.099841356E0,1.304816723E0,1.025118828E0
3.035869750E1,-9.652921557E-1,1.343040466E0,2.305422783E0
3.036669311E1,-6.953274608E-1,1.375372648E0,2.913788795E0
3.037459716E1,-5.046738386E-1,1.495596409E0,3.197782516E0
3.038244018E1,-2.836475670E-1,1.578909636E0,3.102455139E0
3.039033764E1,-1.466832161E-1,1.566578150E0,2.791603088E0
3.039827221E1,-4.569193721E-2,1.707015991E0,2.235507965E0
3.040623730E1,8.692809939E-2,1.817424774E0,1.729553223E0
3.041417187E1,1.457862854E-1,1.781778812E0,1.529397011E0
3.042207592E1,1.957321763E-1,1.666347265E0,1.668051720E0
3.042997997E1,3.136011362E-1,1.407809258E0,2.204897881E0
3.043788402E1,5.036111474E-1,1.097861052E0,2.931338310E0
3.044587963E1,6.907683611E-1,7.529749870E-1,3.554038048E0
3.045381420E1,1.026615977E0,5.456087589E-1,4.037596703E0
3.046168774E1,1.532332897E0,5.985927582E-1,4.657763481E0
3.046965282E1,1.781557798E0,6.979010105E-1,5.165767670E0
3.047755688E1,2.333448410E0,1.508833647E0,5.139379501E0
3.048555248E1,2.042891026E0,2.057814121E0,4.473739624E0
3.049345653E1,1.982193947E0,1.836783409E0,3.381939888E0
3.050133007E1,1.647313595E0,1.255988121E0,1.859128952E0
3.050923412E1,1.164045095E0,6.073045731E-1,9.278783798E-1
3.051716869E1,5.194705725E-1,-1.584393978E-1,6.915445328E-1
3.052516430E1,4.374748468E-2,-9.696005583E-1,9.751024246E-1
3.053306835E1,-4.844731688E-1,-1.530911803E0,1.497229576E0
3.054097240E1,-1.041222334E0,-1.946745396E0,1.982789040E0
3.054887646E1,-1.373936176E0,-2.098834515E0,2.481283188E0
3.055681103E1,-1.267962933E0,-2.152479410E0,2.845427513E0
3.056480663E1,-1.052769899E0,-2.146284819E0,2.737107277E0
3.057274120E1,-5.866340399E-1,-2.073919058E0,1.888787270E0
3.058064526E1,-1.757099032E-1,-1.969485044E0,6.116590500E-1
3.058854931E1,-2.036249638E-2,-1.776622653E0,-5.731124878E-1
3.059645336E1,2.123910189E-2,-1.571275592E0,-1.233919144E0
3.060444897E1,1.763379574E-2,-1.376175523E0,-1.599168777E0
3.061235302E1,9.796172380E-2,-1.182175636E0,-1.624447346E0
3.062025707E1,1.720240116E-1,-1.101712108E0,-1.692420959E0
3.062819164E1,2.934583426E-1,-1.084634185E0,-1.981471062E0
3.063612621E1,2.389981151E-1,-1.221975803E0,-2.307178974E0
3.064412182E1,-7.064557076E-2,-1.351598620E0,-2.561752796E0
3.065202587E1,-3.812368810E-1,-1.462758422E0,-2.609560966E0
3.065992992E1,-7.267488837E-1,-1.613672256E0,-2.447915554E0
3.066783398E1,-9.298843145E-1,-1.687075734E0,-2.316166401E0
3.067576855E1,-1.179023623E0,-1.730721474E0,-2.389104843E0
3.068376415E1,-1.042062044E0,-1.654085398E0,-2.369271755E0
3.069166820E1,-9.812220335E-1,-1.460320950E0,-2.232481003E0
3.069954174E1,-6.915227771E-1,-1.012268662E0,-1.937992096E0
3.070750683E1,-8.893232346E-1,-1.115068674E0,-1.839356899E0
3.071541088E1,-8.085048199E-1,-6.438819170E-1,-1.897619724E0
3.072340648E1,-9.769425988E-1,-5.360760689E-1,-2.275210381E0
3.073131054E1,-1.015287638E0,-4.468979836E-1,-2.895997524E0
3.073918407E1,-1.090049267E0,-4.397394657E-1,-3.333569527E0
3.074711864E1,-1.202140808E0,-4.647538662E-1,-3.528641701E0
3.075502270E1,-1.045138955E0,-3.773583174E-1,-3.617699146E0
3.076304882E1,-9.342979193E-1,-3.477004766E-1,-3.782328606E0
3.077092236E1,-7.728787661E-1,-2.217557430E-1,-4.199776649E0
3.077882641E1,-5.748465657E-1,-1.612710953E-2,-4.489870548E0
3.078673046E1,-3.342328370E-1,6.198620796E-2,-4.196612358E0
3.079463451E1,-1.429447681E-1,2.514753342E-1,-3.502031803E0
3.080263012E1,3.152137995E-2,3.265171051E-1,-2.810080528E0
3.081056469E1,1.604537666E-1,3.235082626E-1,-2.213254929E0
3.081843822E1,2.117274404E-1,3.824996948E-1,-1.821655273E0
3.082631176E1,-5.500721931E-2,3.609359264E-1,-1.281441689E0
3.083421581E1,-6.969941258E-1,4.338181019E-1,-5.525970459E-1
3.084218090E1,-6.700164080E-1,5.746252537E-1,8.097305298E-1
3.085005444E1,-7.550530434E-1,6.440706253E-1,1.805317879E0
3.085795849E1,-7.205879688E-1,7.816834450E-1,2.784565926E0
3.086583202E1,-5.703075528E-1,9.878616333E-1,3.479858398E0
3.087373608E1,-4.206300974E-1,1.181577206E0,3.803654671E0
3.088170116E1,-3.586660624E-1,1.441063762E0,3.815768242E0
3.088966625E1,-3.243401051E-1,1.443433046E0,3.348600388E0
3.089760082E1,-1.272875369E-1,1.322485924E0,2.565067291E0
3.090550487E1,-1.323207766E-1,1.256127357E0,1.832711220E0
3.091340893E1,-3.350821435E-1,1.136447430E0,1.325277328E0
3.092140453E1,-5.513415933E-1,1.029205561E0,1.574807167E0
3.092933910E1,-7.632725835E-1,8.292088509E-1,2.339352608E0
3.093727367E1,-7.874734402E-1,5.995399952E-1,2.874094009E0
3.094517773E1,-7.975588441E-1,4.124751091E-1,3.597084999E0
3.095308178E1,-1.026922464E0,4.184904099E-1,4.207261086E0
3.096107738E1,-1.075975418E0,5.889768600E-1,4.755424500E0
3.096901195E1,-1.034253120E0,9.411535263E-1,4.945121765E0
3.097688549E1,-1.154680967E0,1.199047089E0,4.532784462E0
3.098478954E1,-1.138881326E0,9.727492332E-1,3.734830856E0
3.099272411E1,-1.258725286E0,5.259499550E-1,2.660876274E0
3.100071972E1,-1.361142278E0,4.808521271E-2,1.568984032E0
3.100862377E1,-1.337467909E0,-3.950223923E-1,8.361101151E-1
3.101649731E1,-1.394598007E0,-7.861851454E-1,9.661045074E-1
3.102446239E1,-1.374194026E0,-1.060735226E0,1.628945351E0
3.103236645E1,-9.544706345E-1,-1.359790802E0,2.841858864E0
3.104033153E1,-5.520200729E-1,-1.582458973E0,4.114624977E0
3.104826611E1,-3.845100999E-1,-1.572070599E0,4.792693138E0
3.105617016E1,-2.829064727E-1,-1.389733195E0,4.923655510E0
3.106407421E1,-4.342519343E-1,-1.192573071E0,4.558742523E0
3.107200878E1,-7.382817268E-1,-1.114926100E0,3.570288658E0
3.108003490E1,-8.172894716E-1,-9.839009047E-1,1.663134575E0
3.108793896E1,-1.204502344E0,-8.585623503E-1,5.083742142E-1
3.109581249E1,-1.346989393E0,-8.892261982E-1,-8.921155930E-1
3.110374706E1,-1.325046539E0,-9.447027445E-1,-1.883256435E0
3.111165111E1,-1.451589942E0,-1.007365346E0,-2.055068016E0
3.111961620E1,-1.325642943E0,-9.902147055E-1,-2.027959824E0
3.112752026E1,-1.076286554E0,-1.030754209E0,-1.975193024E0
3.113542431E1,-7.772285342E-1,-9.684418440E-1,-1.836668968E0
3.114335888E1,-4.981861413E-1,-9.497638941E-1,-1.699324131E0
3.115126293E1,-2.038237154E-1,-8.939433098E-1,-1.528996468E0
3.115925854E1,2.810381353E-2,-8.158369064E-1,-1.669842243E0
3.116716259E1,3.029974699E-1,-7.008734941E-1,-1.939269066E0
3.117503612E1,5.027326345E-1,-6.046996117E-1,-2.375391960E0
3.118300121E1,4.775001705E-1,-4.548918009E-1,-2.731677532E0
3.119087475E1,5.022103786E-1,-4.035943747E-1,-3.084900379E0
3.119887035E1,4.943025410E-1,-3.654717207E-1,-3.408503532E0
3.120677440E1,4.498600364E-1,-3.899630308E-1,-3.676292896E0
3.121464794E1,3.754069209E-1,-5.420725346E-1,-4.034255981E0
3.122258251E1,3.491513729E-1,-6.196243763E-1,-4.482144833E0
3.123051708E1,2.166576385E-1,-6.600512266E-1,-4.776470661E0
3.123848217E1,-1.689268276E-2,-7.306584120E-1,-4.848286629E0
3.124638622E1,-9.441526234E-2,-7.790110111E-1,-4.755556107E0
3.125425976E1,-2.099706531E-1,-7.458921671E-1,-4.392807007E0
3.126219433E1,-2.628111243E-1,-6.319396496E-1,-3.771863937E0
3.127009838E1,-1.147181913E-1,-3.974921703E-1,-2.997815132E0
3.127806347E1,8.856087923E-3,-2.066508532E-1,-2.372030735E0
3.128596752E1,1.482701898E-1,3.768777847E-2,-1.951200962E0
3.129387157E1,3.155982792E-1,2.357800007E-1,-1.754149437E0
3.130183666E1,3.856480718E-1,4.576981068E-1,-2.019911766E0
3.130974071E1,3.347832561E-1,5.570485592E-1,-2.405469894E0
3.131773632E1,2.663248181E-1,6.087179184E-1,-2.607922077E0
3.132567089E1,1.487800479E-2,6.090238094E-1,-2.762108326E0
3.133357494E1,-3.041016161E-1,5.483062267E-1,-2.785282135E0
3.134147900E1,-5.418219566E-1,5.427370071E-1,-2.544213295E0
3.134938305E1,-7.737467289E-1,5.407445431E-1,-1.587238312E0
3.135737865E1,-8.624300957E-1,6.374106407E-1,-4.473686218E-3
3.136534374E1,-6.209096909E-1,8.689730167E-1,1.650311470E0
3.137324779E1,-2.719620466E-1,1.013941050E0,2.971061707E0
3.138118236E1,1.894456446E-1,1.130061626E0,4.277680397E0
3.138908642E1,4.385342002E-1,1.306361437E0,5.113716125E0
3.139705150E1,4.970761538E-1,1.483955622E0,5.279717445E0
3.140495556E1,6.872177720E-1,1.483198643E0,4.531471252E0
3.141285961E1,7.233681679E-1,1.424208641E0,3.462683678E0
3.142076366E1,4.991959929E-1,1.444556713E0,2.723866463E0
3.142866772E1,3.178002238E-1,1.413929462E0,2.303648949E0
3.143660229E1,1.643511057E-1,1.252297163E0,2.086356163E0
3.144447582E1,2.162471414E-1,1.267745018E0,2.271758080E0
3.145237987E1,3.733610511E-1,1.222137690E0,2.785991669E0
3.146031444E1,8.320029378E-1,1.248692274E0,3.334958076E0
3.146821850E1,1.481180429E0,1.542407274E0,3.761284828E0
3.147618358E1,1.845038176E0,2.009975433E0,4.346035004E0
3.148408764E1,2.045485497E0,1.954341412E0,4.592436790E0
3.149199169E1,2.479928732E0,1.757030487E0,4.086533546E0
3.149992626E1,2.238680363E0,1.355314970E0,3.818924904E0
3.150786083E1,1.765511751E0,6.131954193E-1,3.795805931E0
3.151585644E1,1.232389212E0,-2.026412487E-1,3.767518044E0
3.152379101E1,5.279020667E-1,-9.334889650E-1,3.585576057E0
3.153172558E1,-1.847944260E-1,-1.452287793E0,3.393863678E0
3.153962963E1,-5.486011505E-1,-1.675305247E0,3.092150688E0
3.154753368E1,-5.947819948E-1,-1.786072731E0,2.759691238E0
3.155546825E1,-5.216659307E-1,-1.779509187E0,2.169986725E0
3.156340282E1,-1.569128036E-1,-1.632929802E0,1.062421799E0
3.157130688E1,2.864468694E-1,-1.520433903E0,-1.433067322E-1
3.157924145E1,7.214137912E-1,-1.334899426E0,-1.534873962E0
3.158714550E1,9.603619576E-1,-1.117494822E0,-2.536870956E0
3.159514111E1,8.731293678E-1,-9.172704220E-1,-2.795482159E0
3.160304516E1,6.492922902E-1,-6.910562515E-1,-2.550124168E0
3.161091869E1,6.050553322E-1,-7.068450451E-1,-2.283840656E0
3.161879223E1,5.153974295E-1,-7.651920319E-1,-1.987876415E0
3.162669628E1,4.292255640E-1,-8.875274658E-1,-1.794919968E0
3.163469189E1,3.311848640E-1,-1.072897196E0,-1.618227005E0
3.164256542E1,2.845360637E-1,-1.268664598E0,-1.469605446E0
3.165046947E1,2.278143764E-1,-1.401229739E0,-1.417594910E0
3.165837353E1,4.753941298E-2,-1.482452154E0,-1.344975471E0
3.166630810E1,-1.121859550E-1,-1.549377084E0,-1.435764313E0
3.167427318E1,-3.137337863E-1,-1.540795684E0,-1.689623356E0
3.168217724E1,-4.228078723E-1,-1.431977749E0,-1.909778118E0
3.169008129E1,-5.036931038E-1,-1.245025277E0,-2.167923927E0
3.169795483E1,-5.346375108E-1,-1.010052204E0,-2.478072166E0
3.170588940E1,-5.678408742E-1,-8.636151552E-1,-2.810881138E0
3.171385448E1,-7.098158598E-1,-7.048466206E-1,-3.185554028E0
3.172181957E1,-8.732386827E-1,-4.828407764E-1,-3.812905788E0
3.172969311E1,-9.804730415E-1,-4.019689560E-1,-4.305422306E0
3.173759716E1,-9.993330240E-1,-3.695936203E-1,-4.525350094E0
3.174547069E1,-9.518722892E-1,-2.864611149E-1,-4.343637943E0
3.175343578E1,-8.063653708E-1,-1.201446056E-1,-3.645694256E0
3.176140087E1,-4.807965755E-1,-8.162283897E-2,-2.732523918E0
3.176933544E1,-1.631295383E-1,-7.424926758E-2,-2.383149147E0
3.177727001E1,-2.245220989E-1,-8.108901978E-2,-1.907639503E0
3.178517406E1,-2.076506615E-1,5.517077446E-2,-2.265349865E0
3.179313915E1,-3.830790818E-1,1.550774574E-1,-2.861398220E0
3.180104320E1,-5.079349875E-1,3.538074493E-1,-3.677865505E0
3.180891674E1,-4.676224589E-1,4.430489540E-1,-4.224976540E0
3.181682079E1,-5.596620440E-1,5.161035061E-1,-4.305669308E0
3.182472485E1,-6.168551445E-1,5.877976418E-1,-4.102653027E0
3.183268993E1,-5.713888407E-1,6.868615150E-1,-3.185627937E0
3.184065502E1,-5.151783228E-1,7.245032787E-1,-1.740121841E0
3.184855907E1,-4.704810083E-1,9.306290150E-1,-2.845811844E-1
3.185643261E1,-4.263485670E-1,1.036460400E0,1.555242538E0
3.186436718E1,-2.559448183E-1,1.116775990E0,3.076457977E0
3.187233227E1,-2.891328931E-1,1.158397675E0,4.067439079E0
3.188020580E1,-4.344775081E-1,1.240733385E0,4.395689964E0
3.188814037E1,-6.149242520E-1,1.282079220E0,4.443758011E0
3.189601391E1,-7.989862561E-1,1.286676645E0,4.182489395E0
3.190394848E1,-9.687641859E-1,1.328893185E0,3.757923126E0
3.191188305E1,-1.021708608E0,1.384121180E0,3.006336212E0
3.191981762E1,-8.499156833E-1,1.338229895E0,2.154451370E0
3.192775219E1,-5.054851174E-1,1.205541134E0,1.359157562E0
3.193568676E1,-1.427391469E-1,1.007966995E0,9.238376617E-1
3.194359081E1,4.603270814E-2,8.322618008E-1,1.096748352E0
3.195155590E1,2.010310441E-2,9.216036797E-1,1.625011444E0
3.195955150E1,1.151315942E-1,1.098956823E0,2.366141319E0
3.196745556E1,3.144384921E-2,1.090941906E0,3.264638901E0
3.197535961E1,-1.182632446E-1,9.179780483E-1,4.387317657E0
3.198326366E1,-2.311516702E-1,5.795216560E-1,5.261533737E0
3.199122875E1,-4.516504705E-1,1.992976665E-1,5.678466797E0
3.199913280E1,-5.859463215E-1,-4.854518175E-1,5.430028915E0
3.200703686E1,-4.722300470E-1,-1.224844098E0,5.047247887E0
3.201497143E1,-4.533320665E-1,-1.768933058E0,5.055583954E0
3.202290600E1,-3.460492492E-1,-1.963776469E0,5.494364738E0
3.203090160E1,-2.694617212E-1,-1.888219237E0,5.827113152E0
3.203880566E1,-1.802386642E-1,-1.685705781E0,5.599815369E0
3.204667919E1,-2.261181176E-1,-1.332733631E0,4.485687256E0
3.205464428E1,-4.475008249E-1,-1.040081978E0,3.130140305E0
3.206254833E1,-7.893597484E-1,-8.365490437E-1,1.470114708E0
3.207051342E1,-1.061439753E0,-6.204168797E-1,-3.542804718E-2
3.207841747E1,-1.285478115E0,-5.142894983E-1,-9.401683807E-1
3.208632152E1,-1.411461115E0,-4.599554539E-1,-1.439477921E0
3.209425610E1,-1.479494333E0,-4.782419205E-1,-1.354585648E0
3.210212963E1,-1.577315331E0,-5.599924326E-1,-8.828563690E-1
3.211012524E1,-1.493317604E0,-5.947189331E-1,-4.250068665E-1
3.211802929E1,-1.362160444E0,-6.025433540E-1,-9.997940063E-2
3.212596386E1,-1.005614042E0,-5.891306400E-1,-4.116058350E-2
3.213386791E1,-7.151679993E-1,-5.645461082E-1,-2.694444656E-1
3.214174145E1,-4.156710804E-1,-5.346331596E-1,-6.165857315E-1
3.214973705E1,-1.554870903E-1,-4.621858597E-1,-1.114024162E0
3.215767162E1,3.008961678E-3,-4.598933458E-1,-1.598942757E0
3.216557568E1,2.323232591E-1,-4.491975307E-1,-2.142764568E0
3.217351024E1,3.430902660E-1,-4.608063698E-1,-2.745566845E0
3.218144482E1,3.735828996E-1,-4.482492208E-1,-3.242637157E0
3.218947094E1,3.713620305E-1,-4.814518690E-1,-3.686527729E0
3.219737499E1,3.479560912E-1,-5.376945734E-1,-3.976835728E0
3.220524853E1,3.258237541E-1,-5.903118849E-1,-4.285970688E0
3.221321361E1,3.886808157E-1,-6.656624079E-1,-4.424774170E0
3.222111767E1,4.450537860E-1,-7.846965790E-1,-4.453185081E0
3.222908276E1,4.839769900E-1,-8.858605623E-1,-4.371033669E0
3.223698681E1,4.462046623E-1,-8.980253935E-1,-4.024980545E0
3.224486034E1,4.389345348E-1,-8.751763105E-1,-3.649420261E0
3.225276440E1,4.362884462E-1,-8.433662653E-1,-3.494832039E0
3.226069897E1,5.383860469E-1,-7.682325840E-1,-3.669100285E0
3.226869457E1,5.220729709E-1,-5.505447388E-1,-4.098172188E0
3.227659862E1,4.552754760E-1,-3.444528580E-1,-4.471051216E0
3.228447216E1,4.621958137E-1,-1.552286148E-1,-4.774257660E0
3.229237621E1,5.034871101E-1,-1.421642303E-2,-4.898113728E0
3.230028027E1,4.180468321E-1,1.828064919E-1,-4.539374352E0
3.230824535E1,2.573967874E-1,2.952954769E-1,-3.959236622E0
3.231614941E1,5.234400928E-2,3.178532124E-1,-3.140877247E0
3.232402294E1,3.557401896E-2,1.564328671E-1,-2.220721245E0
3.233192699E1,-1.577338576E-2,8.073544502E-2,-1.272274017E0
3.233983105E1,-7.477758825E-2,2.366752625E-1,-2.956314087E-1
3.234782665E1,-1.144001484E-1,5.184395313E-1,8.649435043E-1
3.235573070E1,2.742144465E-2,9.869902134E-1,1.893798828E0
3.236366527E1,2.352593839E-1,1.305004120E0,2.489858627E0
3.237156933E1,5.031136274E-1,1.665078878E0,2.859401703E0
3.237947338E1,6.822861433E-1,1.805330992E0,2.734530449E0
3.238743847E1,7.377713323E-1,1.909861565E0,2.470914841E0
3.239534252E1,6.790968180E-1,1.783628941E0,2.083166122E0
3.240324657E1,7.016903162E-1,1.650837183E0,1.716562271E0
3.241115063E1,4.680154324E-1,1.592705250E0,1.656758308E0
3.241911571E1,3.028551936E-1,1.588390112E0,1.675037384E0
3.242708080E1,1.671716571E-1,1.460504770E0,1.772893906E0
3.243495434E1,2.377550006E-1,1.399353504E0,2.034356117E0
3.244285839E1,4.346204400E-1,1.471782446E0,2.433057785E0
3.245073192E1,7.066437006E-1,1.591717243E0,2.604954720E0
3.245866650E1,9.664519429E-1,1.504816055E0,2.838068008E0
3.246663158E1,1.082801938E0,1.416704893E0,3.115472794E0
3.247453564E1,1.182110786E0,1.081195593E0,3.608850479E0
3.248243969E1,1.387168646E0,5.488302708E-1,4.041134834E0
3.249034374E1,1.436283231E0,-1.668419838E-1,4.584762573E0
3.249824779E1,1.233041048E0,-8.933809996E-1,5.227419853E0
3.250618236E1,9.424159527E-1,-1.347495675E0,5.644597054E0
3.251414745E1,6.386662722E-1,-1.580248117E0,6.066760063E0
3.252202099E1,3.664375544E-1,-1.520988822E0,6.346021652E0
3.252995556E1,3.212535381E-1,-1.440256834E0,6.272490501E0
3.253785961E1,3.451299071E-1,-1.273032069E0,5.639643669E0
3.254579418E1,5.246273279E-1,-1.124661684E0,4.521449089E0
3.255375927E1,6.363154054E-1,-1.009266496E0,3.133227348E0
3.256169384E1,5.691003799E-1,-9.255840778E-1,2.046690941E0
3.256962841E1,4.143999219E-1,-8.443254232E-1,1.068422318E0
3.257753246E1,2.290251255E-1,-8.119660616E-1,4.656829834E-1
3.258546703E1,1.455951333E-1,-9.008651972E-1,-9.141921997E-3
3.259340160E1,2.217656672E-1,-1.058628798E0,-4.205379486E-1
3.260130566E1,3.091479838E-1,-1.205678463E0,-8.333377838E-1
3.260917919E1,3.941885233E-1,-1.289616108E0,-1.142706871E0
3.261711376E1,4.508426189E-1,-1.395972371E0,-1.250066757E0
3.262507885E1,5.365118980E-1,-1.524685621E0,-1.225394249E0
3.263301342E1,5.714303255E-1,-1.561514497E0,-1.216819763E0
3.264094799E1,5.184276104E-1,-1.562535644E0,-1.324046135E0
3.264882152E1,4.284316003E-1,-1.582786322E0,-1.433948517E0
3.265678661E1,4.336661398E-1,-1.510449052E0,-1.466931343E0
3.266478222E1,3.086749613E-1,-1.434911013E0,-1.521049023E0
3.267265575E1,2.795915902E-1,-1.342863321E0,-1.705744743E0
3.268059032E1,2.499392927E-1,-1.261902452E0,-2.049534321E0
3.268849438E1,4.161161184E-2,-1.124311686E0,-2.507150650E0
3.269639843E1,4.724591970E-3,-1.019121647E0,-2.992280483E0
3.270436352E1,-5.412892997E-2,-9.795724154E-1,-3.388057709E0
3.271229809E1,-4.033464193E-2,-8.945397139E-1,-3.977161407E0
3.272020214E1,3.036941588E-2,-8.989001513E-1,-4.757514477E0
3.272813671E1,1.156367809E-1,-7.594174147E-1,-5.143262386E0
3.273604076E1,1.515693069E-1,-6.469708681E-1,-4.767148018E0
3.274400585E1,2.839246392E-1,-5.776016712E-1,-3.798802376E0
3.275187939E1,4.631344080E-1,-5.285203457E-1,-2.800045490E0
3.275978344E1,4.539005160E-1,-4.929680824E-1,-2.326954365E0
3.276771801E1,4.215440452E-1,-3.698614836E-1,-2.261297703E0
3.277562206E1,2.487562299E-1,-3.329126835E-1,-2.327475071E0
3.278358715E1,-1.671739668E-2,-1.821672916E-1,-2.558146477E0
3.279146069E1,-3.561418504E-2,-1.269741058E-1,-2.978070736E0
3.279936474E1,-1.005909592E-1,-4.871845245E-3,-3.357820034E0
3.280732983E1,-1.402735710E-2,1.708059311E-1,-3.599393368E0
3.281523388E1,-5.661708117E-2,3.715755939E-1,-3.581901550E0
3.282319897E1,-1.206697226E-1,5.033638477E-1,-3.268101692E0
3.283110302E1,-1.164852753E-1,6.704478264E-1,-2.718243122E0
3.283897655E1,-1.285628229E-1,7.129344940E-1,-1.975615025E0
3.284691112E1,3.244337440E-2,8.326196671E-1,-1.200854301E0
3.285481518E1,1.329027414E-1,9.220001698E-1,-9.409332275E-2
3.286274975E1,1.583886147E-2,1.015313864E0,1.021936417E0
3.287068432E1,-8.922974765E-2,1.022833109E0,1.815482140E0
3.287858837E1,-5.992847681E-2,1.241819143E0,2.263232231E0
3.288652294E1,-3.085373342E-1,1.159720898E0,2.506563187E0
3.289442699E1,-3.549710512E-1,1.121331215E0,2.482202530E0
3.290236156E1,-3.847420514E-1,9.948487282E-1,2.307882309E0
3.291029613E1,-4.352187812E-1,8.152003288E-1,2.196167946E0
3.291823070E1,-4.904738963E-1,6.517777443E-1,2.057540894E0
3.292613476E1,-5.298782587E-1,3.987362385E-1,1.975151062E0
3.293400829E1,-6.239430308E-1,4.536516666E-1,2.270509720E0
3.294206493E1,-8.328896761E-1,2.477982044E-1,2.465295792E0
3.295009106E1,-8.416801095E-1,3.090507984E-1,2.686728477E0
3.295796459E1,-7.287214994E-1,5.735511780E-1,2.872401237E0
3.296589916E1,-1.026267409E0,5.758180618E-1,2.920592308E0
3.297380321E1,-9.345904589E-1,3.924140930E-1,3.164943695E0
3.298176830E1,-1.127606988E0,5.830883980E-2,3.348025322E0
3.298970287E1,-1.155151844E0,-3.453888893E-1,3.166610718E0
3.299757641E1,-1.197685242E0,-7.886283398E-1,2.629071236E0
3.300554150E1,-1.001599789E0,-1.180776238E0,2.167222977E0
3.301344555E1,-9.820379615E-1,-1.492856741E0,2.227056503E0
3.302144115E1,-8.059597611E-1,-1.657914042E0,2.576192856E0
3.302934521E1,-6.442279220E-1,-1.610493779E0,2.942004204E0
3.303721874E1,-5.844988227E-1,-1.432779431E0,3.063689232E0
3.304518383E1,-4.587476850E-1,-1.204733968E0,2.963074684E0
3.305308788E1,-4.607299566E-1,-1.011884689E0,2.754391670E0
3.306105297E1,-4.522369206E-1,-7.546627522E-1,2.130084991E0
3.306892650E1,-6.035055518E-1,-6.108341217E-1,9.196310043E-1
3.307683056E1,-7.765016556E-1,-5.663542747E-1,-4.132099152E-1
3.308473461E1,-1.045240879E0,-6.218678951E-1,-1.788430691E0
3.309266918E1,-1.416526318E0,-6.334388256E-1,-2.577198029E0
3.310060375E1,-1.616797328E0,-7.226898670E-1,-2.630477428E0
3.310853832E1,-1.481255293E0,-8.240051270E-1,-2.039508343E0
3.311644237E1,-1.292555809E0,-9.366986752E-1,-8.823528290E-1
3.312434643E1,-1.120523453E0,-9.599473476E-1,5.772018433E-2
3.313225048E1,-8.519459367E-1,-9.632531404E-1,5.176773071E-1
3.314021557E1,-5.280083418E-1,-9.143759012E-1,8.178653717E-1
3.314815014E1,-2.425635010E-1,-7.808213234E-1,8.597812653E-1
3.315605419E1,4.359320551E-2,-6.471972466E-1,6.702098846E-1
3.316392773E1,2.462809980E-1,-5.416054726E-1,4.379301071E-1
3.317186230E1,2.888550162E-1,-3.834979534E-1,-2.367982864E-1
3.317979687E1,3.449913263E-1,-3.526980877E-1,-1.230009079E0
3.318773144E1,3.998668194E-1,-3.450634480E-1,-2.206461906E0
3.319563549E1,3.623319566E-1,-3.666253090E-1,-2.788205147E0
3.320353954E1,3.085993528E-1,-4.281148911E-1,-3.517305851E0
3.321144360E1,2.736719847E-1,-4.856836796E-1,-4.410726070E0
3.321937816E1,3.437325358E-1,-5.875430107E-1,-5.071605206E0
3.322728222E1,3.120389581E-1,-7.583307028E-1,-5.556123257E0
3.323518627E1,8.105915785E-2,-7.968938351E-1,-5.520195961E0
3.324309032E1,8.524462581E-2,-8.973641396E-1,-5.057827473E0
3.325102489E1,8.017258346E-2,-1.011940479E0,-4.347824097E0
3.325898998E1,1.137595102E-1,-9.418634176E-1,-3.181163788E0
3.326689403E1,5.435476452E-2,-7.188338041E-1,-2.269818306E0
3.327479809E1,6.172113121E-3,-5.571451187E-1,-1.998288155E0
3.328273266E1,-4.259835184E-2,-3.847045898E-1,-2.184082031E0
3.329066723E1,-1.339616776E-1,-2.607388496E-1,-2.864464760E0
3.329863232E1,-1.411431879E-1,-2.498245239E-2,-3.839559555E0
3.330653637E1,-1.340157539E-1,1.330754757E-1,-4.523969650E0
3.331447094E1,-1.887660921E-1,4.083690643E-1,-4.594245911E0
3.332234447E1,-2.973709106E-1,6.114749908E-1,-4.121061802E0
3.333024853E1,-9.290823340E-2,6.472210884E-1,-3.388404846E0
3.333824413E1,1.616293490E-1,6.455345154E-1,-2.246672153E0
3.334614819E1,2.850109339E-1,6.545732021E-1,-7.503128052E-1
3.335402172E1,4.133386612E-1,5.815432072E-1,9.741868973E-1
3.336189526E1,3.948890269E-1,5.897703171E-1,2.227075577E0
3.336979931E1,3.009193242E-1,7.349104881E-1,3.174647331E0
3.337779491E1,2.499415874E-1,9.202370644E-1,3.626865387E0
3.338569897E1,2.866366506E-1,1.068243980E0,3.765381813E0
3.339360302E1,3.090171218E-1,1.182205677E0,3.332075119E0
3.340150707E1,3.000623286E-1,1.279386282E0,2.504151344E0
3.340944164E1,2.428358197E-1,1.422689438E0,1.641661644E0
3.341740673E1,1.926357746E-1,1.457967281E0,1.176958084E0
3.342531078E1,2.293444872E-1,1.384933710E0,9.005022049E-1
3.343327587E1,4.416549802E-1,1.236931801E0,9.337863922E-1
3.344121044E1,7.076531053E-1,1.119536877E0,1.507669449E0
3.344908398E1,9.043228626E-1,1.141108990E0,2.407069206E0
3.345707958E1,1.216741562E0,1.385751486E0,3.352405548E0
3.346501415E1,1.517218113E0,1.637195826E0,4.007041931E0
3.347291820E1,1.754298329E0,1.449502945E0,4.381714821E0
3.348085277E1,1.944283962E0,1.148654938E0,4.598649979E0
3.348878734E1,1.701435328E0,6.802122593E-1,4.557708740E0
3.349675243E1,1.453366280E0,1.518323421E-1,4.538624763E0
3.350465649E1,1.208372355E0,-5.222709179E-1,4.863609314E0
3.351256054E1,8.676073551E-1,-1.298497796E0,5.508487701E0
3.352046459E1,4.537444115E-1,-1.821049333E0,5.904041290E0
3.352836864E1,1.083146930E-1,-1.964023829E0,5.905470848E0
3.353636425E1,-1.357078552E-2,-1.831659198E0,5.549224854E0
3.354426830E1,-1.993119717E-2,-1.674450636E0,4.713586807E0
3.355217236E1,1.341690421E-1,-1.434951544E0,3.356731415E0
3.356010692E1,3.504199386E-1,-1.284828186E0,2.155320168E0
3.356804150E1,5.813342929E-1,-1.030189991E0,8.165569305E-1
3.357603710E1,8.826593161E-1,-7.690567970E-1,-3.018217087E-1
3.358394115E1,1.109771729E0,-6.465234756E-1,-9.618358612E-1
3.359184521E1,8.578817844E-1,-5.186712742E-1,-1.098363876E0
3.359974926E1,1.249078751E0,-7.583097219E-1,-1.014919281E0
3.360765331E1,1.031878114E0,-7.941418886E-1,-9.697217941E-1
3.361564892E1,9.544399977E-1,-1.075700998E0,-8.485260010E-1
3.362358349E1,7.651375532E-1,-1.356396675E0,-6.651306152E-1
3.363148754E1,2.691706121E-1,-1.642916560E0,-3.711452484E-1
3.363939159E1,-2.247931063E-2,-1.865516305E0,-3.634166718E-1
3.364729565E1,-3.938797116E-1,-2.011199236E0,-4.542417526E-1
3.365529125E1,-7.565794587E-1,-2.044666052E0,-5.788488388E-1
3.366316479E1,-1.017608762E0,-2.042851686E0,-6.833343506E-1
3.367106884E1,-1.092863321E0,-1.992228746E0,-1.188361168E0
3.367903393E1,-1.120222569E0,-1.810455799E0,-1.808214188E0
3.368696850E1,-1.127952814E0,-1.530680656E0,-2.562234402E0
3.369499462E1,-1.055375099E0,-1.254646540E0,-3.358514309E0
3.370289867E1,-8.932121992E-1,-9.744014740E-1,-4.032030582E0
3.371083324E1,-8.355862498E-1,-7.133154869E-1,-4.406241417E0
3.371876781E1,-8.111866713E-1,-4.283478260E-1,-4.488851547E0
3.372667187E1,-7.287943363E-1,-1.101503372E-1,-4.213267326E0
3.373463695E1,-4.508457482E-1,7.019686699E-2,-3.732438087E0
3.374251049E1,-2.058032155E-1,1.682233810E-1,-3.148862362E0
3.375041454E1,-2.507555485E-2,3.190717697E-1,-2.569460869E0
3.375828808E1,-1.444727629E-1,4.894454479E-1,-2.175788403E0
3.376622265E1,-3.056313992E-1,6.464142799E-1,-1.952626228E0
3.377418774E1,-4.192341566E-1,8.199555874E-1,-1.888301373E0
3.378209179E1,-5.508362055E-1,8.163371086E-1,-2.076221943E0
3.378996532E1,-4.823249578E-1,7.968966961E-1,-2.281397820E0
3.379783886E1,-4.078071713E-1,7.163646221E-1,-2.492921352E0
3.380574291E1,-4.406484365E-1,6.188609600E-1,-2.400297642E0
3.381373852E1,-4.833732247E-1,5.026640892E-1,-1.746186256E0
3.382167309E1,-5.795042515E-1,5.054879189E-1,-8.564929962E-1
3.382954662E1,-7.117624879E-1,5.171086788E-1,4.531431198E-1
3.383748119E1,-7.170075178E-1,5.899167061E-1,1.806893349E0
3.384538524E1,-7.588671446E-1,6.006386280E-1,2.688972473E0
3.385331982E1,-7.016840577E-1,6.524441242E-1,3.433218002E0
3.386125439E1,-7.696290612E-1,7.687766552E-1,3.660729408E0
3.386915844E1,-9.772411585E-1,8.079557419E-1,3.326251030E0
3.387712353E1,-1.055038095E0,8.667790890E-1,2.651115417E0
3.388505810E1,-1.305777669E0,8.746888638E-1,1.564677238E0
3.389302319E1,-1.272924304E0,7.445588112E-1,7.388906479E-1
3.390092724E1,-1.188979268E0,6.618988514E-1,3.613624573E-1
3.390880077E1,-1.099487543E0,5.288236141E-1,1.481990814E-1
3.391676586E1,-1.010892034E0,3.240399361E-1,1.559534073E-1
3.392463940E1,-8.604962826E-1,9.692811966E-2,7.560997009E-1
3.393263500E1,-8.292590380E-1,3.908395767E-2,1.728913307E0
3.394063061E1,-7.750325203E-1,1.389288902E-1,2.715828896E0
3.394850414E1,-6.859031916E-1,3.190469742E-1,3.040199280E0
3.395640819E1,-5.468990803E-1,2.724103928E-1,2.887922287E0
3.396431225E1,-4.009732604E-1,6.131935120E-2,2.652480125E0
3.397230785E1,-2.373079658E-1,-1.898765564E-1,2.389148712E0
3.398021191E1,-3.507427573E-1,-4.073596001E-1,1.937645912E0
3.398808544E1,-3.221445680E-1,-7.042731047E-1,1.654057503E0
3.399605053E1,-3.647814989E-1,-1.179774165E0,1.960780144E0
3.400395458E1,-4.438620210E-1,-1.615681410E0,2.497732162E0
3.401188915E1,-5.389081240E-1,-1.818334341E0,3.014884949E0
3.401985424E1,-7.417863011E-1,-1.814824104E0,3.467714310E0
3.402778881E1,-9.351535439E-1,-1.602825642E0,3.749358177E0
3.403566234E1,-9.564763308E-1,-1.397396684E0,3.517169952E0
3.404359692E1,-1.127500057E0,-1.173601031E0,2.655239105E0
3.405159252E1,-1.176066399E0,-9.436808825E-1,1.651134491E0
3.405952709E1,-1.236374617E0,-7.550224066E-1,1.753921509E-1
3.406746166E1,-1.249795198E0,-6.269659996E-1,-1.193879128E0
3.407533520E1,-1.268377066E0,-6.416225433E-1,-2.066518784E0
3.408326977E1,-1.208240151E0,-6.687052250E-1,-2.051636696E0
3.409120434E1,-1.122843742E0,-6.928447485E-1,-1.329818726E0
3.409916942E1,-8.928030729E-1,-7.697651386E-1,-3.270406723E-1
3.410704296E1,-7.415616512E-1,-8.599067926E-1,4.275751114E-1
3.411494701E1,-5.374747515E-1,-8.983479738E-1,7.600717545E-1
3.412285106E1,-3.264684677E-1,-8.951923847E-1,7.293043137E-1
3.413084667E1,-2.523909211E-1,-8.540787697E-1,6.007938385E-1
3.413881176E1,-2.675575018E-1,-7.360571623E-1,4.790201187E-1
3.414671581E1,-3.452156484E-1,-5.748157501E-1,8.859729767E-2
3.415465038E1,-4.355265498E-1,-4.337691069E-1,-6.133718491E-1
3.416255444E1,-4.468783140E-1,-3.442976475E-1,-1.510342598E0
3.417051952E1,-4.162511826E-1,-2.600445747E-1,-2.348023891E0
3.417839306E1,-3.705967367E-1,-1.884953976E-1,-3.198736668E0
3.418632763E1,-3.423444629E-1,-1.446900368E-1,-3.983865738E0
3.419426220E1,-4.145791531E-1,-1.040914059E-1,-4.639451981E0
3.420216625E1,-4.279347658E-1,-6.423830986E-2,-5.096639156E0
3.421013134E1,-4.905449748E-1,-7.678556442E-2,-5.030610085E0
3.421800487E1,-7.027693391E-1,-9.226536751E-2,-4.764349937E0
3.422590893E1,-7.198492289E-1,-1.389400959E-1,-4.639751434E0
3.423378246E1,-8.866471052E-1,-2.432777882E-1,-4.414408684E0
3.424171703E1,-9.994822741E-1,-2.338638306E-1,-3.954075336E0
3.424968212E1,-9.409427047E-1,-2.232828140E-1,-3.622170448E0
3.425761669E1,-8.015303612E-1,-2.171630859E-1,-3.516651630E0
3.426549023E1,-7.049056292E-1,-1.370899677E-1,-3.752271175E0
3.427345531E1,-5.623397231E-1,6.493449211E-2,-4.068017960E0
3.428135937E1,-4.959393740E-1,1.676232815E-1,-4.232494831E0
3.428935497E1,-3.586389720E-1,2.571456432E-1,-4.124127388E0
3.429725902E1,-3.093511164E-1,3.802373409E-1,-3.929834843E0
3.430513256E1,-3.698621392E-1,3.889150620E-1,-3.769478321E0
3.431309765E1,-3.305320144E-1,4.757061005E-1,-3.482816219E0
3.432103222E1,-4.176715910E-1,5.048363209E-1,-2.664114952E0
3.432899731E1,-4.740297794E-1,6.406545639E-1,-1.626923084E0
3.433687084E1,-5.168477893E-1,7.590868473E-1,-7.519264221E-1
3.434477489E1,-5.714657903E-1,7.685174942E-1,3.900718689E-1
3.435264843E1,-6.259775758E-1,9.956636429E-1,1.696310043E0
3.436055248E1,-5.953656435E-1,1.289004803E0,2.951006889E0
3.436854809E1,-5.047715902E-1,1.482918739E0,4.193746567E0
3.437651318E1,-2.233235836E-1,1.526687145E0,4.815226555E0
3.438444774E1,-1.561987400E-2,1.553142071E0,4.551260948E0
3.439232128E1,-9.202057123E-2,1.582423687E0,3.863203049E0
3.440022533E1,-1.228562593E-1,1.675549269E0,3.061702728E0
3.440822094E1,-8.438116312E-2,1.665709019E0,2.519380569E0
3.441615551E1,1.360443234E-1,1.580170870E0,2.287966728E0
3.442409008E1,3.072807193E-1,1.557962179E0,2.379035950E0
3.443199413E1,5.833803415E-1,1.454528093E0,2.809587479E0
3.443998974E1,1.056182504E0,1.604900837E0,3.567761421E0
3.444792431E1,1.346618891E0,2.003188372E0,3.916440964E0
3.445588940E1,1.473073363E0,2.094889164E0,4.005006790E0
3.446382397E1,1.825457096E0,1.835492849E0,4.060764313E0
3.447175854E1,1.808907986E0,1.280912876E0,4.144896507E0
3.447966259E1,1.570396543E0,6.716034412E-1,4.649177551E0
3.448759716E1,1.212788105E0,-1.369223595E-1,5.280264854E0
3.449556225E1,8.394584656E-1,-9.453358650E-1,5.907367706E0
3.450349682E1,2.867650986E-1,-1.406424999E0,6.237005234E0
3.451137035E1,1.462817192E-2,-1.605533600E0,6.055018425E0
3.451927441E1,-1.478822231E-1,-1.602082372E0,5.247319221E0
3.452727001E1,-2.033177614E-1,-1.611554265E0,4.099496841E0
3.453520458E1,-3.238824606E-1,-1.436414123E0,2.412136078E0
3.454310863E1,-2.985943556E-1,-1.302047014E0,6.917486191E-1
3.455101269E1,-2.048940063E-1,-1.145634174E0,-1.124775887E0
3.455894726E1,-1.358488202E-1,-9.527907372E-1,-2.292537689E0
3.456694286E1,-7.789671421E-2,-7.925128937E-1,-2.763092518E0
3.457484692E1,-1.283827424E-1,-8.328322172E-1,-2.564736366E0
3.458272045E1,3.716528416E-3,-6.271229982E-1,-2.626145363E0
3.459065502E1,-9.637176991E-2,-8.139076233E-1,-2.027502060E0
3.459855907E1,1.866451502E-1,-9.703512192E-1,-1.987204075E0
3.460649364E1,8.489465714E-2,-1.151517510E0,-1.770764828E0
3.461445873E1,5.152434111E-2,-1.314642787E0,-1.579036713E0
3.462233227E1,-1.112614870E-1,-1.374111772E0,-1.485754967E0
3.463023632E1,-1.127828360E-1,-1.431624651E0,-1.495504856E0
3.463817089E1,-2.738642693E-1,-1.487010241E0,-1.560641766E0
3.464613598E1,-4.952688217E-1,-1.487995982E0,-1.762541771E0
3.465404003E1,-5.780918598E-1,-1.394169331E0,-2.229836941E0
3.466191356E1,-5.429558754E-1,-1.393105984E0,-2.902369976E0
3.466984814E1,-6.127491593E-1,-1.375362635E0,-3.548493862E0
3.467775219E1,-7.055290937E-1,-1.279543877E0,-3.977077484E0
3.468571728E1,-7.026687264E-1,-1.316520691E0,-4.267721176E0
3.469362133E1,-8.148823977E-1,-1.228370667E0,-4.384314060E0
3.470152538E1,-1.011501908E0,-1.021126151E0,-3.805101395E0
3.470945995E1,-8.578319550E-1,-8.451042175E-1,-3.131013393E0
3.471736400E1,-6.033896804E-1,-6.606234312E-1,-2.107423306E0
3.472532909E1,-3.892234564E-1,-3.034620285E-1,-1.162178993E0
3.473326366E1,-3.161556721E-1,3.930139542E-2,-8.421449661E-1
3.474116772E1,-2.423142195E-1,2.176156044E-1,-1.022609711E0
3.474904125E1,-3.024253547E-1,5.035319328E-1,-1.768048763E0
3.475697582E1,-2.709397078E-1,6.687803268E-1,-2.592188358E0
3.476497143E1,-3.928031027E-1,7.763634920E-1,-3.252285004E0
3.477287548E1,-4.165497124E-1,9.220833778E-1,-3.509819508E0
3.478074902E1,-4.116213620E-1,1.011052132E0,-3.566618443E0
3.478871410E1,-4.353639781E-1,1.079896331E0,-3.365406036E0
3.479661816E1,-5.208897591E-1,1.091929197E0,-3.054998398E0
3.480458324E1,-7.275002599E-1,1.110532165E0,-2.637653351E0
3.481248730E1,-9.492003918E-1,9.799972773E-1,-2.156471729E0
3.482036083E1,-1.095805883E0,8.251258135E-1,-1.233768463E0
3.482829540E1,-1.011450291E0,8.618283272E-1,1.973457336E-1
3.483619945E1,-1.038808823E0,8.213555813E-1,2.299787521E0
3.484416454E1,-1.186449051E0,9.375303984E-1,4.172092438E0
3.485206860E1,-1.126359344E0,1.028374910E0,5.363263130E0
3.485994213E1,-9.095372558E-1,1.082460761E0,5.893716812E0
3.486790722E1,-6.649885774E-1,1.045938611E0,5.515958786E0
3.487581127E1,-6.685900092E-1,1.091337204E0,4.406387329E0
3.488377636E1,-7.101071477E-1,1.029882908E0,3.285794258E0
3.489168041E1,-9.046134949E-1,9.746665955E-1,1.994341850E0
3.489955395E1,-1.041781306E0,7.959470749E-1,1.014345169E0
3.490748852E1,-1.114285946E0,5.480198860E-1,6.101665497E-1
3.491539257E1,-1.187128067E0,3.221755028E-1,8.265466690E-1
3.492335766E1,-1.254423141E0,8.395433426E-2,1.564878464E0
3.493129223E1,-1.146226287E0,2.275872231E-2,2.750278473E0
3.493922680E1,-1.063210130E0,9.716844559E-2,3.477025986E0
3.494716137E1,-9.372033477E-1,3.882639408E-1,3.808475494E0
3.495506542E1,-1.104691625E0,5.188553333E-1,3.710021973E0
3.496299999E1,-1.199404836E0,3.741300106E-1,3.115114212E0
3.497096508E1,-1.181091309E0,1.390819550E-1,2.376626968E0
3.497889965E1,-1.028838515E0,1.790156364E-1,1.280735016E0
3.498677319E1,-8.811596036E-1,6.982707977E-2,3.819656372E-1
3.499470776E1,-6.992052794E-1,-2.062406540E-1,1.355266571E-2
3.500264233E1,-6.451869011E-1,-6.728639603E-1,6.173896790E-2
3.501060741E1,-5.437005758E-1,-1.178189039E0,7.220029831E-1
3.501848095E1,-4.623126090E-1,-1.593384981E0,1.773114204E0
3.502644604E1,-5.891897678E-1,-1.811525345E0,2.764535904E0
3.503435009E1,-7.708954811E-1,-1.878722668E0,3.486907005E0
3.504231518E1,-8.956723809E-1,-1.857147932E0,3.539599419E0
3.505018871E1,-9.284633398E-1,-1.700158119E0,3.145994186E0
3.505806225E1,-9.286266565E-1,-1.500410557E0,2.582144737E0
3.506596630E1,-9.020858407E-1,-1.235837102E0,1.715675354E0
3.507387035E1,-8.287860155E-1,-9.337810278E-1,8.239908218E-1
3.508183544E1,-7.161896825E-1,-8.257032633E-1,6.204509735E-2
3.508973949E1,-4.786553383E-1,-6.276564598E-1,-5.301980972E-1
3.509764355E1,-3.668270707E-1,-4.873641729E-1,-7.163372040E-1
3.510557812E1,-1.007715017E-1,-4.157675505E-1,-5.928268433E-1
3.511345165E1,1.374718100E-1,-3.113244772E-1,-4.629182816E-1
3.512144726E1,3.313206136E-1,-2.731727362E-1,-5.701265335E-1
3.512935131E1,1.248945236E0,-4.386942387E-1,-1.074203491E0
3.513722484E1,1.264307648E-1,-3.224321604E-1,-7.684097290E-1
3.514518993E1,4.242911339E-1,-8.673429489E-3,-1.488590240E0
3.515309399E1,5.758104920E-1,-2.637430429E-1,-2.909991741E0
3.516105907E1,4.282343686E-1,-2.268962860E-1,-3.328187466E0
3.516896313E1,2.327043712E-1,-2.216161489E-1,-3.476214886E0
3.517686718E1,2.114684582E-1,-2.162219286E-1,-3.911093712E0
3.518474071E1,2.328608781E-1,-1.933858395E-1,-4.412194729E0
3.519264477E1,2.545407414E-1,-2.341970205E-1,-4.835925102E0
3.520064037E1,2.048663199E-1,-2.970502377E-1,-5.149412632E0
3.520854442E1,7.975384593E-2,-3.204096556E-1,-5.175797939E0
3.521644848E1,-7.221789658E-2,-3.889267445E-1,-5.027865410E0
3.522435253E1,-1.561031491E-1,-3.150933981E-1,-4.480689526E0
3.523228710E1,-2.426257581E-1,-2.274750471E-1,-3.675622463E0
3.524028271E1,-2.511508763E-1,-1.953846216E-1,-2.703651905E0
3.524821728E1,-1.138653457E-1,-1.626952887E-1,-1.966331005E0
3.525609081E1,-3.338694572E-3,-7.272326946E-2,-1.477032661E0
3.526399486E1,-3.055205941E-2,1.036283970E-1,-1.194724083E0
3.527189892E1,5.539020896E-2,3.613100052E-1,-1.116961479E0
3.527989452E1,1.258732080E-1,4.856088161E-1,-1.267436981E0
3.528779858E1,1.093283296E-1,5.705435276E-1,-1.536457062E0
3.529567211E1,-6.123057008E-2,7.802872658E-1,-1.878695965E0
3.530354565E1,-1.753156334E-1,8.670239449E-1,-1.983628750E0
3.531141918E1,-6.718924642E-2,8.896865845E-1,-1.859220982E0
3.531941479E1,-1.088531762E-1,8.966562748E-1,-1.316906929E0
3.532734936E1,-2.049072087E-1,8.670694828E-1,-4.798984528E-1
3.533528393E1,-1.759755760E-1,8.420619965E-1,5.277318954E-1
3.534318798E1,-2.216379046E-1,8.514976501E-1,1.785355568E0
3.535109203E1,-2.318038642E-1,8.212406635E-1,3.003894806E0
3.535905712E1,-1.814911366E-1,7.493503094E-1,3.713066101E0
3.536699169E1,-1.723498404E-1,7.388253212E-1,4.014883041E0
3.537486523E1,-1.555400193E-1,7.917830944E-1,3.947532654E0
3.538283031E1,-3.070892394E-1,8.222365379E-1,3.400605202E0
3.539073437E1,-3.483482301E-1,7.958400249E-1,2.646990776E0
3.539869945E1,-2.838289440E-1,8.644468784E-1,2.001658440E0
3.540657299E1,-2.672550976E-1,8.490130901E-1,2.133755684E0
3.541447704E1,-2.366673350E-1,7.625474930E-1,2.343326569E0
3.542241161E1,6.415909529E-2,6.122264862E-1,2.451663971E0
3.543031566E1,3.157384396E-1,6.559305191E-1,2.562120438E0
3.543825024E1,7.006474733E-1,9.636979103E-1,2.734724045E0
3.544621532E1,9.599835277E-1,1.472168207E0,2.610691071E0
3.545418021E1,1.021483183E0,1.701123238E0,2.207239151E0
3.546211478E1,1.325575113E0,1.575079918E0,1.649090767E0
3.547001883E1,1.351477265E0,1.314765453E0,1.323307037E0
3.547798392E1,1.056585908E0,8.702597618E-1,1.546846390E0
3.548588798E1,5.001951456E-1,3.265495300E-1,2.046167374E0
3.549382254E1,-1.105375290E-1,-4.018397331E-1,2.792130470E0
3.550178763E1,-6.848020554E-1,-1.105069399E0,3.631088257E0
3.550969169E1,-9.972929358E-1,-1.460880280E0,4.294042587E0
3.551765677E1,-1.177027464E0,-1.627973318E0,4.643126488E0
3.552562186E1,-1.095031023E0,-1.732756972E0,4.385561943E0
3.553349540E1,-9.030237794E-1,-1.724215269E0,3.541012764E0
3.554142997E1,-8.184677362E-1,-1.647161484E0,2.352327347E0
3.554936454E1,-6.277828217E-1,-1.523020506E0,7.514905930E-1
3.555736014E1,-3.419772983E-1,-1.400184751E0,-6.829996109E-1
3.556529471E1,-3.232527375E-1,-1.227829695E0,-1.500789642E0
3.557322928E1,-4.004197717E-1,-1.092788696E0,-1.746000290E0
3.558116385E1,-4.723384678E-1,-9.667631388E-1,-1.828468800E0
3.558906791E1,-4.639674127E-1,-9.200640917E-1,-1.877306461E0
3.559700248E1,-4.205029607E-1,-9.380258322E-1,-1.885905266E0
3.560496756E1,-3.848896325E-1,-1.004392624E0,-1.721148968E0
3.561287162E1,-3.556999564E-1,-1.047382474E0,-1.459705353E0
3.562074515E1,-3.318625093E-1,-1.053149104E0,-1.303760529E0
3.562871024E1,-3.724116981E-1,-1.059182048E0,-1.339358330E0
3.563667533E1,-3.380242586E-1,-1.033258796E0,-1.429747581E0
3.564454886E1,-3.683252931E-1,-1.044071674E0,-1.548138618E0
3.565245292E1,-4.009200633E-1,-1.011358261E0,-1.758939266E0
3.566038749E1,-4.320264757E-1,-9.099830389E-1,-1.928306580E0
3.566829154E1,-4.307136536E-1,-7.545380592E-1,-2.336308479E0
3.567625663E1,-4.678768516E-1,-6.255670786E-1,-2.891691685E0
3.568419120E1,-5.706676245E-1,-4.950480461E-1,-3.391290188E0
3.569206473E1,-8.121917844E-1,-4.777984619E-1,-4.093621731E0
3.569996879E1,-1.011520863E0,-4.721090794E-1,-4.752288818E0
3.570787284E1,-1.244737148E0,-4.256658554E-1,-4.844015598E0
3.571586844E1,-1.425278425E0,-2.507450581E-1,-4.341523170E0
3.572383353E1,-1.442416549E0,-1.093490124E-1,-3.342600822E0
3.573173758E1,-1.217168570E0,5.548763275E-2,-2.354122162E0
3.573967216E1,-8.583316207E-1,7.238912582E-2,-1.827272415E0
3.574757621E1,-3.857731223E-1,3.179173470E-1,-1.378180504E0
3.575551078E1,-9.163805842E-2,5.863785744E-1,-1.121417046E0
3.576347587E1,1.692497730E-1,9.114487171E-1,-1.367273331E0
3.577134940E1,2.960032225E-1,1.061301470E0,-1.974813938E0
3.577931449E1,4.484973550E-1,1.249068260E0,-2.609220982E0
3.578724906E1,5.047257543E-1,1.310701370E0,-3.026962280E0
3.579521415E1,4.235466123E-1,1.270918131E0,-3.171807289E0
3.580311820E1,2.896490097E-1,1.218560696E0,-2.999410152E0
3.581102225E1,-6.662461162E-2,1.162087917E0,-2.337802410E0
3.581892631E1,-4.030035734E-1,9.232220650E-1,-1.318994522E0
3.582686088E1,-5.493383408E-1,7.506222725E-1,-4.749622345E-1
3.583485648E1,-6.216655374E-1,4.991011620E-1,8.033103943E-1
3.584276053E1,-5.532858372E-1,3.999450207E-1,2.444254875E0
3.585069510E1,-4.691933990E-1,5.458168983E-1,4.096629143E0
3.585862967E1,-3.888085485E-1,6.766884327E-1,5.397869110E0
3.586656424E1,-3.264910579E-1,8.605716228E-1,6.157709122E0
3.587452933E1,-2.500447333E-1,9.951903820E-1,5.856508255E0
3.588243338E1,6.392881274E-3,9.502496719E-1,4.553339005E0
3.589033744E1,4.567854106E-3,9.737737179E-1,3.206221581E0
3.589827201E1,-1.159567535E-1,9.544515610E-1,1.839337349E0
3.590620658E1,-2.076554149E-1,8.066551685E-1,8.585491180E-1
3.591423270E1,-3.500828147E-1,5.524199009E-1,2.644443512E-1
3.592213675E1,-4.955080748E-1,3.842070103E-1,2.883653641E-1
3.593016288E1,-7.779307961E-1,1.297295094E-1,8.817262650E-1
3.593809745E1,-8.936856985E-1,9.737849236E-2,1.747147560E0
3.594597098E1,-1.118180752E0,2.104661465E-1,2.476944923E0
3.595396659E1,-1.230913520E0,2.086524963E-1,2.626773834E0
3.596193168E1,-1.173694372E0,-4.116821289E-2,2.760248184E0
3.596986625E1,-1.119180560E0,-2.151343822E-1,2.758133888E0
3.597777030E1,-1.103562236E0,-4.009751081E-1,2.592704773E0
3.598567435E1,-9.664813876E-1,-5.951718092E-1,2.014595985E0
3.599360892E1,-7.441850901E-1,-8.404922485E-1,1.595223427E0
3.600157401E1,-5.434526205E-1,-1.038592815E0,1.799369812E0
3.600944754E1,-2.863414288E-1,-1.233986855E0,2.302924156E0
3.601738212E1,-4.136025906E-2,-1.342835903E0,2.952601433E0
3.602528617E1,-1.001449227E-1,-1.299771309E0,3.531030655E0
3.603325126E1,-3.083228767E-1,-1.230932951E0,3.532615662E0
3.604115531E1,-5.456953049E-1,-1.236584663E0,3.021448135E0
3.604905936E1,-9.113562703E-1,-1.283157110E0,1.959249496E0
3.605699393E1,-1.254702926E0,-1.328516722E0,6.665010452E-1
3.606492850E1,-1.524750113E0,-1.316187143E0,-2.022161484E-1
3.607295462E1,-1.736822128E0,-1.244357824E0,-5.408725739E-1
3.608085868E1,-1.674025178E0,-1.181247115E0,-2.450532913E-1
3.608879325E1,-1.565966487E0,-1.126406312E0,1.050939560E-1
3.609666678E1,-1.365491390E0,-1.072353959E0,4.201974869E-1
3.610460135E1,-1.071520329E0,-9.786489010E-1,6.434764862E-1
3.611259696E1,-6.875275373E-1,-8.467320204E-1,8.500251770E-1
3.612047050E1,-4.937426150E-1,-6.293001175E-1,5.257492065E-1
3.612840506E1,-1.817252636E-1,-5.013679266E-1,9.018039703E-2
3.613627860E1,4.261183739E-2,-4.097549915E-1,-4.501075745E-1
3.614421317E1,3.592312038E-1,-2.659443617E-1,-1.063981056E0
3.615220878E1,5.766117573E-1,-1.982432604E-1,-1.687967300E0
3.616008231E1,8.261017799E-1,-1.865555048E-1,-2.411794186E0
3.616798636E1,9.221780896E-1,-2.277601957E-1,-3.063210011E0
3.617589042E1,8.624291420E-1,-3.236765862E-1,-3.608819962E0
3.618379447E1,6.658063531E-1,-4.422382116E-1,-4.142205238E0
3.619175956E1,3.865266144E-1,-5.485514402E-1,-4.611002445E0
3.619963309E1,2.242550850E-1,-6.397259235E-1,-4.783624172E0
3.620753714E1,2.075064033E-1,-7.827891111E-1,-4.758221626E0
3.621547172E1,2.929938734E-1,-8.216633797E-1,-4.525294304E0
3.622337577E1,3.142622411E-1,-8.517820835E-1,-3.756885529E0
3.623134086E1,3.481394053E-1,-6.700040102E-1,-2.866537571E0
3.623930594E1,3.582669497E-1,-5.662534237E-1,-2.047088146E0
3.624724051E1,4.425961971E-1,-3.408224583E-1,-1.628139019E0
3.625514457E1,2.901866138E-1,-1.333942413E-1,-1.917875767E0
3.626304862E1,3.132072091E-1,1.176660061E-1,-2.634966373E0
3.627104423E1,3.520966768E-1,2.998721600E-1,-3.697067261E0
3.627894828E1,3.377670348E-1,5.194201469E-1,-4.485219479E0
3.628685233E1,3.318671882E-1,7.782936096E-1,-4.907488823E0
3.629478690E1,3.946954012E-1,8.426704407E-1,-4.919119835E0
3.630269095E1,2.621887028E-1,8.732626438E-1,-4.389104366E0
3.631065604E1,2.016440034E-2,8.751540184E-1,-3.402518272E0
3.631856009E1,-4.368230700E-2,7.222170830E-1,-2.159626484E0
3.632646415E1,-8.113592863E-2,6.670160294E-1,-4.810972214E-1
3.633433768E1,-2.541524470E-1,8.421728611E-1,1.744671822E0
3.634227225E1,-3.653820157E-1,1.065598488E0,3.726298332E0
3.635026786E1,-3.051851988E-1,1.266323805E0,4.676102638E0
3.635820243E1,-1.606706083E-1,1.322427273E0,4.748332024E0
3.636607596E1,-1.355375051E-1,1.217182875E0,3.763824463E0
3.637398002E1,-2.166231275E-1,1.326289177E0,2.223426819E0
3.638191459E1,-2.636312544E-1,1.399017096E0,1.130246162E0
3.638991019E1,-2.113098502E-1,1.403175831E0,5.304470062E-1
3.639781424E1,-1.606106162E-1,1.347237110E0,4.167013168E-1
3.640571830E1,-3.018409014E-2,1.180927277E0,7.697420120E-1
3.641362235E1,3.796041012E-3,9.884827137E-1,1.327309608E0
3.642149588E1,1.822186708E-1,9.804811478E-1,2.356296539E0
3.642949149E1,3.637106419E-1,9.916996956E-1,3.464735985E0
3.643742606E1,6.009739041E-1,1.186751366E0,4.244056702E0
3.644529960E1,9.864892364E-1,1.584081888E0,4.681590080E0
3.645323417E1,1.091997862E0,1.861595869E0,4.610375404E0
3.646116874E1,1.074861765E0,1.733013391E0,3.827703476E0
3.646919486E1,1.171431780E0,1.654548407E0,2.828560829E0
3.647709891E1,9.898543954E-1,1.231729269E0,1.937678337E0
3.648497245E1,9.415251017E-1,5.966632366E-1,1.909491539E0
3.649287650E1,9.978201985E-1,1.390433311E-2,2.443710327E0
3.650081107E1,8.896659613E-1,-5.483435392E-1,3.439456940E0
3.650880668E1,7.453587651E-1,-7.536007166E-1,4.399409294E0
3.651674125E1,7.530509830E-1,-8.878946304E-1,4.854355812E0
3.652461478E1,7.566541433E-1,-9.056005478E-1,4.548117638E0
3.653251883E1,7.751050591E-1,-9.068944454E-1,3.497984886E0
3.654042289E1,6.486104727E-1,-8.467088938E-1,1.809408188E0
3.654841849E1,5.770722628E-1,-7.676875591E-1,-1.951122284E-2
3.655632254E1,5.455150008E-1,-7.511878014E-1,-1.282404900E0
3.656422660E1,5.332847834E-1,-7.000354528E-1,-2.179681301E0
3.657216117E1,4.918263555E-1,-6.254699230E-1,-2.373486996E0
3.658009574E1,5.114201903E-1,-6.431899071E-1,-2.311375141E0
3.658806083E1,6.116189957E-1,-7.063072920E-1,-2.104248047E0
3.659596488E1,5.782175064E-1,-8.267688751E-1,-1.941555023E0
3.660386893E1,5.150963068E-1,-1.035416842E0,-1.824025631E0
3.661183402E1,3.799071908E-1,-1.144099355E0,-1.636936665E0
3.661973807E1,2.887894511E-1,-1.278063774E0,-1.300293922E0
3.662770316E1,2.202073336E-1,-1.332323432E0,-1.046181679E0
3.663560721E1,8.846068382E-2,-1.388844252E0,-8.720283508E-1
3.664351127E1,-1.872032881E-2,-1.418115854E0,-8.894071579E-1
3.665141532E1,-2.216069996E-1,-1.460896492E0,-1.059516907E0
3.665934989E1,-3.506361842E-1,-1.436146736E0,-1.448876381E0
3.666728446E1,-4.397567511E-1,-1.268725157E0,-1.875741482E0
3.667518851E1,-5.029212832E-1,-1.121154070E0,-2.280354023E0
3.668309256E1,-4.843266308E-1,-9.749273062E-1,-2.729636192E0
3.669099662E1,-4.946040213E-1,-8.334593773E-1,-3.010662556E0
3.669890067E1,-4.909204841E-1,-7.326618433E-1,-3.228670597E0
3.670689628E1,-4.939045608E-1,-5.730514526E-1,-3.288149357E0
3.671480033E1,-4.527553320E-1,-4.303227663E-1,-3.297001839E0
3.672267386E1,-4.414859414E-1,-3.090473413E-1,-2.910409451E0
3.673054740E1,-3.434065580E-1,-1.474121809E-1,-2.391757488E0
3.673845145E1,-1.714180410E-1,-6.008124352E-2,-1.908282280E0
3.674641654E1,-1.724677831E-1,1.800060272E-2,-1.291603088E0
3.675438163E1,-2.534538507E-1,2.485628128E-1,-9.941654205E-1
3.676225516E1,-2.905780673E-1,4.688830376E-1,-1.094572067E0
3.677015922E1,-2.860830426E-1,6.659823656E-1,-1.563334465E0
3.677809379E1,-2.154078931E-1,7.807130814E-1,-1.984878063E0
3.678605887E1,1.144592464E-2,1.008297205E0,-2.716626644E0
3.679396293E1,-1.970610023E-1,1.033315659E0,-2.438078880E0
3.680189750E1,3.607128561E-2,1.089718103E0,-2.353872776E0
3.680977103E1,-7.775098085E-2,1.033895493E0,-2.270052910E0
3.681770560E1,-3.094728589E-1,1.055747747E0,-1.560118675E0
3.682570121E1,-4.679187536E-1,9.713201523E-1,-4.521951675E-1
3.683360526E1,-3.921167850E-1,8.112466335E-1,9.383478165E-1
3.684147880E1,-4.222121537E-1,7.900214195E-1,2.375702858E0
3.684944388E1,-4.884055257E-1,8.054833412E-1,3.999552727E0
3.685737845E1,-5.478584170E-1,7.851388454E-1,5.143527985E0
3.686534354E1,-6.156418324E-1,7.485911846E-1,5.399196625E0
3.687321708E1,-7.053400874E-1,6.429796219E-1,4.968317986E0
3.688112113E1,-8.664676547E-1,5.548071861E-1,3.830508232E0
3.688899466E1,-1.105825424E0,5.046260357E-1,2.597133636E0
3.689689872E1,-1.346618652E0,4.574165344E-1,1.638241768E0
3.690489432E1,-1.445895672E0,4.319491386E-1,8.613414764E-1
3.691282889E1,-1.314691663E0,3.395428658E-1,5.045938492E-1
3.692076346E1,-1.116066456E0,2.682998180E-1,5.564393997E-1
3.692863700E1,-9.685065746E-1,1.920182705E-1,9.860544205E-1
3.693657157E1,-7.857962251E-1,3.378555775E-1,1.676023483E0
3.694447562E1,-6.741707921E-1,5.437357426E-1,2.310011864E0
3.695234916E1,-7.848083973E-1,5.031585693E-1,2.391988754E0
3.696025321E1,-8.353081942E-1,4.662871361E-1,2.119302750E0
3.696815726E1,-8.577222228E-1,3.440964222E-1,1.871097565E0
3.697606132E1,-9.372425675E-1,1.507356167E-1,1.561271667E0
3.698402640E1,-9.480712414E-1,-2.046251297E-1,1.134727478E0
3.699193046E1,-8.719266653E-1,-7.493478060E-1,1.040580750E0
3.699980399E1,-6.235966682E-1,-1.136851788E0,1.658302307E0
3.700776908E1,-3.708651066E-1,-1.362016439E0,2.466770172E0
3.701570365E1,-1.366639435E-1,-1.462123275E0,3.596186638E0
3.702369925E1,1.074963808E-1,-1.392433524E0,4.451238632E0
3.703160331E1,2.140047997E-1,-1.193319440E0,4.665542603E0
3.703950736E1,2.605104446E-1,-8.655158281E-1,4.137764931E0
3.704741141E1,2.982286513E-1,-5.940333605E-1,2.782489777E0
3.705534598E1,1.942901909E-1,-3.967090845E-1,1.060261726E0
3.706334159E1,5.738434196E-2,-3.221991062E-1,-4.468469620E-1
3.707127616E1,-2.054879069E-1,-3.165731430E-1,-1.802541733E0
3.707921073E1,-4.534197450E-1,-3.446543217E-1,-2.496624470E0
3.708708426E1,-6.763167977E-1,-4.625195265E-1,-2.479815483E0
3.709498832E1,-8.320550919E-1,-5.131781101E-1,-1.868510723E0
3.710298392E1,-9.636952281E-1,-5.634491444E-1,-9.637060165E-1
3.711091849E1,-9.191207290E-1,-5.693432093E-1,-1.746044159E-1
3.711879203E1,-7.822983861E-1,-5.647474527E-1,1.763095856E-1
3.712675712E1,-5.544536710E-1,-5.209947824E-1,2.601232529E-1
3.713463065E1,-2.740819454E-1,-4.734297991E-1,-2.560710907E-1
3.714259574E1,-1.222531497E-1,-4.174125195E-1,-1.016422272E0
3.715056083E1,-1.164630055E-3,-3.393764496E-1,-1.650302887E0
3.715843436E1,1.286734492E-1,-2.092474699E-1,-2.225568295E0
3.716630790E1,2.386225462E-1,-7.294631004E-2,-2.852298737E0
3.717421195E1,2.883250117E-1,-9.155750275E-3,-3.399393082E0
3.718220756E1,3.413731754E-1,-2.160334587E-2,-3.989159107E0
3.719011161E1,2.672500610E-1,5.975723267E-3,-4.576378822E0
3.719801566E1,1.658183336E-1,-2.805781364E-2,-5.015299320E0
3.720595023E1,2.299443632E-2,-6.143116951E-2,-5.170007706E0
3.721385428E1,-1.395486891E-1,-1.103754044E-1,-5.052585125E0
3.722184989E1,-2.178015560E-1,-6.446933746E-2,-4.562520504E0
3.722975394E1,-2.276253402E-1,-6.030249596E-2,-3.757228851E0
3.723762748E1,-1.049489975E-1,-8.377552032E-3,-2.939906120E0
3.724556205E1,-1.348061115E-2,1.643607616E-1,-2.150477886E0
3.725346610E1,1.641680859E-2,3.348989487E-1,-1.749226093E0
3.726143119E1,6.216879934E-2,4.868328571E-1,-1.796077728E0
3.726933524E1,9.074914455E-2,6.058259010E-1,-2.195237160E0
3.727720878E1,7.945545018E-2,7.789940834E-1,-2.530260086E0
3.728511283E1,9.758318961E-2,9.524810314E-1,-2.481628895E0
3.729304740E1,3.336162493E-2,9.406652451E-1,-2.294346333E0
3.730104300E1,-1.736355200E-2,9.328160286E-1,-2.057023525E0
3.730894706E1,-4.631959647E-2,8.597123623E-1,-1.819992065E0
3.731682059E1,-2.005914152E-1,7.888729572E-1,-1.492975235E0
3.732472464E1,-3.599320650E-1,7.548482418E-1,-9.158382416E-1
3.733272025E1,-4.257456660E-1,7.632281780E-1,-1.199016571E-1
3.734065482E1,-3.553968072E-1,7.842831612E-1,8.873500824E-1
3.734861991E1,-2.322693169E-1,8.645548820E-1,1.888992310E0
3.735655448E1,-1.789769530E-2,9.490349293E-1,3.017288208E0
3.736448905E1,6.530782580E-2,9.756650925E-1,3.799225807E0
3.737239310E1,1.354938447E-1,1.008433342E0,4.189946175E0
3.738032767E1,6.022131443E-2,1.015414476E0,3.958441734E0
3.738826224E1,-8.248631656E-2,9.444680214E-1,3.276460648E0
3.739616630E1,-1.540541500E-1,8.997497559E-1,2.746550560E0
3.740407035E1,-1.919066459E-1,8.338255882E-1,2.484662056E0
3.741197440E1,-9.627112746E-2,7.319729328E-1,2.246143341E0
3.741997001E1,-5.665054917E-2,7.125608921E-1,1.999660492E0
3.742784354E1,2.471866608E-1,7.182455063E-1,1.747097969E0
3.743574759E1,4.761297703E-1,7.224125862E-1,1.558006287E0
3.744368216E1,9.276990891E-1,1.228343725E0,1.374884605E0
3.745158622E1,1.100853086E0,1.635043621E0,1.360114098E0
3.745955131E1,1.299526691E0,1.757421255E0,1.193519592E0
3.746742484E1,1.568609595E0,1.650151491E0,1.142938614E0
3.747532889E1,1.804368258E0,1.213356972E0,1.644155502E0
3.748326346E1,1.767034650E0,5.547711849E-1,2.284998894E0
3.749116752E1,1.752837658E0,-1.884357929E-1,2.890018463E0
3.749913260E1,1.383288622E0,-8.470679522E-1,3.941283226E0
3.750706717E1,9.522033930E-1,-1.217871666E0,5.149551392E0
3.751494071E1,7.511726618E-1,-1.396256804E0,5.719056129E0
3.752290580E1,5.944133997E-1,-1.442468882E0,5.648793221E0
3.753080985E1,4.325705767E-1,-1.429250240E0,4.874861717E0
3.753880546E1,4.648148417E-1,-1.412619114E0,3.219717026E0
3.754670951E1,3.945231140E-1,-1.343660712E0,1.433680534E0
3.755461356E1,2.753667235E-1,-1.137882590E0,-5.684347153E-1
3.756251761E1,1.264034212E-1,-9.875702858E-1,-1.804985046E0
3.757045218E1,2.751076221E-2,-9.224430323E-1,-2.296701431E0
3.757844779E1,-7.886558771E-2,-9.104832411E-1,-2.385007858E0
3.758635184E1,-7.140052319E-2,-9.179452658E-1,-2.285339355E0
3.759422538E1,-5.461284518E-2,-9.733681679E-1,-2.066555023E0
3.760215995E1,9.020215273E-2,-1.056273818E0,-1.824125290E0
3.761006400E1,1.165239215E-1,-1.058316827E0,-1.659212589E0
3.761802909E1,1.702701449E-1,-1.098602176E0,-1.590473175E0
3.762593314E1,3.005304635E-1,-1.099604607E0,-1.588822842E0
3.763380668E1,3.816100955E-1,-1.098612070E0,-1.445655823E0
3.764168021E1,4.199418426E-1,-1.018291712E0,-1.378428459E0
3.764961478E1,4.262374341E-1,-9.854309559E-1,-1.515942574E0
3.765757987E1,2.852557600E-1,-8.752976656E-1,-1.800826550E0
3.766551444E1,6.602884829E-2,-8.217724562E-1,-2.129648685E0
3.767338798E1,-2.301446050E-1,-8.858439922E-1,-2.837903023E0
3.768129203E1,-5.034741163E-1,-9.639210701E-1,-3.580984592E0
3.768919608E1,-7.311291695E-1,-9.599413872E-1,-4.012340069E0
3.769719169E1,-9.680065513E-1,-8.936266899E-1,-4.216728687E0
3.770506522E1,-1.027045846E0,-8.079518080E-1,-3.964824677E0
3.771293876E1,-9.758300781E-1,-6.378445625E-1,-3.336223125E0
3.772084281E1,-7.819022536E-1,-4.224237204E-1,-2.212920666E0
3.772874686E1,-5.757145286E-1,-1.751452684E-1,-1.379369736E0
3.773674247E1,-1.478788555E-1,6.694793701E-2,-7.476577759E-1
3.774467704E1,1.401852220E-1,2.774766684E-1,-5.328588486E-1
3.775258109E1,3.367439806E-1,5.138452053E-1,-8.925533295E-1
3.776048514E1,3.112366796E-1,7.563877106E-1,-1.775350571E0
3.776841971E1,1.916273981E-1,1.051229477E0,-2.735013485E0
3.777638480E1,1.651199758E-1,1.204667330E0,-3.315186977E0
3.778428885E1,1.740182340E-1,1.206685305E0,-3.660938740E0
3.779216239E1,1.903632879E-1,1.242159605E0,-3.631693363E0
3.780009696E1,8.691526949E-2,1.125105143E0,-3.343124866E0
3.780800101E1,-1.023298353E-1,1.007264137E0,-2.608186722E0
3.781599662E1,-3.505056202E-1,9.180035591E-1,-1.393481255E0
3.782390067E1,-4.952659607E-1,9.287238121E-1,1.186838150E-1
3.783180472E1,-5.785714388E-1,9.145860672E-1,1.402805328E0
3.783973929E1,-4.978041351E-1,9.485478401E-1,2.555556297E0
3.784767386E1,-5.372135043E-1,9.603791237E-1,3.276681900E0
3.785566947E1,-5.995682478E-1,9.434409142E-1,3.758175850E0
3.786357352E1,-7.455375791E-1,9.621241093E-1,3.730608940E0
3.787153861E1,-7.498654127E-1,8.814661503E-1,3.389321327E0
3.787947318E1,-8.830018044E-1,7.848837376E-1,2.829513550E0
3.788737723E1,-9.327017069E-1,7.647814751E-1,2.294141769E0
3.789534232E1,-8.876416683E-1,6.413359642E-1,1.827600479E0
3.790324637E1,-8.755197525E-1,5.167121887E-1,1.704075813E0
3.791118094E1,-9.669223428E-1,4.353203773E-1,2.151537895E0
3.791905448E1,-1.143121481E0,3.663616180E-1,2.763644218E0
3.792695853E1,-1.404995203E0,2.263426781E-1,3.291965485E0
3.793492362E1,-1.608964205E0,1.943979263E-1,3.586330414E0
3.794282767E1,-1.813675642E0,3.516802788E-1,3.650610924E0
3.795070121E1,-2.054826260E0,4.840543270E-1,3.466660500E0
3.795866630E1,-2.106376171E0,4.486505985E-1,3.051863670E0
3.796660087E1,-1.909685850E0,4.259343147E-1,2.425992012E0
3.797456595E1,-1.485160589E0,4.095196724E-1,1.951061249E0
3.798250052E1,-1.033073902E0,2.645661831E-1,1.391039848E0
3.799043509E1,-5.043354630E-1,1.236248016E-2,1.196887970E0
3.799830863E1,-1.683779955E-1,-2.207551003E-1,1.823203087E0
3.800624320E1,3.417354822E-2,-3.907529116E-1,2.822174072E0
3.801423881E1,2.063140273E-1,-5.386486053E-1,3.900009155E0
3.802214286E1,9.742653370E-2,-6.036288738E-1,4.404707909E0
3.803004691E1,-9.289473295E-2,-6.455835104E-1,4.204552650E0
3.803795096E1,-3.214784265E-1,-7.087117434E-1,3.324641228E0
3.804588553E1,-6.389501691E-1,-6.943305731E-1,1.981906891E0
3.805391166E1,-9.261367917E-1,-6.457420588E-1,6.132164001E-1
3.806181571E1,-1.159898043E0,-5.916411877E-1,-2.672615051E-1
3.806968924E1,-1.323861599E0,-5.235224962E-1,-9.965152740E-1
3.807765433E1,-1.401497841E0,-5.089942217E-1,-1.460258484E0
3.808558890E1,-1.397768497E0,-4.680202007E-1,-1.858457565E0
3.809355399E1,-1.327815771E0,-3.977966309E-1,-2.019378662E0
3.810145804E1,-1.042063713E0,-4.028198719E-1,-2.051114082E0
3.810933158E1,-7.495548129E-1,-3.767797947E-1,-2.023591995E0
3.811720511E1,-5.468885303E-1,-3.220527172E-1,-2.074489594E0
3.812513968E1,-3.236758709E-1,-2.128033638E-1,-1.889961720E0
3.813310477E1,-8.322489262E-2,-8.735847473E-2,-1.618419647E0
3.814106986E1,2.076880932E-1,-4.510188103E-2,-1.629667282E0
3.814894340E1,4.793073535E-1,-6.575489044E-2,-1.824454784E0
3.815687796E1,6.150277257E-1,-1.165063381E-1,-2.331716537E0
3.816481254E1,6.419428587E-1,-1.711943150E-1,-2.952673912E0
3.817277762E1,6.059125066E-1,-2.635517120E-1,-3.438182354E0
3.818071219E1,4.991769195E-1,-3.367390633E-1,-3.697772503E0
3.818861625E1,3.108238876E-1,-4.126718044E-1,-4.011559010E0
3.819652030E1,2.417498976E-1,-4.755991697E-1,-4.309884071E0
3.820442435E1,1.552532166E-1,-4.919637442E-1,-4.526333809E0
3.821235892E1,7.758840919E-2,-5.150028467E-1,-4.493782520E0
3.822032401E1,2.441303134E-1,-5.624326468E-1,-4.339540482E0
3.822819754E1,3.078182340E-1,-4.082269669E-1,-4.025002956E0
3.823610160E1,3.017378449E-1,-2.373509407E-1,-3.751160622E0
3.824400565E1,4.306031764E-1,-3.597784042E-2,-3.455597401E0
3.825197074E1,6.683577895E-1,5.686712265E-2,-3.181282997E0
3.825990531E1,6.426434517E-1,1.886703968E-1,-2.925489426E0
3.826780936E1,4.102346301E-1,3.015549183E-1,-2.788582325E0
3.827574393E1,2.968603969E-1,5.372939110E-1,-2.502549648E0
3.828364798E1,5.570428073E-2,7.070956230E-1,-2.086728096E0
3.829158256E1,-1.930812597E-1,7.905495167E-1,-1.666016102E0
3.829951712E1,-4.632638693E-1,8.997404575E-1,-1.281087875E0
3.830745170E1,-4.984239340E-1,8.653738499E-1,-8.244810104E-1
3.831532523E1,-4.544830024E-1,8.567922115E-1,-5.001258850E-2
3.832322928E1,-3.347104788E-1,9.672033787E-1,7.305135727E-1
3.833119437E1,-1.636541486E-1,1.094880819E0,1.706618309E0
3.833912894E1,1.229658723E-2,1.142959118E0,2.435703278E0
3.834703300E1,2.196760476E-1,1.197189569E0,2.827618599E0
3.835496756E1,2.627895772E-1,1.255348206E0,2.930869102E0
3.836287162E1,3.804261982E-1,1.280504227E0,2.471123695E0
3.837083670E1,4.192116857E-1,1.228584766E0,1.780969620E0
3.837874076E1,4.725548327E-1,1.130810738E0,1.512717247E0
3.838661429E1,3.425335586E-1,1.148577213E0,1.540924072E0
3.839454886E1,8.576595783E-2,1.096305132E0,1.919543266E0
3.840245292E1,6.611526012E-2,1.005012989E0,2.189565659E0
3.841044852E1,9.724563360E-2,9.376816750E-1,2.454254150E0
3.841841361E1,1.699231267E-1,9.786055088E-1,2.749312401E0
3.842631766E1,5.150884986E-1,1.048024178E0,3.010341644E0
3.843428275E1,9.422953725E-1,1.357511759E0,3.182079315E0
3.844221732E1,1.136162877E0,1.881246805E0,3.190948486E0
3.845024344E1,1.206896782E0,1.801020384E0,2.853109360E0
3.845814750E1,1.620173693E0,1.497000694E0,2.042031288E0
3.846602103E1,1.457608104E0,9.466800690E-1,1.482226372E0
3.847392508E1,9.761709571E-1,3.225843906E-1,1.290131569E0
3.848182914E1,5.222384930E-1,-4.735281467E-1,1.648578644E0
3.848979423E1,1.742474437E-1,-9.799675941E-1,2.411587715E0
3.849775931E1,-1.646140814E-1,-1.411109447E0,3.320122719E0
3.850566337E1,-1.432486773E-1,-1.542934060E0,4.196563721E0
3.851359794E1,1.040481925E-1,-1.565494537E0,4.333834648E0
3.852150199E1,2.735187411E-1,-1.469996572E0,4.004603386E0
3.852946708E1,4.582116008E-1,-1.463444114E0,3.029181480E0
3.853734061E1,6.161233187E-1,-1.383907914E0,1.493671417E0
3.854527518E1,5.605503321E-1,-1.269104600E0,-1.260461807E-1
3.855317924E1,4.752191901E-1,-1.150286913E0,-1.166852951E0
3.856108329E1,4.521548748E-1,-1.064940691E0,-1.737880707E0
3.856904838E1,4.455386996E-1,-1.006160378E0,-1.783506393E0
3.857695243E1,4.812859297E-1,-9.633449316E-1,-1.765629768E0
3.858485648E1,3.765586615E-1,-1.044492722E0,-1.810286045E0
3.859276053E1,8.926033974E-2,-1.035393953E0,-1.840499401E0
3.860066459E1,-2.082361579E-1,-1.070499301E0,-1.986484528E0
3.860866019E1,-4.768664241E-1,-1.111276746E0,-2.097146511E0
3.861656424E1,-8.750249743E-1,-1.144964457E0,-2.181607723E0
3.862443778E1,-1.185293913E0,-1.104274035E0,-2.139337540E0
3.863234183E1,-1.353811026E0,-1.050017834E0,-2.104102135E0
3.864027640E1,-1.412255287E0,-8.981925249E-1,-2.178435326E0
3.864824149E1,-1.288200974E0,-7.753200531E-1,-2.309254646E0
3.865620658E1,-1.340196609E0,-5.987640619E-1,-2.491039753E0
3.866414115E1,-1.193231106E0,-4.849330187E-1,-2.788794518E0
3.867210624E1,-1.096511841E0,-4.148921967E-1,-3.248006821E0
3.868004081E1,-1.137895942E0,-4.865072966E-1,-3.813647747E0
3.868803641E1,-1.246985435E0,-4.320026636E-1,-4.254524231E0
3.869594046E1,-1.306269050E0,-4.499906301E-1,-4.301150799E0
3.870381400E1,-1.312149048E0,-5.811014175E-1,-3.743371964E0
3.871177909E1,-1.303879976E0,-4.849612713E-1,-2.796735287E0
3.871968314E1,-1.218463898E0,-3.416056633E-1,-1.609601498E0
3.872767875E1,-1.035526872E0,-1.858532429E-1,-8.319149017E-1
3.873564383E1,-7.230640650E-1,-2.891600132E-2,-4.743833542E-1
3.874357840E1,-5.014393926E-1,1.847486496E-1,-7.604646683E-1
3.875154349E1,-6.573080420E-1,4.805572033E-1,-1.477213860E0
3.875944754E1,-4.819397926E-1,5.740163326E-1,-2.260224342E0
3.876741263E1,-3.499276042E-1,6.597507000E-1,-3.187436104E0
3.877534720E1,-1.940648109E-1,7.190028429E-1,-3.740274906E0
3.878325126E1,-2.990241945E-1,8.003854752E-1,-3.791015148E0
3.879115531E1,-5.009307265E-1,9.121328592E-1,-3.235061646E0
3.879905936E1,-7.454613447E-1,9.544498920E-1,-2.115720749E0
3.880702445E1,-8.348298073E-1,1.027130485E0,-6.512250900E-1
3.881492850E1,-8.966701031E-1,1.097753763E0,7.741861343E-1
3.882283256E1,-8.933531642E-1,1.260567546E0,2.300168037E0
3.883073661E1,-8.423787355E-1,1.326896667E0,3.372549057E0
3.883864066E1,-8.101315498E-1,1.430762172E0,3.903196335E0
3.884663627E1,-8.194664717E-1,1.541891932E0,4.081581116E0
3.885454032E1,-7.281138897E-1,1.471393824E0,3.719367981E0
3.886253592E1,-7.373005152E-1,1.497042656E0,3.112389565E0
3.887050101E1,-6.958777308E-1,1.429508924E0,2.626457214E0
3.887840506E1,-5.238367915E-1,1.292529702E0,2.217074394E0
3.888633964E1,-3.902931809E-1,1.189662576E0,1.979267120E0
3.889427420E1,-3.137912154E-1,1.097282290E0,2.146315575E0
3.890220878E1,-2.877247930E-1,9.601454735E-1,2.505334854E0
3.891014335E1,-3.312609196E-1,8.254330158E-1,2.845880508E0
3.891804740E1,-4.147821665E-1,6.660120487E-1,3.108300209E0
3.892598197E1,-5.295627117E-1,6.198189259E-1,3.425184250E0
3.893394706E1,-7.066211104E-1,7.767698765E-1,3.658214569E0
3.894188163E1,-1.098075986E0,9.955176115E-1,3.793753624E0
3.894978568E1,-1.387970686E0,8.449190855E-1,3.861230850E0
3.895775077E1,-1.489447594E0,7.186959982E-1,3.428945541E0
3.896571586E1,-1.607992411E0,5.145145655E-1,2.443967819E0
3.897361991E1,-1.440328598E0,2.627063990E-1,1.709962845E0
3.898149344E1,-1.342310667E0,-1.196113825E-1,1.462132454E0
3.898945853E1,-1.253375769E0,-3.228117228E-1,1.519103050E0
3.899742362E1,-1.204465151E0,-6.022694111E-1,1.860211372E0
3.900541923E1,-1.199904203E0,-8.169633150E-1,2.590996742E0
3.901332328E1,-1.356891155E0,-1.051254034E0,3.253844261E0
3.902119681E1,-1.460603118E0,-1.319011211E0,3.319120407E0
3.902916190E1,-1.494815350E0,-1.481526732E0,2.875184059E0
3.903706595E1,-1.626298666E0,-1.596988559E0,2.209996223E0
3.904506156E1,-1.659302235E0,-1.519957662E0,1.429513931E0
3.905296561E1,-1.551274657E0,-1.467866421E0,7.868432999E-1
3.906083915E1,-1.295459509E0,-1.283016324E0,7.558441162E-2
3.906880424E1,-1.007584095E0,-1.039456725E0,-4.341621399E-1
3.907673881E1,-7.333750129E-1,-8.792041540E-1,-8.698396683E-1
3.908476493E1,-4.693390727E-1,-7.180840969E-1,-1.310645103E0
3.909263846E1,-3.780301213E-1,-5.016956329E-1,-1.587234497E0
3.910057303E1,-1.041729450E-1,-4.578192234E-1,-1.732848167E0
3.910844657E1,8.380413055E-3,-3.477767706E-1,-1.929544926E0
3.911638114E1,2.064745426E-1,-2.847706079E-1,-2.255574703E0
3.912437674E1,5.440304279E-1,-2.660527229E-1,-2.514750004E0
3.913228080E1,6.819266677E-1,-1.979156733E-1,-2.707213402E0
3.914015433E1,7.564704418E-1,-1.948566437E-1,-2.993124962E0
3.914811942E1,8.971505165E-1,-2.145634890E-1,-3.364984035E0
3.915605399E1,7.893702984E-1,-2.394311428E-1,-3.786503315E0
3.916408011E1,7.688374519E-1,-2.526868582E-1,-4.312734127E0
3.917198417E1,7.042492628E-1,-3.012670279E-1,-4.599081516E0
3.917985770E1,5.926265121E-1,-2.913042307E-1,-4.538379192E0
3.918782279E1,5.117312074E-1,-2.099298239E-1,-4.145223141E0
3.919572684E1,5.023508072E-1,-1.407445669E-1,-3.683001518E0
3.920372245E1,6.128799915E-1,-6.071913242E-2,-3.275577545E0
3.921162650E1,6.494101286E-1,-4.849791527E-2,-2.953706741E0
3.921953055E1,5.236816406E-1,5.947446823E-2,-2.795647621E0
3.922743461E1,4.034415483E-1,1.751414537E-1,-2.803966522E0
3.923533866E1,3.496927023E-1,1.834049225E-1,-3.016942501E0
3.924330375E1,3.043735027E-1,2.285543680E-1,-3.484548569E0
3.925123832E1,2.543672621E-1,3.747236729E-1,-3.900990009E0
3.925917289E1,1.277680397E-1,5.418635607E-1,-4.046593189E0
3.926704642E1,5.905989558E-2,7.638379335E-1,-3.826527596E0
3.927495048E1,-1.999780536E-2,8.635332584E-1,-3.571233273E0
3.928294608E1,1.395535767E-1,9.190157652E-1,-3.161319733E0
3.929085013E1,1.678544134E-1,8.274160624E-1,-2.110842705E0
3.929872367E1,1.574823558E-1,8.858507872E-1,-7.910041809E-1
3.930659720E1,1.447842270E-2,8.374961615E-1,3.050680161E-1
3.931450126E1,5.247896165E-2,8.276972771E-1,1.580188751E0
3.932249686E1,-5.393126979E-3,8.484911919E-1,3.063242912E0
3.933043143E1,-1.078679636E-1,9.000860453E-1,4.508075714E0
3.933830497E1,-1.129473522E-1,1.013587236E0,5.343453407E0
3.934620902E1,6.031148508E-2,1.084061027E0,5.534370422E0
3.935414359E1,2.650122344E-1,1.124879718E0,4.675553322E0
3.936213920E1,4.305952787E-1,1.150137663E0,3.082256317E0
3.937004325E1,5.029878616E-1,1.244980812E0,1.867192268E0
3.937791678E1,5.577796698E-1,1.236643791E0,1.116547585E0
3.938582084E1,7.012158632E-1,1.190063953E0,8.986415863E-1
3.939375541E1,9.075625539E-1,1.112531900E0,1.068771362E0
3.940172050E1,1.087971210E0,1.042983770E0,1.643994331E0
3.940968558E1,1.330064178E0,1.212602615E0,2.370731354E0
3.941755912E1,1.495362282E0,1.391054153E0,2.992826462E0
3.942552420E1,1.472926855E0,1.342621803E0,3.248085976E0
3.943342826E1,1.715084076E0,1.330349922E0,3.306812286E0
3.944142386E1,1.535361767E0,1.193943262E0,3.161649704E0
3.944938895E1,1.166050911E0,8.592236042E-1,2.994524002E0
3.945732352E1,9.946783185E-1,3.602976799E-1,3.020609856E0
3.946525809E1,7.876185179E-1,-2.572619915E-1,3.345191956E0
3.947313163E1,5.950683355E-1,-7.402110100E-1,3.848440170E0
3.948109672E1,4.945994914E-1,-8.941911459E-1,4.295970917E0
3.948903129E1,4.677872360E-1,-1.005474329E0,4.545184135E0
3.949699637E1,5.440686941E-1,-9.819800854E-1,4.223477364E0
3.950490043E1,7.049738169E-1,-9.207847118E-1,3.229351044E0
3.951280448E1,7.904481888E-1,-8.937705755E-1,2.174962044E0
3.952080008E1,9.409524202E-1,-7.885739803E-1,7.771301270E-1
3.952870414E1,9.947723150E-1,-7.997024059E-1,-4.817523956E-1
3.953657767E1,1.008209586E0,-8.094456196E-1,-1.394668579E0
3.954451224E1,1.035925388E0,-8.573760986E-1,-1.900867462E0
3.955244681E1,1.028378367E0,-9.029582739E-1,-2.057578087E0
3.956044242E1,1.011271119E0,-9.520472288E-1,-1.685864449E0
3.956834647E1,1.097443700E0,-9.959492683E-1,-1.355770111E0
3.957622001E1,1.199246883E0,-1.145372510E0,-1.206511497E0
3.958412406E1,1.106380463E0,-1.123288393E0,-1.141587257E0
3.959199759E1,9.452621937E-1,-1.154015779E0,-1.091156006E0
3.959996268E1,8.105372190E-1,-1.213012815E0,-1.090764046E0
3.960792777E1,6.814306974E-1,-1.148671627E0,-1.310075760E0
3.961583182E1,4.894760251E-1,-1.108530283E0,-1.499750137E0
3.962370536E1,2.036772370E-1,-1.025624752E0,-1.774880886E0
3.963167045E1,-6.415843964E-3,-9.284523726E-1,-2.011114120E0
3.963966605E1,-2.722369730E-1,-8.882141113E-1,-2.409249306E0
3.964757010E1,-4.247591794E-1,-8.768621683E-1,-3.026705742E0
3.965550467E1,-4.603304863E-1,-8.202908039E-1,-3.571534634E0
3.966346976E1,-5.539040565E-1,-7.078096867E-1,-3.759972572E0
3.967137382E1,-6.430525780E-1,-5.651299953E-1,-3.393849373E0
3.967936942E1,-5.303798318E-1,-3.747996092E-1,-2.748589993E0
3.968724296E1,-4.077549577E-1,-2.630223036E-1,-2.206341267E0
3.969514701E1,-2.448666692E-1,-1.245658398E-1,-1.873884678E0
3.970305106E1,2.372452617E-2,5.266106129E-2,-1.673338890E0
3.971095511E1,1.066118628E-1,2.677175999E-1,-1.576190948E0
3.971892020E1,1.732945591E-1,5.220633745E-1,-2.075417995E0
3.972682425E1,2.762449682E-1,7.308290005E-1,-3.177509785E0
3.973469779E1,2.132587284E-1,9.452698231E-1,-4.103426933E0
3.974260184E1,1.368762553E-1,1.059024453E0,-4.662811756E0
3.975053641E1,8.454082906E-2,1.104562879E0,-5.112624168E0
3.975847098E1,-7.666520029E-2,1.076007366E0,-5.034663677E0
3.976643607E1,-3.128580451E-1,1.007935762E0,-4.334353924E0
3.977437064E1,-4.967190921E-1,9.902265072E-1,-3.312677383E0
3.978224418E1,-6.684409976E-1,8.743851185E-1,-1.997842312E0
3.979014823E1,-7.612939477E-1,8.524568081E-1,-5.904912949E-1
3.979814383E1,-9.055549502E-1,8.703945875E-1,6.444253922E-1
3.980610892E1,-9.584386349E-1,9.139990807E-1,2.009126663E0
3.981401298E1,-9.188588858E-1,9.561573267E-1,2.915843010E0
3.982191703E1,-8.242696524E-1,9.279289246E-1,3.434316635E0
3.982982108E1,-8.520972729E-1,1.017133951E0,3.541276932E0
3.983778617E1,-9.542949200E-1,1.045449972E0,3.439969063E0
3.984569022E1,-1.017837524E0,1.075927973E0,2.848905563E0
3.985359427E1,-1.000494957E0,1.021699190E0,2.086244583E0
3.986152884E1,-9.876047969E-1,1.078280687E0,1.392467499E0
3.986946341E1,-9.428614378E-1,1.011355877E0,1.247684479E0
3.987742850E1,-8.990059495E-1,9.640274048E-1,1.549765587E0
3.988533256E1,-9.298184514E-1,9.429262877E-1,1.804120064E0
3.989323661E1,-1.032176256E0,9.488792419E-1,2.197996140E0
3.990114066E1,-9.224050045E-1,9.608799219E-1,2.642944336E0
3.990904471E1,-8.895651102E-1,1.226862311E0,3.190166473E0
3.991704032E1,-1.011143327E0,1.356619835E0,3.565244675E0
3.992497489E1,-9.257686138E-1,1.036445022E0,3.750034332E0
3.993284842E1,-8.187880516E-1,6.857224703E-1,3.530081749E0
3.994081351E1,-9.060525894E-1,3.886396885E-1,3.165089607E0
3.994874808E1,-8.016092181E-1,-8.777201176E-2,2.859420776E0
3.995674369E1,-8.428878784E-1,-5.982192755E-1,2.700294495E0
3.996464774E1,-7.360240817E-1,-9.895060062E-1,2.798048973E0
3.997255179E1,-5.853374004E-1,-1.221384525E0,3.087104797E0
3.998048636E1,-4.884945154E-1,-1.257240891E0,3.763372421E0
3.998842093E1,-5.957695842E-1,-1.270690084E0,4.070422173E0
3.999638602E1,-6.835919619E-1,-1.165884256E0,3.525187492E0
4.000429008E1,-7.989485264E-1,-1.076447248E0,2.534377098E0
4.001219413E1,-1.064217210E0,-9.699515700E-1,1.248688698E0
4.002009818E1,-1.202604055E0,-8.592406511E-1,1.129217148E-1
4.002800223E1,-1.243119955E0,-7.094051838E-1,-3.735036850E-1
4.003599784E1,-1.301219702E0,-5.639317036E-1,-3.531999588E-1
4.004390189E1,-1.314112663E0,-4.454166889E-1,-2.293014526E-2
4.005183646E1,-1.021536112E0,-4.160642624E-1,1.861114502E-1
4.005974051E1,-7.377912998E-1,-4.265877008E-1,2.148408890E-1
4.006764457E1,-4.724189043E-1,-3.571705818E-1,5.157089233E-2
4.007564017E1,-1.643527746E-1,-3.137810230E-1,-3.467550278E-1
4.008351371E1,2.464431524E-2,-2.323948145E-1,-8.362770081E-1
4.009141776E1,8.697479963E-2,-1.943466663E-1,-1.376498222E0
4.009935233E1,2.565412819E-1,-7.011735439E-2,-1.948029995E0
4.010725638E1,4.492462873E-1,1.875901222E-2,-2.288002014E0
4.011522147E1,5.778548121E-1,8.349776268E-2,-2.604436398E0
4.012312552E1,7.915773392E-1,1.230258942E-1,-3.085985661E0
4.013102958E1,8.825970888E-1,1.545320749E-1,-3.392529011E0
4.013893363E1,7.888484001E-1,1.544991732E-1,-3.547925472E0
4.014683768E1,7.624654174E-1,1.414862871E-1,-3.602310181E0
4.015480277E1,7.787432671E-1,9.334445000E-2,-3.641714573E0
4.016273734E1,7.305936813E-1,3.471100330E-2,-3.555634499E0
4.017064139E1,5.839037895E-1,-8.074283600E-3,-3.490202427E0
4.017857596E1,4.681478143E-1,-4.305088520E-2,-3.505172253E0
4.018648002E1,3.909189105E-1,-4.547953606E-2,-3.640933514E0
4.019441459E1,3.496053815E-1,-9.240794182E-2,-3.866819382E0
4.020231864E1,3.467514217E-1,-4.467415810E-2,-4.123039722E0
4.021019217E1,2.786263824E-1,7.808971405E-2,-4.278335094E0
4.021809623E1,2.886306942E-1,1.761510372E-1,-4.323322773E0
4.022603080E1,3.731228709E-1,2.589781284E-1,-4.322674751E0
4.023399589E1,3.409586847E-1,4.228831530E-1,-4.283638477E0
4.024189994E1,2.455338687E-1,6.496723890E-1,-4.201576233E0
4.024977347E1,1.229517013E-1,7.437654734E-1,-4.088575363E0
4.025773856E1,3.631400689E-2,7.882440090E-1,-3.968413353E0
4.026564261E1,-7.166187465E-2,8.485860825E-1,-3.644911766E0
4.027360770E1,-2.109733820E-1,9.084929228E-1,-3.204818726E0
4.028151175E1,-2.286550254E-1,9.995965958E-1,-2.617121696E0
4.028938529E1,-1.686633825E-1,1.084488392E0,-1.614315033E0
4.029728934E1,-2.007262409E-2,1.207007647E0,-1.171779633E-2
4.030519340E1,1.709920168E-2,1.322458029E0,1.786366463E0
4.031318900E1,7.796676457E-2,1.428060532E0,3.108157158E0
4.032109305E1,2.106055915E-1,1.396149635E0,3.880482674E0
4.032896659E1,3.160930574E-1,1.307458639E0,3.933862686E0
4.033687064E1,2.370735705E-1,1.196474552E0,3.539535522E0
4.034480521E1,1.395122707E-1,1.050451517E0,2.838115692E0
4.035280082E1,1.252385974E-2,8.588919640E-1,2.204422951E0
4.036070487E1,-9.168311954E-2,7.188359499E-1,2.089883804E0
4.036860892E1,-5.130803585E-2,5.888328552E-1,2.263879776E0
4.037651298E1,6.055065989E-2,5.077694654E-1,2.704841614E0
4.038444754E1,4.259898067E-1,6.667181253E-1,3.374275208E0
4.039244315E1,7.781993747E-1,1.166497946E0,3.930688858E0
4.040034720E1,9.314350486E-1,1.457571149E0,4.118550301E0
4.040825126E1,1.405384421E0,1.352102876E0,4.057974815E0
4.041615531E1,1.871402740E0,1.277150273E0,3.722559929E0
4.042405936E1,1.653006792E0,9.627239704E-1,3.630953789E0
4.043208548E1,1.188387871E0,3.912888765E-1,3.767813683E0
4.043998954E1,6.322777271E-1,-2.747784853E-1,3.989066124E0
4.044786307E1,-1.222407818E-2,-7.942143679E-1,4.445297241E0
4.045582816E1,-4.354640841E-1,-1.066282511E0,4.876729965E0
4.046376273E1,-5.024646521E-1,-1.410253286E0,5.028141022E0
4.047172782E1,-2.199521661E-1,-1.590853453E0,4.711978912E0
4.047963187E1,4.743051529E-2,-1.590437531E0,3.947509766E0
4.048753592E1,2.975649238E-1,-1.557445884E0,3.098673820E0
4.049543998E1,5.725221038E-1,-1.385086060E0,1.992061615E0
4.050337455E1,5.562922359E-1,-1.181449652E0,9.168195724E-1
4.051140105E1,4.821504951E-1,-9.523313642E-1,4.696559906E-2
4.051933562E1,5.315922499E-1,-8.607678413E-1,-2.875261307E-1
4.052727019E1,5.902476311E-1,-8.226468563E-1,-5.419330597E-1
4.053517424E1,6.677376628E-1,-8.115552664E-1,-7.141780853E-1
4.054307829E1,5.918697715E-1,-8.177684546E-1,-8.635253906E-1
4.055107390E1,6.307293177E-1,-8.218971491E-1,-1.068868637E0
4.055897795E1,6.762112975E-1,-8.449480534E-1,-1.208327293E0
4.056685148E1,6.677255034E-1,-8.545052409E-1,-1.175962448E0
4.057475554E1,5.434913039E-1,-8.487182260E-1,-1.136847496E0
4.058272063E1,3.515205979E-1,-8.287646174E-1,-1.243816376E0
4.059071623E1,2.129975557E-1,-8.373086452E-1,-1.580129623E0
4.059858977E1,7.092458010E-2,-7.737156153E-1,-1.867885590E0
4.060652434E1,-1.576589942E-1,-6.402999163E-1,-2.157485962E0
4.061442839E1,-3.068168461E-1,-6.190999746E-1,-2.551958084E0
4.062233244E1,-5.082929730E-1,-5.292501450E-1,-3.055935860E0
4.063026701E1,-6.880136728E-1,-4.404957294E-1,-3.552290440E0
4.063820158E1,-8.583296537E-1,-3.177132607E-1,-4.002957344E0
4.064613615E1,-1.038606882E0,-2.013643980E-1,-4.207228184E0
4.065407072E1,-1.088716745E0,-4.179394245E-2,-3.980946541E0
4.066200529E1,-1.114269018E0,5.739128590E-2,-3.556590557E0
4.067000090E1,-1.146418214E0,1.915718317E-1,-3.039042950E0
4.067790495E1,-1.008041263E0,2.083176374E-1,-2.705415726E0
4.068580900E1,-6.583832502E-1,1.735420227E-1,-2.490191460E0
4.069371306E1,-5.303619504E-1,2.695184946E-1,-2.245026112E0
4.070164763E1,-4.365120828E-1,4.524976015E-1,-2.273919582E0
4.070964323E1,-4.908570647E-1,7.478594780E-1,-2.633834362E0
4.071757780E1,-8.283090591E-1,9.839200974E-1,-3.375775814E0
4.072548186E1,-3.737348914E-1,1.356854081E0,-3.578456879E0
4.073344694E1,-9.867557883E-2,1.515232444E0,-3.582447529E0
4.074135100E1,2.031978965E-2,1.686293244E0,-3.349640846E0
4.074934660E1,-6.570485234E-2,1.744115710E0,-2.701109409E0
4.075722014E1,-4.735819995E-1,1.742515206E0,-1.814046383E0
4.076512419E1,-9.228448868E-1,1.600723267E0,-1.004307747E0
4.077305876E1,-1.392513514E0,1.514198065E0,-1.640653610E-1
4.078096281E1,-1.571913123E0,1.367300868E0,8.241596222E-1
4.078892790E1,-1.473027706E0,1.262038231E0,2.147309303E0
4.079683195E1,-1.255667448E0,1.240303516E0,3.454000473E0
4.080470549E1,-1.082623363E0,1.273838997E0,4.244708061E0
4.081260954E1,-9.075378180E-1,1.354143977E0,4.275975227E0
4.082054411E1,-6.451166868E-1,1.329687119E0,3.931992531E0
4.082853972E1,-4.540348947E-1,1.240652800E0,3.218977928E0
4.083650481E1,-2.138608545E-1,1.220165133E0,2.617588043E0
4.084440886E1,-5.292016640E-2,1.179995656E0,2.128811836E0
4.085237395E1,6.699822843E-2,1.111720681E0,1.869196892E0
4.086027800E1,1.587342620E-1,9.386091232E-1,1.911908150E0
4.086827361E1,5.856032670E-2,7.379413843E-1,2.144636154E0
4.087617766E1,-1.758575737E-1,5.905858278E-1,2.579396248E0
4.088408171E1,-3.619261086E-1,4.993515015E-1,3.022167206E0
4.089201628E1,-4.494283199E-1,5.817307234E-1,3.303889275E0
4.089995085E1,-5.451392531E-1,7.640540600E-1,3.499190331E0
4.090797697E1,-6.922616959E-1,6.570050716E-1,3.656825066E0
4.091588103E1,-8.061925769E-1,3.912571669E-1,3.234101295E0
4.092375456E1,-9.266049862E-1,1.295387745E-1,2.421392441E0
4.093168913E1,-1.080826044E0,-2.421125174E-1,1.356880188E0
4.093962370E1,-8.499710560E-1,-7.782529593E-1,6.838102341E-1
4.094758879E1,-7.668102980E-1,-1.124511242E0,4.072685242E-1
4.095546232E1,-6.727905273E-1,-1.319098711E0,5.378465652E-1
4.096336638E1,-6.502553225E-1,-1.493052840E0,9.452314377E-1
4.097127043E1,-7.646026015E-1,-1.483238220E0,1.434427261E0
4.097920500E1,-8.737996817E-1,-1.487332702E0,1.700972557E0
4.098717009E1,-9.259957075E-1,-1.502190232E0,1.624116898E0
4.099510466E1,-1.113192558E0,-1.510170937E0,1.104544640E0
4.100297819E1,-1.255710483E0,-1.468498111E0,4.562263489E-1
4.101088225E1,-1.393675089E0,-1.369338989E0,1.646585464E-1
4.101884734E1,-1.490131974E0,-1.216822863E0,3.176298141E-1
4.102681242E1,-1.435165882E0,-1.058672905E0,7.259168625E-1
4.103471648E1,-1.211358070E0,-9.642606974E-1,9.471406937E-1
4.104259001E1,-8.611978889E-1,-8.997372389E-1,8.241224289E-1
4.105055510E1,-4.911122322E-1,-7.835971117E-1,2.926664352E-1
4.105845915E1,-1.179985553E-1,-6.470456123E-1,-3.977327347E-1
4.106639372E1,7.517872751E-2,-4.641100168E-1,-1.010125160E0
4.107432829E1,2.806218266E-1,-3.010115623E-1,-1.703145027E0
4.108220183E1,5.152981281E-1,-1.741777658E-1,-2.414670944E0
4.109016692E1,6.762382984E-1,-6.782233715E-2,-3.097189426E0
4.109807097E1,7.938258648E-1,-8.865845203E-2,-3.547533989E0
4.110606657E1,8.340584040E-1,-6.886088848E-2,-4.017195225E0
4.111397063E1,9.020695686E-1,-9.413540363E-2,-4.523064137E0
4.112184416E1,1.000971556E0,-1.380788088E-1,-5.036512375E0
4.112977873E1,9.310318232E-1,-1.828979254E-1,-5.473888874E0
4.113771330E1,7.625252008E-1,-1.167759895E-1,-5.565023422E0
4.114570891E1,6.950870156E-1,-7.321035862E-2,-5.382420063E0
4.115361296E1,7.088314295E-1,-1.216655970E-1,-4.980433941E0
4.116151701E1,6.766254902E-1,-1.107769012E-1,-4.346589088E0
4.116945158E1,5.812234879E-1,4.491150379E-2,-3.710105419E0
4.117738615E1,6.076050997E-1,1.136573553E-1,-3.053748131E0
4.118535124E1,6.875125766E-1,1.850973368E-1,-2.635340214E0
4.119328581E1,6.935672760E-1,2.658765316E-1,-2.473950386E0
4.120118986E1,6.460614204E-1,3.407428265E-1,-2.658035278E0
4.120909392E1,4.570270181E-1,4.423724413E-1,-2.909705162E0
4.121699797E1,2.866360247E-1,5.971982479E-1,-3.318486691E0
4.122499358E1,1.629915535E-1,7.916408777E-1,-3.518671513E0
4.123292815E1,1.869693995E-1,8.836945295E-1,-3.250501156E0
4.124080168E1,2.123848647E-1,8.387734890E-1,-2.715383053E0
4.124873625E1,3.525589406E-1,9.130887985E-1,-1.633225441E0
4.125664030E1,2.334369421E-1,9.567502737E-1,-3.154535294E-1
4.126460539E1,6.999880075E-2,1.034928322E0,9.490232468E-1
4.127250944E1,-2.148534544E-2,1.108654380E0,1.804019928E0
4.128038298E1,-3.536211327E-3,1.158298254E0,2.570894241E0
4.128828703E1,-1.553443633E-2,1.220252991E0,3.022575378E0
4.129622160E1,1.775543764E-2,1.364067674E0,3.025896072E0
4.130421721E1,1.246069372E-2,1.457865357E0,2.681962013E0
4.131212126E1,7.828129083E-2,1.671556354E0,2.384595871E0
4.132002531E1,1.438508332E-1,1.762246132E0,1.973200798E0
4.132792937E1,5.632968247E-2,1.798478246E0,1.760729790E0
4.133586394E1,-1.785582304E-2,1.696973681E0,1.607748985E0
4.134382902E1,3.439146280E-2,1.514187098E0,1.539835930E0
4.135176360E1,6.345239282E-2,1.280441523E0,1.712701797E0
4.135966765E1,1.350103617E-1,1.001040816E0,2.116598129E0
4.136757170E1,2.554056942E-1,9.172232151E-1,2.858817101E0
4.137547575E1,5.250755548E-1,1.176030159E0,3.557123184E0
4.138347136E1,9.674164653E-1,1.802751064E0,3.879551888E0
4.139140593E1,1.057436943E0,2.091578960E0,4.001770020E0
4.139930998E1,1.674916029E0,2.108645439E0,3.418870926E0
4.140721403E1,1.836529613E0,1.835537434E0,2.545055389E0
4.141511809E1,1.757890940E0,1.271045566E0,2.229007721E0
4.142311369E1,1.425531149E0,5.278714895E-1,2.472219467E0
4.143104826E1,1.415502787E0,-1.376394033E-1,3.565265656E0
4.143898283E1,1.241755486E0,-5.891994238E-1,4.764114380E0
4.144694792E1,1.137699366E0,-8.786603808E-1,5.794624329E0
4.145485197E1,1.060600758E0,-1.064728379E0,6.105757713E0
4.146284758E1,1.042690277E0,-1.243352890E0,5.585805893E0
4.147075163E1,1.117965698E0,-1.423229098E0,4.427894592E0
4.147865568E1,1.075628161E0,-1.458783388E0,2.554379463E0
4.148659026E1,7.723563910E-1,-1.420138836E0,6.059141159E-1
4.149452482E1,4.354653358E-1,-1.284165144E0,-7.964563370E-1
4.150248991E1,2.647076845E-1,-1.194022536E0,-1.574980736E0
4.151039397E1,2.285138965E-1,-1.074227333E0,-2.039127827E0
4.151838957E1,1.824623346E-1,-8.638926744E-1,-2.257040501E0
4.152635466E1,4.290094972E-1,-7.025028467E-1,-2.374493599E0
4.153425871E1,5.804159641E-1,-6.759203672E-1,-2.533098221E0
4.154222380E1,5.662898421E-1,-7.283451557E-1,-2.734086990E0
4.155012785E1,3.491111994E-1,-8.502334356E-1,-2.778225899E0
4.155803190E1,2.048542500E-1,-9.370783567E-1,-2.462498665E0
4.156593596E1,1.212929487E-1,-1.087758303E0,-1.958638668E0
4.157384001E1,6.053805351E-2,-1.296663046E0,-1.594224930E0
4.158183562E1,-1.706227064E-1,-1.436655283E0,-1.309054375E0
4.158980070E1,-4.563627541E-1,-1.394668579E0,-1.203202248E0
4.159767424E1,-6.611228585E-1,-1.205113649E0,-1.127951622E0
4.160557829E1,-6.117585897E-1,-1.054998398E0,-1.042227745E0
4.161351286E1,-5.880216956E-1,-7.916574478E-1,-1.242826462E0
4.162147795E1,-6.886173487E-1,-4.905523062E-1,-1.719575882E0
4.162938200E1,-7.085393667E-1,-2.436268330E-1,-2.614007950E0
4.163725554E1,-7.894737720E-1,-2.211555243E-1,-3.665287971E0
4.164515959E1,-6.986598969E-1,6.866204739E-2,-4.382978439E0
4.165309416E1,-1.138621688E0,2.131474018E-1,-4.480919838E0
4.166102873E1,-1.246999025E0,3.579379320E-1,-4.014291286E0
4.166896330E1,-1.344389319E0,5.641845465E-1,-3.220534801E0
4.167686736E1,-1.066638470E0,7.029117346E-1,-2.622889996E0
4.168480192E1,-7.292650938E-1,7.639846802E-1,-2.211134434E0
4.169270598E1,-3.783121705E-1,8.857895136E-1,-2.001521111E0
4.170067106E1,-3.694700003E-1,9.977945089E-1,-2.092545033E0
4.170857512E1,-3.641421199E-1,1.104915738E0,-2.436354160E0
4.171644865E1,-5.126503706E-1,1.028502703E0,-2.951660156E0
4.172432219E1,-6.626483798E-1,1.022655725E0,-3.138782501E0
4.173228728E1,-9.213596582E-1,1.099160075E0,-2.854771137E0
4.174025236E1,-1.240022898E0,1.066263437E0,-2.245965004E0
4.174821745E1,-1.369875669E0,1.116470575E0,-1.384331703E0
4.175615202E1,-1.263305187E0,1.116741896E0,-1.239681244E-1
4.176405608E1,-1.004281998E0,1.119861603E0,1.205516815E0
4.177196013E1,-6.703078747E-1,1.067091942E0,2.657355309E0
4.177989470E1,-5.377388597E-1,1.082764387E0,3.545552254E0
4.178782927E1,-5.940722823E-1,1.155713797E0,3.760251999E0
4.179573332E1,-7.303585410E-1,1.137261629E0,3.548127174E0
4.180369841E1,-9.434917569E-1,1.059792876E0,3.048253059E0
4.181163298E1,-1.121001601E0,1.065418720E0,2.434530258E0
4.181962859E1,-1.162562132E0,9.135175943E-1,2.039160728E0
4.182756316E1,-1.013246417E0,7.235938311E-1,1.542936325E0
4.183555876E1,-9.168109894E-1,5.020033121E-1,1.103550911E0
4.184349333E1,-8.342293501E-1,2.866137028E-1,1.100853920E0
4.185139738E1,-8.493902683E-1,1.371432543E-1,1.443855286E0
4.185936247E1,-8.817604780E-1,5.136895180E-2,2.290532112E0
4.186726652E1,-6.831449270E-1,1.822739840E-1,3.195630074E0
4.187517058E1,-7.088271976E-1,4.635781050E-1,3.674314499E0
4.188304411E1,-8.654079437E-1,3.285137415E-1,3.741727829E0
4.189097868E1,-7.868126035E-1,3.257670403E-1,2.786277771E0
4.189891325E1,-8.427211046E-1,-6.349325180E-2,1.298686981E0
4.190684782E1,-7.432428598E-1,-3.208441734E-1,4.226169586E-1
4.191478239E1,-7.413175702E-1,-6.872459650E-1,2.014513016E-1
4.192274748E1,-7.649701834E-1,-1.024320841E0,9.975776672E-1
4.193062102E1,-6.702105999E-1,-1.312351227E0,2.476285934E0
4.193858611E1,-6.393133998E-1,-1.458687067E0,3.856402397E0
4.194649016E1,-6.562216282E-1,-1.431445360E0,4.938293457E0
4.195439421E1,-6.565698981E-1,-1.286179543E0,4.979846954E0
4.196232878E1,-6.201901436E-1,-1.085413694E0,4.379720688E0
4.197026335E1,-7.419925928E-1,-8.673446774E-1,3.083351135E0
4.197825896E1,-7.314084768E-1,-5.977118015E-1,1.381297112E0
4.198616301E1,-7.694344521E-1,-3.943309784E-1,-2.565946579E-1
4.199409758E1,-7.922745943E-1,-2.860184908E-1,-1.359962463E0
4.200200163E1,-7.857115269E-1,-2.324711084E-1,-2.255910397E0
4.200990568E1,-7.418156862E-1,-2.170461416E-1,-2.677368641E0
4.201784026E1,-6.744755507E-1,-2.447212934E-1,-2.721741199E0
4.202580534E1,-5.575228333E-1,-2.934608459E-1,-2.364839077E0
4.203370940E1,-4.540876746E-1,-3.030283451E-1,-1.517411232E0
4.204161345E1,-3.969164491E-1,-2.665052414E-1,-8.448686600E-1
4.204951750E1,-3.109503984E-1,-2.333571911E-1,-4.245777130E-1
4.205751311E1,-9.975633025E-2,-2.894387245E-1,-3.298778534E-1
4.206547819E1,1.130346060E-1,-2.685685158E-1,-3.924283981E-1
4.207335173E1,2.399431765E-1,-2.212414742E-1,-4.634065628E-1
4.208122526E1,3.108894825E-1,-1.260408163E-1,-5.756301880E-1
4.208919035E1,3.350884318E-1,-1.357042789E-2,-9.041242599E-1
4.209718596E1,3.350637555E-1,1.077407598E-1,-1.381784439E0
4.210505949E1,2.901931703E-1,1.500644684E-1,-2.218807697E0
4.211296355E1,2.479377091E-1,1.921139956E-1,-2.939475536E0
4.212089812E1,2.249487042E-1,1.745576859E-1,-3.666339397E0
4.212880217E1,2.568169236E-1,2.145662308E-1,-4.110040665E0
4.213676726E1,3.043575585E-1,2.908236980E-1,-4.216200352E0
4.214467131E1,2.231300771E-1,4.100106955E-1,-4.078467369E0
4.215254484E1,1.299684644E-1,4.529691935E-1,-3.692137718E0
4.216044890E1,5.318789557E-2,5.027602911E-1,-3.384779453E0
4.216835295E1,5.525023490E-2,6.151033640E-1,-3.079514980E0
4.217628752E1,1.808595508E-1,7.260761261E-1,-2.577356815E0
4.218425261E1,7.133205235E-2,9.483357668E-1,-2.177558422E0
4.219212614E1,4.105075449E-2,1.196436405E0,-2.114142418E0
4.220006071E1,1.193769090E-2,1.371334314E0,-2.332225323E0
4.220796477E1,5.921385810E-2,1.471575618E0,-2.546989918E0
4.221589934E1,8.027714491E-2,1.457558155E0,-2.639222622E0
4.222386442E1,6.194054708E-2,1.359083414E0,-2.415524006E0
4.223179900E1,-8.025485277E-2,1.267946243E0,-1.809386730E0
4.223973356E1,-2.304219306E-1,9.872932434E-1,-8.263273239E-1
4.224763762E1,-2.585277557E-1,8.229607344E-1,1.218223572E-2
4.225560271E1,-4.080496430E-1,6.962907314E-1,1.101488113E0
4.226350676E1,-4.604648352E-1,7.442572117E-1,2.312557220E0
4.227138029E1,-4.247536063E-1,8.784606457E-1,3.191243172E0
4.227928435E1,-3.370214403E-1,9.866685867E-1,3.446597099E0
4.228718840E1,-2.359203398E-1,1.101622462E0,3.133911133E0
4.229518400E1,-8.406615257E-2,1.285889030E0,2.492654800E0
4.230308806E1,9.342654049E-2,1.340251803E0,1.695052147E0
4.231099211E1,1.505926996E-1,1.373255134E0,1.343476295E0
4.231889616E1,2.187302560E-1,1.416983128E0,1.229009628E0
4.232676970E1,1.958048344E-1,1.348178387E0,1.243194580E0
4.233476530E1,1.549637020E-1,1.166479588E0,1.412413597E0
4.234269987E1,2.392104268E-2,9.164266586E-1,1.647749901E0
4.235057341E1,-8.336417377E-2,7.410776615E-1,1.960856438E0
4.235850798E1,-8.286708593E-2,8.722112179E-1,2.074616432E0
4.236644255E1,-2.500481904E-1,1.056158066E0,2.197449684E0
4.237443816E1,-2.745951414E-1,9.798977375E-1,2.293651581E0
4.238237273E1,2.393476665E-1,9.721519947E-1,1.865228653E0
4.239030730E1,4.235161543E-1,7.537987232E-1,1.402664185E0
4.239827238E1,6.562528610E-1,3.286721706E-1,1.168991089E0
4.240617644E1,9.808878899E-1,-4.105322361E-1,1.429239273E0
4.241411101E1,1.094991207E0,-8.414720297E-1,2.519288063E0
4.242204558E1,7.719922066E-1,-1.104108810E0,3.810238838E0
4.242994963E1,6.687551737E-1,-1.401000977E0,4.929852486E0
4.243788420E1,6.896231771E-1,-1.435810566E0,5.303095818E0
4.244578825E1,7.210793495E-1,-1.400197983E0,5.194182396E0
4.245375334E1,7.533340454E-1,-1.396908760E0,4.530271530E0
4.246165739E1,6.311252117E-1,-1.390856981E0,3.090624809E0
4.246953093E1,4.621430635E-1,-1.348693609E0,1.365510941E0
4.247749602E1,2.712350786E-1,-1.335328817E0,-6.433105469E-2
4.248543059E1,4.023325443E-2,-1.315849900E0,-1.114385605E0
4.249342619E1,-1.120283008E-1,-1.322765231E0,-1.544013977E0
4.250133025E1,-1.462454945E-1,-1.333703399E0,-1.311836243E0
4.250923430E1,-1.637831032E-1,-1.372802019E0,-8.409433365E-1
4.251716887E1,-3.264546394E-4,-1.387752056E0,-4.682302475E-1
4.252507292E1,7.685080171E-3,-1.335481405E0,-1.403865814E-1
4.253306853E1,-1.733276248E-2,-1.258445978E0,-2.119636536E-2
4.254100310E1,-6.282144785E-2,-1.188810587E0,-1.865482330E-1
4.254887663E1,-9.560593963E-2,-1.111708879E0,-5.834436417E-1
4.255684172E1,-1.593508273E-1,-1.020345807E0,-1.013157845E0
4.256474577E1,-2.311971188E-1,-8.524100780E-1,-1.491593361E0
4.257271086E1,-2.271870077E-1,-7.193642855E-1,-2.045367241E0
4.258061491E1,-2.227215469E-1,-5.958806276E-1,-2.600137234E0
4.258851897E1,-1.814952493E-1,-4.638910294E-1,-3.206464767E0
4.259642302E1,-2.555595636E-1,-3.384878635E-1,-3.677911282E0
4.260432707E1,-5.199492574E-1,-2.950570583E-1,-4.280452251E0
4.261229216E1,-6.696537137E-1,-1.820760965E-1,-4.990246296E0
4.262019621E1,-5.429877043E-1,-8.421409130E-2,-5.216640949E0
4.262810026E1,-7.349531651E-1,2.569116354E-1,-4.573047638E0
4.263603484E1,-9.358202815E-1,4.357700348E-1,-3.416050911E0
4.264396940E1,-4.633264542E-1,4.900753498E-1,-1.792907238E0
4.265196501E1,-2.972465754E-1,5.158481598E-1,-1.357906342E0
4.265986906E1,-1.377009451E-1,8.586283922E-1,-1.380243301E0
4.266777312E1,-2.472017705E-1,8.210276365E-1,-1.520310402E0
4.267570769E1,-2.962509394E-1,8.705399036E-1,-2.256639481E0
4.268358122E1,-2.899360061E-1,8.706036806E-1,-3.012933254E0
4.269157683E1,-3.451228738E-1,1.012477875E0,-3.730065823E0
4.269954192E1,-4.654730558E-1,1.049955487E0,-4.045024872E0
4.270750700E1,-5.157835484E-1,1.032306433E0,-4.078238487E0
4.271544157E1,-6.087864637E-1,1.024331212E0,-3.677464962E0
4.272334563E1,-6.939927936E-1,1.001286387E0,-2.746859074E0
4.273134123E1,-5.898459554E-1,9.527769089E-1,-1.664590359E0
4.273924528E1,-5.378923416E-1,8.901273012E-1,-3.443584442E-1
4.274711882E1,-4.169363081E-1,8.349908590E-1,7.814102173E-1
4.275502287E1,-3.275530934E-1,9.375451803E-1,2.091604233E0
4.276295744E1,-3.339002430E-1,1.039510131E0,3.053291321E0
4.277092253E1,-3.268223107E-1,1.133346796E0,3.370136261E0
4.277882658E1,-4.227793217E-1,1.237019420E0,3.470943451E0
4.278670012E1,-5.067525506E-1,1.272581816E0,3.160139084E0
4.279463469E1,-4.979901016E-1,1.281560302E0,2.587064743E0
4.280253874E1,-4.070219398E-1,1.325431228E0,1.986076355E0
4.281050383E1,-3.432882726E-1,1.272670388E0,1.449569702E0
4.281843840E1,-2.989941239E-1,1.172305942E0,1.209035873E0
4.282634245E1,-2.636898160E-1,1.076501131E0,1.174951553E0
4.283427702E1,-4.075813890E-1,1.010088921E0,1.498413086E0
4.284218108E1,-5.245223641E-1,9.229586124E-1,2.069224358E0
4.285011565E1,-4.227215052E-1,8.774271011E-1,2.489936829E0
4.285805022E1,-4.292277098E-1,9.358532429E-1,2.687349319E0
4.286595427E1,-5.967226624E-1,9.614038467E-1,2.925418854E0
4.287391936E1,-7.081028223E-1,6.558246613E-1,2.783672333E0
4.288182341E1,-7.394005060E-1,5.943021774E-1,2.226695061E0
4.288978850E1,-9.333859086E-1,3.321981430E-1,1.281320572E0
4.289769255E1,-8.489243984E-1,1.531696320E-2,5.233850479E-1
4.290556609E1,-7.380936146E-1,-3.336150646E-1,4.972791672E-1
4.291353117E1,-6.992375851E-1,-6.070197821E-1,1.107230186E0
4.292143523E1,-6.581212878E-1,-8.086308241E-1,2.231223106E0
4.292943083E1,-6.536331177E-1,-9.546756744E-1,3.555865288E0
4.293736540E1,-7.264873385E-1,-1.008485794E0,4.402017593E0
4.294523894E1,-8.503711224E-1,-9.531947970E-1,4.422701836E0
4.295320402E1,-9.202364087E-1,-9.395564198E-1,3.810672760E0
4.296113860E1,-1.080355883E0,-8.854773045E-1,2.875838280E0
4.296916472E1,-1.290269852E0,-8.409128189E-1,1.813511848E0
4.297703825E1,-1.298611403E0,-7.306292057E-1,8.653383255E-1
4.298497282E1,-1.207672477E0,-6.305285692E-1,-6.335449219E-2
4.299284636E1,-1.020512342E0,-5.062475204E-1,-7.410507202E-1
4.300078093E1,-7.747395039E-1,-3.414393663E-1,-1.053812981E0
4.300874602E1,-5.987672210E-1,-1.871553659E-1,-1.190670967E0
4.301668059E1,-3.544574380E-1,-8.799743652E-2,-1.213951111E0
4.302455412E1,4.490014911E-2,-2.119553089E-2,-1.212044716E0
4.303251921E1,3.004412353E-1,4.508543015E-2,-1.203302383E0
4.304039275E1,7.199559808E-1,1.137413979E-1,-1.151497841E0
4.304838835E1,9.414584637E-1,4.070079327E-2,-9.963817596E-1
4.305632292E1,9.788227081E-1,-3.207111359E-2,-9.937791824E-1
4.306419646E1,1.110150814E0,-8.773863316E-2,-1.303297997E0
4.307213103E1,1.175558805E0,-8.498978615E-2,-1.503997803E0
4.308009611E1,1.037656784E0,-6.720900536E-2,-1.677600384E0
4.308809172E1,9.797393680E-1,-8.667171001E-2,-2.077542782E0
4.309602629E1,8.117028475E-1,-1.781169176E-1,-2.538845062E0
4.310396086E1,6.637745500E-1,-2.234938145E-1,-3.085546970E0
4.311189543E1,5.989896059E-1,-1.842592955E-1,-3.602740765E0
4.311979948E1,6.000167727E-1,-1.815363169E-1,-3.887508869E0
4.312776457E1,5.713475943E-1,-1.351760626E-1,-4.050184727E0
4.313566862E1,5.816303492E-1,-1.191053391E-1,-4.117177010E0
4.314354216E1,5.201519728E-1,-1.029268503E-1,-4.200896263E0
4.315150725E1,3.957138658E-1,-4.696905613E-2,-4.174271584E0
4.315941130E1,1.266138405E-1,6.278049946E-2,-3.994138241E0
4.316740690E1,-3.106916323E-2,2.471803427E-1,-3.842315197E0
4.317537199E1,-1.066486463E-1,4.327200651E-1,-3.699317455E0
4.318330656E1,-1.897373348E-1,7.500910759E-1,-3.534247398E0
4.319127165E1,-3.275753260E-1,1.006034017E0,-3.387914658E0
4.319920622E1,-2.732358575E-1,1.138204217E0,-3.241139889E0
4.320723234E1,-2.863776088E-1,1.221808791E0,-3.043821812E0
4.321513640E1,-4.895508885E-1,1.170854926E0,-2.638435841E0
4.322304045E1,-5.652216077E-1,1.166676044E0,-2.022933483E0
4.323094450E1,-5.668017864E-1,1.147689939E0,-1.056175232E0
4.323884856E1,-6.009602547E-1,1.209241986E0,-1.263866425E-1
4.324684416E1,-5.382646918E-1,1.261168480E0,5.876913071E-1
4.325474821E1,-4.150279760E-1,1.393108845E0,1.076815605E0
4.326265227E1,-3.411536515E-1,1.514494896E0,1.702473640E0
4.327058684E1,-3.246054053E-1,1.550522566E0,2.108046532E0
4.327849089E1,-1.977058351E-1,1.508615971E0,2.271408081E0
4.328645598E1,-1.102370322E-1,1.493958473E0,2.509022713E0
4.329432951E1,-9.567049146E-2,1.479977131E0,2.808302879E0
4.330226408E1,1.530784369E-2,1.413507938E0,3.138063431E0
4.331019865E1,1.033669710E-1,1.332833290E0,3.314093590E0
4.331810271E1,9.715044498E-2,1.257270098E0,3.312434196E0
4.332606779E1,1.729573607E-1,1.250536203E0,3.293170929E0
4.333397185E1,3.589760065E-1,1.299193859E0,3.081634521E0
4.334184538E1,4.422907233E-1,1.712375641E0,2.969990730E0
4.334981047E1,5.121551752E-1,2.091314554E0,2.788126945E0
4.335771452E1,6.014347672E-1,2.231763601E0,2.309337616E0
4.336571013E1,9.966583848E-1,2.080355167E0,1.490578651E0
4.337361418E1,1.206367493E0,1.689094067E0,1.059014320E0
4.338148772E1,1.401906252E0,1.023694515E0,1.344063759E0
4.338936125E1,1.680171490E0,2.167692184E-1,2.608307838E0
4.339726530E1,1.590051651E0,-5.870988369E-1,4.336258888E0
4.340526091E1,1.666344166E0,-1.091679335E0,6.032136917E0
4.341322600E1,1.572196960E0,-1.397942781E0,6.400173187E0
4.342116057E1,1.178109527E0,-1.534713030E0,6.439534187E0
4.342906462E1,1.195764780E0,-1.471733570E0,5.532575607E0
4.343696867E1,9.624442458E-1,-1.562258720E0,4.069217682E0
4.344490324E1,9.419843554E-1,-1.062563181E0,2.034193039E0
4.345286833E1,9.709402919E-1,-9.937780499E-1,-2.644052505E-1
4.346074187E1,1.031975031E0,-7.796615362E-1,-2.062057495E0
4.346864592E1,9.387924075E-1,-6.356905699E-1,-2.764722824E0
4.347654997E1,8.211811781E-1,-5.351281166E-1,-2.945597649E0
4.348451506E1,8.744211793E-1,-5.409240723E-1,-2.735164165E0
4.349244963E1,8.697909713E-1,-4.999020100E-1,-2.197103024E0
4.350035368E1,8.491506577E-1,-4.227336645E-1,-1.642456532E0
4.350831877E1,8.867877722E-1,-4.909318686E-1,-1.179531097E0
4.351625334E1,8.059132099E-1,-5.139411688E-1,-9.488954544E-1
4.352424895E1,7.265747190E-1,-4.852951765E-1,-9.379863739E-1
4.353215300E1,6.463923454E-1,-5.984904766E-1,-1.532031059E0
4.354002653E1,1.716647148E-1,-6.570504904E-1,-1.646579742E0
4.354799162E1,1.975764632E-1,-6.091637611E-1,-1.933580875E0
4.355592619E1,2.993863821E-2,-6.317749023E-1,-2.227445602E0
4.356389128E1,-1.760479808E-2,-4.839104414E-1,-2.403542042E0
4.357179533E1,-3.984743655E-1,-5.338478088E-1,-2.784920216E0
4.357969939E1,-6.215624213E-1,-4.790660143E-1,-3.419151783E0
4.358760344E1,-4.685978293E-1,-4.954472780E-1,-3.527901173E0
4.359553801E1,-9.827668667E-1,-4.173513651E-1,-3.854432583E0
4.360347258E1,-1.167377949E0,-2.893732786E-1,-4.312233925E0
4.361143767E1,-1.064905882E0,-1.851197481E-1,-4.415122986E0
4.361931120E1,-9.765044451E-1,5.832850933E-2,-4.192283630E0
4.362721526E1,-8.468353748E-1,3.099755049E-1,-3.739676952E0
4.363511931E1,-5.621472597E-1,4.096364975E-1,-3.076148987E0
4.364308440E1,-1.676888913E-1,5.862904787E-1,-2.567516804E0
4.365098845E1,1.233503073E-1,8.617154360E-1,-2.261383533E0
4.365889250E1,2.950681448E-1,1.069569230E0,-2.224277496E0
4.366682707E1,3.242637515E-1,1.192797303E0,-2.494750023E0
4.367476164E1,1.661053300E-1,1.270573020E0,-3.250021458E0
4.368275725E1,1.184252650E-1,1.168204188E0,-3.906092644E0
4.369066130E1,-5.999083072E-2,1.069557428E0,-4.334753036E0
4.369853484E1,-2.757732272E-1,9.868748188E-1,-4.283521652E0
4.370640837E1,-7.545176744E-1,9.391661882E-1,-3.597252369E0
4.371434294E1,-1.172110438E0,8.116366863E-1,-2.357813835E0
4.372230803E1,-1.294158340E0,8.081748486E-1,-8.265981674E-1
4.373024260E1,-1.271576285E0,8.362454176E-1,1.187120438E0
4.373811613E1,-8.787928820E-1,8.306882381E-1,2.920550346E0
4.374605070E1,-8.212954998E-1,8.637577295E-1,3.982572556E0
4.375395476E1,-3.340737820E-1,1.271952868E0,4.579584122E0
4.376191984E1,-3.371038437E-1,1.202620149E0,4.544327736E0
4.376979338E1,-1.762218028E-1,1.324099660E0,3.925223351E0
4.377772795E1,-1.106569171E-2,1.361422658E0,2.924585342E0
4.378563200E1,-9.740430117E-2,1.466869593E0,2.015807152E0
4.379353606E1,-3.022179306E-1,1.512380838E0,1.250195503E0
4.380150114E1,-5.582978129E-1,1.466965914E0,1.172751427E0
4.380940520E1,-7.807922959E-1,1.324380159E0,1.425309181E0
4.381727873E1,-8.660990000E-1,1.069505811E0,2.267100334E0
4.382515227E1,-7.597443461E-1,9.513204098E-1,3.399324417E0
4.383305632E1,-7.855625153E-1,8.115041256E-1,4.401185036E0
4.384105192E1,-6.356704235E-1,1.056583166E0,4.917341232E0
4.384895598E1,-4.758213460E-1,5.576956272E-1,4.879383087E0
4.385689055E1,-4.924608469E-1,2.058379650E-1,4.061171532E0
4.386482512E1,-6.254138947E-1,2.623261213E-1,2.929132462E0
4.387275969E1,-7.523227334E-1,-1.933251619E-1,2.167346954E0
4.388075529E1,-8.855476379E-1,-5.779924393E-1,1.760236740E0
4.388868986E1,-1.021643400E0,-8.862062097E-1,1.699298859E0
4.389656340E1,-1.121655822E0,-1.113920927E0,2.064104080E0
4.390452849E1,-1.221634150E0,-1.313216567E0,2.711415291E0
4.391243254E1,-1.185604811E0,-1.470058799E0,3.268443108E0
4.392039763E1,-1.203551650E0,-1.494337559E0,3.406105995E0
4.392830168E1,-1.402790785E0,-1.496672392E0,3.130458832E0
4.393617522E1,-1.493988991E0,-1.461760521E0,2.563960075E0
4.394417082E1,-1.446141362E0,-1.382493973E0,1.974787712E0
4.395207487E1,-1.337159872E0,-1.229997754E0,1.577453613E0
4.396003996E1,-1.132718086E0,-1.149454117E0,1.380928993E0
4.396791350E1,-7.876487970E-1,-1.046918869E0,1.166769981E0
4.397581755E1,-5.499217510E-1,-9.379549623E-1,9.495229721E-1
4.398375212E1,-2.889455557E-1,-7.383278608E-1,7.793931961E-1
4.399165617E1,-7.270593941E-2,-5.269237757E-1,4.413356781E-1
4.399962126E1,1.085593402E-1,-3.505854607E-1,-1.266555786E-1
4.400755583E1,2.479532361E-1,-2.033520937E-1,-7.304372787E-1
4.401545988E1,3.269273639E-1,-1.312619448E-1,-1.369910240E0
4.402336394E1,4.133315086E-1,-2.915084362E-2,-1.958845139E0
4.403123747E1,4.134854972E-1,2.466201782E-2,-2.595151424E0
4.403923308E1,3.572911024E-1,3.772830963E-2,-3.094534874E0
4.404716765E1,2.548172176E-1,9.937524796E-3,-3.727536678E0
4.405504118E1,8.166012168E-2,5.147123337E-2,-4.247580051E0
4.406294524E1,3.360770643E-2,4.043686390E-2,-4.358205318E0
4.407087981E1,-4.008428380E-2,-2.481377125E-2,-4.236711502E0
4.407887541E1,8.073709905E-3,6.681680679E-3,-4.107812881E0
4.408674895E1,3.564376384E-3,-1.954782009E-2,-4.019198418E0
4.409468352E1,1.374210715E-1,1.430273056E-2,-4.207600594E0
4.410255705E1,3.292352557E-1,2.164363861E-2,-4.481770992E0
4.411046111E1,3.435925245E-1,5.213129520E-2,-4.559449673E0
4.411842619E1,2.532629669E-1,1.046608686E-1,-4.402502537E0
4.412636076E1,1.036060303E-1,1.880487204E-1,-4.238233089E0
4.413423430E1,-1.003834605E-2,2.225799561E-1,-4.028187275E0
4.414213835E1,-7.701802999E-2,2.899733782E-1,-3.872522831E0
4.415004240E1,-1.398386359E-1,4.171261787E-1,-3.625278950E0
4.415803801E1,-2.656235099E-1,5.593470335E-1,-3.363216400E0
4.416594206E1,-3.834571838E-1,7.911098003E-1,-3.251213551E0
4.417381560E1,-5.389176607E-1,8.480639458E-1,-3.332582951E0
4.418171965E1,-5.774996877E-1,1.090842724E0,-3.071222305E0
4.418962370E1,-5.201036930E-1,1.165431857E0,-2.462827682E0
4.419761931E1,-3.437848389E-1,1.206666589E0,-1.562674522E0
4.420555388E1,-4.367812872E-1,1.117785215E0,-8.160419464E-1
4.421342741E1,-3.921168447E-1,1.179545999E0,1.197052002E-2
4.422139250E1,-5.349106789E-1,1.202993631E0,9.021205902E-1
4.422929655E1,-6.107166409E-1,1.296378016E0,1.768194199E0
4.423723112E1,-6.475595236E-1,1.324536324E0,2.275421143E0
4.424519621E1,-5.728862286E-1,1.415989876E0,2.613202095E0
4.425306975E1,-2.425419539E-1,1.191915035E0,2.809598923E0
4.426097380E1,-2.895644307E-2,1.169489145E0,2.728487015E0
4.426890837E1,3.068777621E-1,1.263657331E0,2.479721069E0
4.427687346E1,5.734891891E-1,1.235029936E0,2.476248741E0
4.428477751E1,8.025925159E-1,1.106165409E0,2.620679855E0
4.429265105E1,9.151133299E-1,8.827850819E-1,2.757019997E0
4.430058562E1,9.801733494E-1,6.694705486E-1,3.009924889E0
4.430848967E1,1.105343103E0,5.596771240E-1,3.420052528E0
4.431645476E1,1.155529261E0,8.215925694E-1,3.791100502E0
4.432435881E1,1.231375456E0,1.239459276E0,3.834162712E0
4.433223234E1,1.336107254E0,1.373445749E0,3.542436600E0
4.434013640E1,1.716684818E0,1.397595167E0,2.939711571E0
4.434804045E1,1.930540323E0,1.262565136E0,2.432550430E0
4.435603606E1,2.210802078E0,7.340934277E-1,2.269161224E0
4.436394011E1,2.383549452E0,-5.928921700E-2,2.641774178E0
4.437181364E1,2.267129660E0,-8.362151384E-1,3.741924286E0
4.437974821E1,1.947546005E0,-1.546715617E0,4.913300514E0
4.438762175E1,1.686040044E0,-2.041190624E0,6.017102242E0
4.439564787E1,1.449916363E0,-2.332805634E0,6.327068329E0
4.440355192E1,1.226197243E0,-2.441576481E0,5.857010841E0
4.441148650E1,8.842625022E-1,-2.430372000E0,4.523033142E0
4.441939055E1,7.075469494E-1,-2.330356121E0,2.641134262E0
4.442729460E1,5.058021545E-1,-2.150125504E0,8.479146957E-1
4.443525969E1,3.985314965E-1,-2.004731655E0,-2.962493896E-1
4.444319426E1,3.297116756E-1,-1.944064140E0,-1.163685799E0
4.445112883E1,3.039811552E-1,-1.949932575E0,-1.777526379E0
4.445900236E1,2.473734617E-1,-1.957807779E0,-2.005980968E0
4.446693694E1,1.384897530E-1,-1.975356340E0,-1.895524979E0
4.447493254E1,2.600669563E-1,-1.939660549E0,-1.667646885E0
4.448283659E1,3.826114833E-1,-1.882019043E0,-1.602887630E0
4.449071013E1,4.957803488E-1,-1.831930161E0,-1.690243721E0
4.449861418E1,5.789847374E-1,-1.781146049E0,-1.691290379E0
4.450654875E1,4.829319417E-1,-1.708964825E0,-1.581933022E0
4.451451384E1,5.775564909E-1,-1.556380272E0,-1.187317848E0
4.452238737E1,6.356587410E-1,-1.452914119E0,-9.306354523E-1
4.453029143E1,5.908761024E-1,-1.311713219E0,-9.307413101E-1
4.453819548E1,4.898776412E-1,-1.159090400E0,-1.205350876E0
4.454609953E1,3.567683101E-1,-1.125698686E0,-1.809716702E0
4.455403410E1,1.422809213E-1,-9.874781370E-1,-2.846992493E0
4.456196867E1,-3.488814831E-1,-8.701303005E-1,-3.996542931E0
4.456984221E1,-5.913435221E-1,-7.149208784E-1,-4.922537327E0
4.457780730E1,-6.173960567E-1,-6.128751040E-1,-5.667283535E0
4.458571135E1,-5.181085467E-1,-4.526616335E-1,-5.889327049E0
4.459367644E1,-3.737059832E-1,-1.959160566E-1,-4.895443916E0
4.460161101E1,-2.084452510E-1,1.727497578E-2,-3.708664894E0
4.460954558E1,1.607215703E-1,2.009057999E-2,-2.422308445E0
4.461751067E1,5.811040998E-1,1.636331081E-1,-1.345945358E0
4.462541472E1,8.407384157E-1,2.139707804E-1,-8.201913834E-1
4.463337981E1,8.849991560E-1,2.986795902E-1,-9.357519150E-1
4.464128386E1,8.036450148E-1,4.380772114E-1,-1.740266800E0
4.464915739E1,6.828421354E-1,6.182590723E-1,-2.692667007E0
4.465712248E1,5.760905147E-1,7.537289858E-1,-3.368797302E0
4.466502653E1,6.565690041E-1,8.829196692E-1,-3.552342415E0
4.467299162E1,5.745912790E-1,9.103405476E-1,-2.997797489E0
4.468089568E1,3.681778014E-1,9.308261871E-1,-2.129282475E0
4.468883025E1,1.229313463E-1,9.217994213E-1,-1.263097763E0
4.469679533E1,-2.142646760E-1,9.030742645E-1,-1.086359024E-1
4.470469939E1,-4.117369652E-1,9.400265217E-1,1.279448509E0
4.471266447E1,-3.497678638E-1,9.470944405E-1,2.939927101E0
4.472059904E1,-2.978993356E-1,1.077079177E0,4.253824234E0
4.472847258E1,-2.450869977E-1,1.154655576E0,5.344360352E0
4.473640715E1,-2.800527513E-1,1.349467754E0,5.533638954E0
4.474431120E1,-4.744553268E-1,1.353760362E0,5.032073021E0
4.475224577E1,-5.302149057E-1,1.266813993E0,3.857274055E0
4.476014983E1,-5.295941830E-1,1.114674568E0,2.629945755E0
4.476802336E1,-6.168928742E-1,1.068396091E0,1.557207108E0
4.477592741E1,-5.773099065E-1,1.015042067E0,7.642946243E-1
4.478386198E1,-4.632346630E-1,7.741672993E-1,2.213449478E-1
4.479188811E1,-3.887894750E-1,5.703086853E-1,3.029727936E-1
4.479979216E1,-3.847895265E-1,4.652585983E-1,1.050340652E0
4.480769621E1,-3.189785480E-1,4.341208935E-1,1.782660484E0
4.481560026E1,-3.352149129E-1,4.924118519E-1,2.457948685E0
4.482347380E1,-4.390157461E-1,5.580105782E-1,2.943128586E0
4.483156096E1,-4.224983454E-1,2.237291336E-1,3.143915176E0
4.483952605E1,-5.356888771E-1,-3.372287750E-2,3.114354134E0
4.484746062E1,-7.113036513E-1,-5.119352341E-1,2.686799049E0
4.485536467E1,-9.052152634E-1,-9.752711058E-1,2.306138992E0
4.486326872E1,-9.580098987E-1,-1.240020394E0,2.425862312E0
4.487120329E1,-9.616132975E-1,-1.468150973E0,2.922782898E0
4.487916838E1,-9.198158383E-1,-1.559086800E0,3.423019409E0
4.488707243E1,-9.451479912E-1,-1.455111384E0,3.488480568E0
4.489497648E1,-1.001906276E0,-1.242917657E0,3.357456207E0
4.490291106E1,-1.126314402E0,-1.087505102E0,2.762706757E0
4.491087614E1,-1.187331557E0,-1.019944549E0,1.643508911E0
4.491878020E1,-1.482071638E0,-1.023125768E0,2.699480057E-1
4.492671477E1,-1.671632528E0,-1.023715377E0,-7.770080566E-1
4.493461882E1,-1.843363047E0,-9.796900749E-1,-1.582981110E0
4.494252287E1,-1.846350908E0,-1.027175784E0,-1.651510239E0
4.495051848E1,-1.820763588E0,-9.893598557E-1,-1.131136894E0
4.495842253E1,-1.633952379E0,-8.767290115E-1,-4.967517853E-1
4.496629606E1,-1.340239048E0,-8.955612183E-1,-1.349887848E-1
4.497426115E1,-9.719168544E-1,-8.768365383E-1,1.578683853E-1
4.498216521E1,-7.516937852E-1,-9.275416136E-1,2.346286774E-1
4.499016081E1,-3.948891163E-1,-8.824790716E-1,2.502441406E-3
4.499809538E1,-1.456636786E-1,-8.570307493E-1,-4.921493530E-1
4.500596892E1,9.745013714E-2,-7.653198242E-1,-9.212112427E-1
4.501390349E1,2.611553073E-1,-6.665227413E-1,-1.435275078E0
4.502180754E1,4.247968197E-1,-5.270196199E-1,-2.026654720E0
4.502974211E1,6.153881550E-1,-3.964960575E-1,-2.621433735E0
4.503764616E1,6.634998918E-1,-3.255442381E-1,-3.066648960E0
4.504558073E1,6.618930101E-1,-2.838369608E-1,-3.664383411E0
4.505348479E1,5.198041797E-1,-2.949174643E-1,-4.290217876E0
4.506141936E1,3.861481845E-1,-3.486012220E-1,-4.779060364E0
4.506935393E1,2.145929635E-1,-3.973808289E-1,-5.131421089E0
4.507728850E1,2.513498068E-2,-5.452321768E-1,-5.467424870E0
4.508519255E1,1.299725771E-1,-6.936657429E-1,-5.407252789E0
4.509312712E1,1.378125548E-1,-7.081041336E-1,-4.953448772E0
4.510103117E1,2.105789781E-1,-6.321783066E-1,-3.952664852E0
4.510899626E1,4.640400112E-1,-5.241013765E-1,-3.026717186E0
4.511686980E1,5.290294290E-1,-3.963716030E-1,-2.420719624E0
4.512477385E1,5.607215166E-1,-2.217918634E-1,-2.384562969E0
4.513267790E1,4.981323779E-1,3.035950661E-2,-2.439753532E0
4.514058195E1,4.803848863E-1,2.800779343E-1,-2.576978207E0
4.514854704E1,3.931230009E-1,4.416851997E-1,-2.822618961E0
4.515645110E1,3.497006595E-1,5.505218506E-1,-3.132059574E0
4.516435515E1,1.534356475E-1,6.363117695E-1,-3.089416027E0
4.517225920E1,-1.003625095E-1,6.702098846E-1,-2.748435497E0
4.518016325E1,-3.260092735E-1,6.698455811E-1,-2.095048904E0
4.518815886E1,-4.506796598E-1,6.839618683E-1,-1.045709610E0
4.519609343E1,-4.839592576E-1,6.840538979E-1,-9.934425354E-3
4.520396696E1,-3.402107060E-1,6.868522167E-1,7.618999481E-1
4.521187102E1,-4.938399792E-2,6.043577194E-1,1.607786179E0
4.521980559E1,2.510296106E-1,7.791476250E-1,2.427671432E0
4.522780119E1,5.796095729E-1,9.412739277E-1,2.879612923E0
4.523576628E1,7.373669147E-1,1.078848362E0,2.945559502E0
4.524373137E1,9.389649034E-1,1.186638355E0,2.824403763E0
4.525166594E1,1.041563511E0,1.203404427E0,2.304738998E0
4.525960051E1,9.659896493E-1,1.211238146E0,1.793492317E0
4.526759611E1,7.850145698E-1,1.100653648E0,1.440263748E0
4.527553068E1,5.430721045E-1,1.002248287E0,1.217820168E0
4.528343474E1,2.866101265E-1,6.930088997E-1,1.261524200E0
4.529133879E1,3.074080050E-1,4.686670303E-1,1.621916771E0
4.529924284E1,3.099327385E-1,3.826572895E-1,2.168912888E0
4.530723845E1,5.722379684E-1,3.713247776E-1,3.178765297E0
4.531514250E1,1.104411364E0,6.925878525E-1,4.197414398E0
4.532304655E1,1.730337620E0,1.455508709E0,4.733007431E0
4.533098112E1,1.974871993E0,2.128564835E0,4.738680840E0
4.533891569E1,2.441196918E0,2.270915985E0,3.934739113E0
4.534691130E1,2.769052982E0,2.029206276E0,2.920237541E0
4.535484587E1,2.576817036E0,1.243911982E0,2.469006538E0
4.536274992E1,2.469978809E0,6.968111992E-1,2.660843849E0
4.537062346E1,1.980645657E0,-1.390271187E-1,3.841146469E0
4.537852751E1,1.428066969E0,-8.765803576E-1,5.041043282E0
4.538652312E1,1.107135892E0,-1.340289235E0,5.574798584E0
4.539442717E1,9.348225594E-1,-1.641467810E0,5.680923462E0
4.540230070E1,1.015595436E0,-1.851057172E0,5.065723419E0
4.541017424E1,1.119761109E0,-1.877529263E0,4.149710655E0
4.541807829E1,1.201587677E0,-1.713966131E0,2.479629517E0
4.542607390E1,1.037108898E0,-1.597811937E0,7.898664474E-1
4.543400847E1,9.852575064E-1,-1.344518900E0,-5.377655029E-1
4.544191252E1,7.829500437E-1,-1.183215261E0,-1.138688087E0
4.544978606E1,5.435004830E-1,-1.028711438E0,-1.499784946E0
4.545772063E1,6.230878830E-1,-1.030221820E0,-1.792051315E0
4.546568571E1,6.275236011E-1,-1.065230966E0,-1.967052460E0
4.547358977E1,6.028402448E-1,-1.050868392E0,-1.878996372E0
4.548149382E1,5.496751666E-1,-1.101812363E0,-1.884550571E0
4.548945891E1,4.035083652E-1,-1.164136529E0,-1.761950970E0
4.549736296E1,2.339754105E-1,-1.320610762E0,-1.613796234E0
4.550535856E1,9.553796053E-2,-1.415993094E0,-1.465698242E0
4.551323210E1,-3.896647692E-2,-1.483348846E0,-1.446442604E0
4.552113615E1,-1.584856212E-1,-1.429559469E0,-1.545931339E0
4.552904021E1,-3.335069418E-1,-1.286821604E0,-1.764144897E0
4.553694426E1,-5.108715296E-1,-1.158361197E0,-2.223178387E0
4.554490935E1,-6.698021889E-1,-1.036579251E0,-2.886767387E0
4.555280748E1,-8.029155135E-1,-8.592194319E-1,-3.446504116E0
4.556071153E1,-9.056328535E-1,-6.415290833E-1,-4.007946968E0
4.556867662E1,-1.007105350E0,-5.377601385E-1,-4.188211918E0
4.557658067E1,-1.282462478E0,-4.366033077E-1,-4.212615490E0
4.558454576E1,-1.356766820E0,-3.942005634E-1,-4.329879761E0
4.559244981E1,-1.281710744E0,-2.597339153E-1,-4.444386959E0
4.560032335E1,-1.190605164E0,-1.733083725E-1,-4.357819557E0
4.560819688E1,-1.096519113E0,-4.592514038E-2,-4.185355186E0
4.561610094E1,-9.287968874E-1,1.221456528E-1,-3.752092361E0
4.562409654E1,-7.940682173E-1,2.535638809E-1,-3.354777813E0
4.563200059E1,-5.531519651E-1,3.312587738E-1,-3.347119331E0
4.563990465E1,-4.224539995E-1,3.708965778E-1,-3.599500179E0
4.564777818E1,-4.221190810E-1,3.727216721E-1,-3.980206490E0
4.565571275E1,-5.340462923E-1,3.856837749E-1,-4.288286209E0
4.566364732E1,-5.499128699E-1,3.929202557E-1,-4.345165730E0
4.567161241E1,-7.768390775E-1,3.983016014E-1,-4.096681595E0
4.567948595E1,-9.769814014E-1,4.077534676E-1,-3.556196690E0
4.568739000E1,-1.176404476E0,3.647384644E-1,-2.802362919E0
4.569529405E1,-1.180142522E0,4.996755123E-1,-1.905288696E0
4.570328966E1,-1.080472112E0,5.179677010E-1,-5.741138458E-1
4.571125475E1,-7.720123529E-1,6.348693371E-1,1.019421577E0
4.571915880E1,-5.487499014E-2,1.223876953E0,2.373113632E0
4.572709337E1,4.389138818E-1,1.554999352E0,3.588501930E0
4.573499742E1,9.978197217E-1,1.957670927E0,4.610692978E0
4.574296251E1,1.609282017E0,2.219328165E0,5.179551125E0
4.575086656E1,1.405654192E0,2.003942013E0,5.043776512E0
4.575874010E1,1.862144589E0,1.782244444E0,4.581810951E0
4.576667467E1,1.477783680E0,1.492431402E0,3.930551529E0
4.577457872E1,8.676806688E-1,1.107959151E0,3.177720070E0
4.578251329E1,4.715698361E-1,8.699153662E-1,3.045536995E0
4.579044786E1,-1.148467883E-1,8.574528694E-1,3.159442902E0
4.579832140E1,-1.787710637E-1,1.150296211E0,3.581454277E0
4.580628648E1,-4.034330249E-1,1.392727852E0,3.488263130E0
4.581422105E1,-8.476397991E-1,1.024025917E0,2.694305420E0
4.582221666E1,-1.020599484E0,5.050437450E-1,1.587824821E0
4.583012071E1,-1.467152357E0,-2.600526810E-2,9.773702621E-1
4.583811632E1,-1.547485590E0,-5.894284248E-1,1.158499718E0
4.584605089E1,-1.479567885E0,-1.201852798E0,2.027032852E0
4.585398546E1,-1.037916899E0,-1.891178012E0,4.009224892E0
4.586195055E1,-7.258820534E-1,-2.083306313E0,6.945725441E0
4.586985460E1,-5.287857056E-1,-2.015449524E0,8.860900879E0
4.587775865E1,-2.801356018E-1,-1.830842257E0,9.306005478E0
4.588569322E1,-5.652258396E-1,-1.666117907E0,8.019744873E0
4.589362779E1,-9.953212738E-1,-1.406083584E0,5.426013947E0
4.590162340E1,-1.299264312E0,-1.322557330E0,2.736285210E0
4.590955797E1,-1.716976047E0,-1.206626773E0,-2.979402542E-1
4.591746202E1,-2.169305325E0,-1.266205549E0,-2.133071899E0
4.592545762E1,-2.356984138E0,-1.338369370E0,-2.879242897E0
4.593339220E1,-2.292491198E0,-1.458075881E0,-2.630156994E0
4.594135728E1,-2.073410034E0,-1.441717029E0,-1.389482498E0
4.594929185E1,-1.860215664E0,-1.247816324E0,3.455257416E-2
4.595719591E1,-1.483565927E0,-1.062115908E0,5.971822739E-1
4.596509996E1,-1.059614658E0,-8.780345917E-1,4.826917648E-1
4.597300401E1,-6.293846965E-1,-5.425041914E-1,-1.742639542E-1
4.598096910E1,-3.550856709E-1,-3.117554188E-1,-6.534738541E-1
4.598893419E1,-1.228538603E-1,-1.392548084E-1,-9.264602661E-1
4.599683824E1,-2.148801088E-2,-5.249822140E-2,-1.285107613E0
4.600474229E1,7.812175155E-2,3.631472588E-2,-1.673752308E0
4.601270738E1,1.212055534E-1,8.260250092E-2,-2.259744644E0
4.602067247E1,1.905474961E-1,9.422111511E-2,-2.839242458E0
4.602857652E1,2.246863544E-1,-5.743467808E-2,-3.578042030E0
4.603645006E1,9.263357520E-2,-1.121741533E-1,-4.203519344E0
4.604438463E1,3.075805306E-2,-2.336432934E-1,-4.689640045E0
4.605231920E1,-1.353664696E-1,-4.338657856E-1,-5.216421127E0
4.606031480E1,-1.478180289E-1,-5.714921951E-1,-5.343807220E0
4.606821886E1,-2.285513282E-1,-6.019088030E-1,-4.900131226E0
4.607609239E1,-9.279786050E-2,-6.152539253E-1,-4.215461254E0
4.608399644E1,1.579750478E-1,-6.623910666E-1,-3.497483253E0
4.609193101E1,3.192923963E-1,-5.537071228E-1,-3.094490528E0
4.609992662E1,2.843275964E-1,-5.130701065E-1,-3.171085358E0
4.610786119E1,2.556164861E-1,-4.621469975E-1,-3.606615543E0
4.611585680E1,2.517648637E-1,-4.226026535E-1,-4.401916027E0
4.612376085E1,1.268691421E-1,-3.936346769E-1,-5.026007175E0
4.613169542E1,2.676516771E-3,-2.830626965E-1,-5.204677105E0
4.613966051E1,-1.039895415E-1,-1.333732605E-1,-4.850416660E0
4.614762559E1,-2.187689841E-1,-4.577445984E-2,-4.349048138E0
4.615549913E1,-2.865532935E-1,1.331329346E-1,-3.638808727E0
4.616337267E1,-3.528958559E-1,2.399210930E-1,-2.846036434E0
4.617127672E1,-2.262841165E-1,5.011978149E-1,-1.707286835E0
4.617924181E1,-2.205436230E-1,7.462975979E-1,-5.050392151E-1
4.618720689E1,-2.056427300E-1,9.881167412E-1,5.556049347E-1
4.619511095E1,-1.329974234E-1,1.174022436E0,1.384120941E0
4.620307603E1,8.791643381E-2,1.302250624E0,2.265810966E0
4.621098009E1,2.766026258E-1,1.294698715E0,2.851486206E0
4.621894517E1,4.015573859E-1,1.305362701E0,3.173168182E0
4.622684923E1,3.842360973E-1,1.301147461E0,3.197757721E0
4.623475328E1,4.135600328E-1,1.237899065E0,2.751743317E0
4.624268785E1,3.749547601E-1,1.161988258E0,2.211007118E0
4.625059190E1,3.711601496E-1,1.035501003E0,1.904828072E0
4.625858751E1,4.985043406E-1,7.656524181E-1,1.882765770E0
4.626655260E1,5.616663694E-1,6.944155693E-1,2.316295624E0
4.627445665E1,8.114744425E-1,7.185087204E-1,2.760587692E0
4.628239122E1,1.077209949E0,8.396446705E-1,3.000187874E0
4.629029527E1,1.159977913E0,1.209387064E0,3.174705505E0
4.629826036E1,1.429630041E0,1.320924759E0,3.231716156E0
4.630616441E1,1.648481131E0,1.461166620E0,3.254409790E0
4.631403795E1,1.769712925E0,1.366874933E0,3.285668373E0
4.632200304E1,2.272254467E0,9.560406208E-1,3.193894386E0
4.632990709E1,2.601139545E0,3.980636597E-1,3.481139183E0
4.633790269E1,2.740297318E0,-1.248552799E-1,4.173595428E0
4.634580675E1,2.681342840E0,-7.146945000E-1,5.111055374E0
4.635371080E1,2.559706688E0,-1.249015450E0,5.640990257E0
4.636161485E1,2.391476154E0,-1.626140833E0,5.759729385E0
4.636951890E1,2.173984528E0,-1.793139458E0,5.367707253E0
4.637751451E1,1.828057289E0,-1.734953523E0,4.311822891E0
4.638544908E1,1.452747583E0,-1.555207729E0,3.001530647E0
4.639335313E1,1.143709540E0,-1.412370920E0,1.747760773E0
4.640122667E1,9.345527291E-1,-1.255278230E0,4.724702835E-1
4.640913072E1,7.634290457E-1,-1.126022577E0,-4.060869217E-1
4.641709581E1,7.446222901E-1,-9.527993202E-1,-5.685806274E-1
4.642503038E1,8.094699979E-1,-8.992705345E-1,-1.538476944E-1
4.643293443E1,9.556926489E-1,-9.107041359E-1,4.074382782E-1
4.644086900E1,1.031341314E0,-9.235795736E-1,8.043975830E-1
4.644880357E1,1.036037207E0,-9.476910830E-1,9.280481339E-1
4.645679918E1,1.053884387E0,-9.820944071E-1,9.679746628E-1
4.646467271E1,9.707158804E-1,-1.035477400E0,8.526000977E-1
4.647260728E1,7.518358827E-1,-1.066244841E0,5.703020096E-1
4.648051134E1,4.658837318E-1,-1.073590040E0,1.333732605E-1
4.648841539E1,1.474477053E-1,-1.088131189E0,-3.769950867E-1
4.649641100E1,-4.258954525E-2,-1.061465621E0,-7.215471268E-1
4.650434556E1,-2.867189050E-1,-1.013926625E0,-1.316399574E0
4.651221910E1,-4.213812351E-1,-9.525489211E-1,-2.079035282E0
4.652012315E1,-5.466595292E-1,-8.395134211E-1,-3.022161007E0
4.652802721E1,-6.585783362E-1,-7.883223295E-1,-3.774584293E0
4.653602281E1,-4.164496064E-1,-6.850558519E-1,-4.605026722E0
4.654395738E1,-1.683081090E-1,-6.591724157E-1,-5.048825741E0
4.655189195E1,-1.572093666E-1,-5.152971745E-1,-5.666796684E0
4.655979600E1,4.719331861E-2,-4.364880323E-1,-6.327420235E0
4.656770006E1,1.966346949E-1,-3.292591572E-1,-6.507321358E0
4.657566514E1,1.923405528E-1,-6.279850006E-2,-6.369756699E0
4.658356920E1,3.847145736E-1,2.755236626E-2,-5.883668900E0
4.659147325E1,4.782886207E-1,1.546545029E-1,-5.324429989E0
4.659937730E1,5.086623430E-1,2.577550411E-1,-4.665096760E0
4.660731187E1,5.542049408E-1,3.730342388E-1,-4.190136909E0
4.661530748E1,4.973952770E-1,3.090293407E-1,-4.200200558E0
4.662321153E1,4.749642909E-1,3.006362915E-1,-4.254799366E0
4.663108507E1,1.247067302E-1,2.139420509E-1,-4.385611057E0
4.663905016E1,1.321898550E-1,2.305071354E-1,-4.231540680E0
4.664698472E1,1.283963770E-1,3.055396080E-1,-3.903405666E0
4.665494981E1,1.027891189E-1,4.898869991E-1,-3.167803288E0
4.666285387E1,1.411901712E-1,6.463601589E-1,-2.062886715E0
4.667072740E1,3.629475236E-1,9.007666111E-1,-7.368259430E-1
4.667863145E1,4.941991270E-1,1.075894117E0,7.170600891E-1
4.668653551E1,5.538614392E-1,1.281801939E0,2.019781113E0
4.669450059E1,6.183598042E-1,1.486596346E0,3.107409477E0
4.670243517E1,5.647372603E-1,1.639964819E0,4.055202484E0
4.671030870E1,4.152863622E-1,1.707752705E0,4.597494125E0
4.671824327E1,2.086985409E-1,1.667989492E0,4.416453362E0
4.672617784E1,7.909794152E-2,1.492733717E0,3.489530563E0
4.673411241E1,-2.036465704E-1,1.391682863E0,2.327808380E0
4.674201646E1,-4.718032181E-1,1.258403778E0,1.557213783E0
4.674992052E1,-6.779249310E-1,9.131152630E-1,1.051677704E0
4.675782457E1,-8.363065720E-1,5.772767067E-1,1.025806427E0
4.676572862E1,-9.263073206E-1,3.515112400E-1,1.425715446E0
4.677366319E1,-9.624863267E-1,2.908363342E-1,2.208905220E0
4.678162828E1,-8.725098372E-1,5.469427109E-1,2.899300575E0
4.678950182E1,-5.801532269E-1,9.529829025E-1,3.712654114E0
4.679740587E1,-5.578022003E-1,8.805088997E-1,4.087754250E0
4.680530992E1,-2.826488018E-1,7.762489319E-1,3.516071320E0
4.681336656E1,-2.658109069E-1,6.399602890E-1,2.611913681E0
4.682130113E1,-4.225114584E-1,3.149936199E-1,1.737672806E0
4.682920518E1,-3.752337396E-1,-2.629297972E-1,1.537706375E0
4.683710924E1,-4.517985582E-1,-9.581966400E-1,2.412556648E0
4.684504381E1,-5.289763808E-1,-1.412184477E0,3.858831406E0
4.685297838E1,-5.520472527E-1,-1.676830888E0,5.198639870E0
4.686091295E1,-8.302506208E-1,-1.680558085E0,6.142659187E0
4.686884752E1,-8.742240667E-1,-1.517993689E0,5.991408348E0
4.687675157E1,-1.062532187E0,-1.315260410E0,5.101840019E0
4.688465562E1,-1.268359303E0,-1.099339485E0,3.832989693E0
4.689262071E1,-1.552988648E0,-8.506338596E-1,1.631770134E0
4.690052476E1,-1.764814615E0,-7.824094296E-1,-6.259222031E-1
4.690839830E1,-1.888466597E0,-7.780212164E-1,-1.861172199E0
4.691633287E1,-2.060054541E0,-8.045755625E-1,-2.265282154E0
4.692432848E1,-2.074263096E0,-8.041969538E-1,-1.974836349E0
4.693229356E1,-1.973282695E0,-8.649492264E-1,-1.458149910E0
4.694019762E1,-1.820590734E0,-8.561873436E-1,-8.878860474E-1
4.694813219E1,-1.609684467E0,-8.064079285E-1,-3.982915878E-1
4.695606676E1,-1.332705736E0,-7.440854311E-1,-3.617906570E-1
4.696400133E1,-1.026005983E0,-6.871947050E-1,-4.998865128E-1
4.697199693E1,-7.612136602E-1,-6.102589369E-1,-4.029006958E-1
4.697993150E1,-4.918943644E-1,-4.650729895E-1,-2.763061523E-1
4.698783556E1,-3.437801301E-1,-3.669639826E-1,-5.356178284E-1
4.699573961E1,-2.490573227E-1,-2.665095329E-1,-1.322068214E0
4.700364366E1,-2.347053885E-1,-2.265858650E-1,-2.163196087E0
4.701160875E1,-3.611757159E-1,-1.960923672E-1,-3.084346771E0
4.701951280E1,-3.309813142E-1,-2.373178005E-1,-3.923142433E0
4.702741685E1,-3.740272820E-1,-3.182758093E-1,-4.567277908E0
4.703535142E1,-3.321904242E-1,-3.593306541E-1,-5.386082649E0
4.704325548E1,-2.998502254E-1,-4.743330479E-1,-5.858304024E0
4.705125108E1,-4.141660929E-1,-4.847379923E-1,-5.652401447E0
4.705915514E1,-5.083850026E-1,-5.445529222E-1,-5.132013321E0
4.706705919E1,-5.419109464E-1,-4.767854214E-1,-4.421056747E0
4.707496324E1,-4.981096387E-1,-4.056073427E-1,-3.930410862E0
4.708289781E1,-4.370738566E-1,-2.942374945E-1,-3.544394016E0
4.709089342E1,-2.450749576E-1,-8.886611462E-2,-3.212049961E0
4.709879747E1,-1.748980135E-1,1.532074213E-1,-3.086698055E0
4.710667100E1,3.529087454E-2,3.744248152E-1,-3.295230389E0
4.711460558E1,1.291330904E-1,4.828051329E-1,-3.595624447E0
4.712250963E1,1.827156246E-1,5.526586771E-1,-3.581781864E0
4.713047472E1,5.765037984E-2,5.529464483E-1,-3.474426746E0
4.713837877E1,-6.915464252E-2,5.518425703E-1,-3.178479671E0
4.714631334E1,-2.733741701E-1,6.248816252E-1,-2.737303257E0
4.715427843E1,-4.188408852E-1,6.821669340E-1,-1.847042084E0
4.716218248E1,-5.569801927E-1,8.318535089E-1,-6.423549652E-1
4.717014757E1,-6.372510791E-1,8.566899300E-1,4.131002426E-1
4.717805162E1,-5.345450044E-1,1.036267877E0,1.609606743E0
4.718592516E1,-3.242614567E-1,1.336896777E0,2.741738319E0
4.719389024E1,-7.903575897E-4,1.548225999E0,3.551287651E0
4.720179430E1,2.400469482E-1,1.571450353E0,3.814167976E0
4.720975938E1,5.770530701E-1,1.494361162E0,3.506604195E0
4.721766344E1,4.734062254E-1,1.529502630E0,2.815495491E0
4.722553697E1,5.687556863E-1,1.439080000E0,2.008787155E0
4.723350206E1,6.927313805E-1,1.302022934E0,1.204955101E0
4.724140611E1,7.821122408E-1,1.113929749E0,9.321517944E-1
4.724943224E1,9.768167734E-1,9.657557011E-1,1.210622787E0
4.725733629E1,1.123893261E0,9.323635101E-1,1.736724854E0
4.726520982E1,1.228825808E0,1.257147551E0,2.603959084E0
4.727317491E1,1.027585506E0,1.624137402E0,2.974217415E0
4.728110948E1,9.109418988E-1,1.489249706E0,2.788401604E0
4.728907457E1,1.080513716E0,1.264607430E0,2.677737236E0
4.729697862E1,9.418023825E-1,6.472527981E-1,3.230692863E0
4.730488267E1,9.830119014E-1,-2.189897299E-1,4.179013252E0
4.731278673E1,9.935967326E-1,-1.102272272E0,5.440862656E0
4.732069078E1,8.972292542E-1,-1.772254109E0,6.974315643E0
4.732868639E1,7.090243101E-1,-2.080985785E0,8.524144173E0
4.733659044E1,7.255519032E-1,-2.169019461E0,9.036494255E0
4.734449449E1,8.321099877E-1,-2.125272274E0,8.385855675E0
4.735239854E1,7.664178014E-1,-1.925426245E0,6.414758682E0
4.736030260E1,5.722219944E-1,-1.616538048E0,3.650851250E0
4.736829820E1,4.674236178E-1,-1.289255619E0,9.563350677E-1
4.737626329E1,4.353361726E-1,-1.112718225E0,-5.885868073E-1
4.738416734E1,3.829621077E-1,-1.028667450E0,-1.361811638E0
4.739210191E1,3.956797123E-1,-1.015748262E0,-1.447996140E0
4.740000597E1,5.343308449E-1,-1.112938643E0,-1.061519623E0
4.740794054E1,6.756722927E-1,-1.299075365E0,-2.659120560E-1
4.741587511E1,6.783369780E-1,-1.393063188E0,2.788381577E-1
4.742377916E1,8.618512154E-1,-1.430293083E0,5.086631775E-1
4.743168321E1,8.754941225E-1,-1.462923050E0,7.786769867E-1
4.743961778E1,8.229563236E-1,-1.393921494E0,1.026764870E0
4.744761339E1,7.375235558E-1,-1.318956614E0,1.045495987E0
4.745551744E1,6.100011468E-1,-1.219322205E0,7.826070786E-1
4.746345201E1,5.119552612E-1,-1.070917487E0,4.063253403E-1
4.747138658E1,3.713424504E-1,-8.707045913E-1,-2.970542908E-1
4.747929063E1,1.950212717E-1,-7.220240831E-1,-1.185863495E0
4.748725572E1,5.490168929E-2,-6.338878870E-1,-2.020780563E0
4.749522081E1,-1.434355527E-1,-5.477288961E-1,-2.543716431E0
4.750312486E1,-1.780462414E-1,-5.083564520E-1,-3.092319489E0
4.751099840E1,-1.825413406E-1,-4.665926695E-1,-3.704606533E0
4.751893297E1,-1.891736388E-1,-3.629486561E-1,-4.160636425E0
4.752686754E1,-1.704443991E-1,-3.207051754E-1,-4.747904778E0
4.753480211E1,-1.269618869E-1,-2.316001654E-1,-5.212681770E0
4.754270616E1,-2.586483955E-2,-1.440377235E-1,-5.447605610E0
4.755064073E1,1.277472377E-1,-3.212308884E-2,-5.417148113E0
4.755854478E1,2.812538445E-1,1.038066149E-1,-5.042308331E0
4.756650987E1,4.156271219E-1,1.627036333E-1,-4.612738132E0
4.757441392E1,4.292632937E-1,1.808496714E-1,-4.326808453E0
4.758234850E1,3.985969424E-1,3.212567568E-1,-4.100307941E0
4.759028306E1,3.209225535E-1,3.436729908E-1,-3.909118176E0
4.759818712E1,2.402870804E-1,4.246388674E-1,-3.729130268E0
4.760618272E1,2.728700638E-1,5.867164135E-1,-3.737645149E0
4.761408678E1,4.303345382E-1,6.661380529E-1,-3.518329620E0
4.762196031E1,6.537199020E-1,7.518126965E-1,-3.141167164E0
4.762989488E1,7.474254370E-1,7.822848558E-1,-2.481832981E0
4.763779893E1,7.187170982E-1,8.900471926E-1,-1.818234444E0
4.764579454E1,6.424670219E-1,9.496808052E-1,-9.826316833E-1
4.765366808E1,4.611250162E-1,1.008869529E0,-1.833028793E-1
4.766160264E1,4.194653034E-1,1.024612665E0,4.360713959E-1
4.766953722E1,2.815665007E-1,1.021305561E0,1.033923149E0
4.767744127E1,1.654432118E-1,1.082185984E0,1.646298409E0
4.768543687E1,9.038478136E-2,1.090082884E0,2.170794487E0
4.769334093E1,-2.454489470E-2,1.121270180E0,2.545280457E0
4.770121446E1,-3.054237962E-1,9.113395214E-1,2.939342499E0
4.770917955E1,-3.758068085E-1,8.254671097E-1,3.065463066E0
4.771708360E1,-1.483734995E-1,6.855130196E-1,2.972942352E0
4.772510972E1,-6.856709719E-2,5.773870945E-1,2.871556282E0
4.773301378E1,6.060491502E-2,4.610977173E-1,2.760365486E0
4.774088731E1,2.074127644E-1,3.616619110E-1,2.662915230E0
4.774885240E1,2.162156403E-1,2.870442867E-1,2.820061684E0
4.775675645E1,2.291666269E-1,2.629044056E-1,3.260675430E0
4.776475206E1,2.962940335E-1,3.954031467E-1,3.640358925E0
4.777265611E1,1.981783360E-1,8.345758915E-1,3.710955620E0
4.778052965E1,-1.446236372E-1,9.090375900E-1,3.459157944E0
4.778843370E1,-2.769727111E-1,6.092097759E-1,2.825946808E0
4.779633775E1,-5.975932479E-1,2.669157982E-1,2.056807518E0
4.780430284E1,-7.797799110E-1,-1.338229179E-1,1.184391975E0
4.781223741E1,-7.537817955E-1,-4.457857609E-1,6.552495956E-1
4.782014146E1,-9.219789505E-1,-7.778497934E-1,1.193887711E0
4.782801500E1,-1.000872493E0,-1.160525560E0,2.200614929E0
4.783594957E1,-9.745334983E-1,-1.377061129E0,2.929945946E0
4.784391466E1,-9.403558969E-1,-1.511944175E0,3.489561081E0
4.785181871E1,-1.094077349E0,-1.612607002E0,3.495514870E0
4.785972276E1,-1.365955353E0,-1.623095989E0,3.069655418E0
4.786768785E1,-1.588374376E0,-1.520493388E0,2.032920837E0
4.787556139E1,-1.736558914E0,-1.562934637E0,7.539196014E-1
4.788355699E1,-1.829199314E0,-1.398584843E0,-3.609399796E-1
4.789152208E1,-1.975213885E0,-1.292094111E0,-1.016567230E0
4.789939561E1,-1.973367095E0,-1.184651613E0,-1.343400955E0
4.790729967E1,-1.686486602E0,-1.152101994E0,-1.321515083E0
4.791523424E1,-1.292261839E0,-1.124847412E0,-1.023126602E0
4.792319933E1,-9.194195271E-1,-1.118698835E0,-5.723285675E-1
4.793110338E1,-5.158889294E-1,-1.075939178E0,-3.071470261E-1
4.793909898E1,-9.554079175E-2,-1.095332026E0,-4.015808105E-1
4.794706407E1,2.073193938E-1,-1.073648572E0,-4.361829758E-1
4.795496812E1,4.665760398E-1,-1.040211558E0,-5.011863708E-1
4.796293321E1,6.489767432E-1,-9.477438927E-1,-3.666133881E-1
4.797089830E1,7.179306746E-1,-8.093907833E-1,-4.361696243E-1
4.797880235E1,8.448747396E-1,-7.323042154E-1,-1.030241013E0
4.798673692E1,7.472455502E-1,-6.227121353E-1,-1.709681988E0
4.799464098E1,7.093476057E-1,-5.874321461E-1,-2.542393208E0
4.800260606E1,4.812661111E-1,-4.636694193E-1,-3.333241940E0
4.801051012E1,3.286835849E-1,-3.844068050E-1,-3.927626610E0
4.801838365E1,2.149890661E-1,-3.714969158E-1,-4.180599213E0
4.802634874E1,2.664190829E-1,-4.645687342E-1,-4.006216526E0
4.803428331E1,2.882128954E-1,-5.151640177E-1,-3.708508968E0
4.804227892E1,2.228650302E-1,-5.772833824E-1,-3.501837730E0
4.805021348E1,2.288313359E-1,-6.319806576E-1,-3.526722908E0
4.805811754E1,1.540489197E-1,-6.933914423E-1,-3.703564644E0
4.806602159E1,6.894475967E-2,-6.523547173E-1,-3.836404800E0
4.807392564E1,-1.376136541E-1,-5.523670912E-1,-3.865313053E0
4.808189073E1,-3.583255112E-1,-3.613028526E-1,-3.991704941E0
4.808982530E1,-4.698643982E-1,-2.152128220E-1,-4.182183743E0
4.809772935E1,-5.552831888E-1,-7.062053680E-2,-4.278831959E0
4.810569444E1,-5.931065679E-1,1.143238544E-1,-4.226864338E0
4.811362901E1,-4.919634163E-1,3.276383877E-1,-3.995123863E0
4.812162462E1,-3.741965592E-1,5.423767567E-1,-3.658239365E0
4.812952867E1,-2.865190208E-1,6.399614811E-1,-3.216500282E0
4.813743272E1,-1.993752718E-1,8.370816708E-1,-2.543338299E0
4.814533678E1,-2.336590141E-1,1.005300999E0,-1.503155231E0
4.815324083E1,-1.069275811E-1,1.145978451E0,-4.141244888E-1
4.816120592E1,6.362628937E-2,1.225259304E0,8.261728287E-1
4.816917100E1,1.494282186E-1,1.373185873E0,2.597055435E0
4.817710558E1,2.764236629E-1,1.459079504E0,4.001623154E0
4.818504014E1,4.718808830E-1,1.433991671E0,4.644382477E0
4.819294420E1,4.869066775E-1,1.315171242E0,4.769952774E0
4.820090929E1,4.832445383E-1,1.134346008E0,3.971788406E0
4.820881334E1,6.614897251E-1,9.135475159E-1,2.798805237E0
4.821674791E1,8.184663057E-1,6.830561161E-1,1.859529495E0
4.822465196E1,8.284057975E-1,5.086829662E-1,1.157281876E0
4.823255601E1,8.548780084E-1,3.766162395E-1,1.080428123E0
4.824052110E1,9.720877409E-1,4.123334885E-1,1.760375023E0
4.824842516E1,1.185732484E0,7.079560757E-1,2.643221855E0
4.825629869E1,1.516410828E0,1.464602709E0,3.357292175E0
4.826420274E1,1.706331968E0,1.713330030E0,3.822157860E0
4.827210680E1,2.000903130E0,1.657748461E0,3.873495102E0
4.828010240E1,1.898995161E0,1.427189112E0,3.554674149E0
4.828806749E1,1.830365181E0,8.070132732E-1,3.461445808E0
4.829600206E1,1.755264521E0,-4.996562004E-2,3.941860199E0
4.830390611E1,1.587316036E0,-6.639212370E-1,4.755918503E0
4.831181017E1,1.329963207E0,-1.301252604E0,5.722110748E0
4.831977525E1,1.143795967E0,-1.786849499E0,6.032559395E0
4.832764879E1,9.529890418E-1,-2.012611866E0,5.803489685E0
4.833555284E1,8.359756470E-1,-2.146029949E0,4.810512543E0
4.834348741E1,7.376058698E-1,-2.155090094E0,2.961349487E0
4.835139146E1,6.027943492E-1,-2.016655922E0,1.001337051E0
4.835935655E1,4.225417972E-1,-1.861405134E0,-2.242441177E-1
4.836726060E1,2.819782495E-1,-1.688051224E0,-1.023494720E0
4.837516466E1,2.633923292E-1,-1.639422894E0,-1.270359993E0
4.838309923E1,4.436498284E-1,-1.673492670E0,-9.641981125E-1
4.839100328E1,5.308569670E-1,-1.648972988E0,-1.636829376E-1
4.839896837E1,7.439758778E-1,-1.612068892E0,4.209794998E-1
4.840687242E1,9.384459853E-1,-1.596792221E0,6.516933441E-1
4.841477647E1,1.015123606E0,-1.585896730E0,7.883405685E-1
4.842274156E1,9.603918195E-1,-1.490091085E0,8.770179749E-1
4.843064561E1,7.831479907E-1,-1.418965101E0,7.219400406E-1
4.843858018E1,5.149868131E-1,-1.361421108E0,4.118566513E-1
4.844654527E1,3.049179316E-1,-1.319576979E0,-1.705837250E-2
4.845441881E1,1.176524758E-1,-1.242441893E0,-5.890150070E-1
4.846232286E1,-1.095707417E-1,-1.144996524E0,-1.436602592E0
4.847025743E1,-2.877815366E-1,-1.049140930E0,-2.268677235E0
4.847822252E1,-4.506742358E-1,-9.713337421E-1,-3.054559231E0
4.848615709E1,-6.615760326E-1,-9.128438234E-1,-3.744152069E0
4.849406114E1,-7.582612634E-1,-9.028817415E-1,-4.375604153E0
4.850196519E1,-8.792474270E-1,-9.758138657E-1,-4.740843296E0
4.850986925E1,-9.126733541E-1,-9.193642139E-1,-4.821044445E0
4.851780382E1,-1.049458265E0,-8.024665117E-1,-4.276792049E0
4.852576890E1,-9.571554065E-1,-6.407251358E-1,-3.414257526E0
4.853367296E1,-7.513302565E-1,-4.862600565E-1,-2.788052082E0
4.854154649E1,-5.307694077E-1,-1.594192982E-1,-2.406935692E0
4.854948106E1,-2.688536644E-1,4.721546173E-2,-2.564869404E0
4.855744615E1,-7.118508220E-2,1.852710247E-1,-3.202991486E0
4.856535020E1,1.011835039E-1,3.919265270E-1,-4.185761929E0
4.857322374E1,3.698559403E-1,4.509696960E-1,-4.932107925E0
4.858112779E1,4.752330184E-1,4.371178150E-1,-5.383253574E0
4.858903184E1,4.077104330E-1,3.115913868E-1,-5.590554714E0
4.859702745E1,1.852609217E-1,1.542496681E-1,-5.629067421E0
4.860493150E1,-1.984131336E-2,-5.994701385E-2,-5.244143486E0
4.861280504E1,-1.661206037E-1,-2.903761864E-1,-4.270753860E0
4.862070909E1,-4.683498144E-1,-4.122376442E-1,-2.373904705E0
4.862864366E1,-6.075764894E-1,-3.297574520E-1,-6.287298203E-1
4.863660875E1,-6.629523635E-1,-1.039171219E-1,1.227845192E0
4.864451280E1,-6.327108145E-1,1.978588104E-1,2.660748482E0
4.865241685E1,-4.560552835E-1,5.098998547E-1,3.824570656E0
4.866032091E1,-4.052972794E-1,8.218474388E-1,3.908961296E0
4.866822496E1,-4.042208791E-1,1.078298092E0,3.387334824E0
4.867622056E1,-2.131171972E-1,1.291989803E0,2.536321640E0
4.868415514E1,3.323659301E-3,1.378995895E0,1.495724678E0
4.869205919E1,2.804107964E-1,1.520670891E0,6.141996384E-1
4.869996324E1,4.798374176E-1,1.540344238E0,3.375253677E-1
4.870786729E1,5.856463313E-1,1.430761099E0,5.830450058E-1
4.871583238E1,4.831813574E-1,1.302041531E0,1.181923866E0
4.872379747E1,3.297110498E-1,1.237242222E0,1.900237083E0
4.873167100E1,3.810538352E-1,1.168970823E0,2.818891525E0
4.873954454E1,3.486175239E-1,1.211473703E0,4.066111565E0
4.874747911E1,3.064612746E-1,1.558640718E0,4.785886765E0
4.875541368E1,2.051661313E-1,1.378460169E0,4.750147820E0
4.876334825E1,1.497133672E-1,8.932263851E-1,4.364016533E0
4.877125230E1,-2.099388242E-1,3.106985092E-1,3.790316582E0
4.877918687E1,-5.128625035E-2,-3.160352707E-1,2.675291061E0
4.878709093E1,2.011232674E-1,-1.152557850E0,2.104204178E0
4.879508653E1,4.859774113E-1,-1.851317167E0,2.821797371E0
4.880299058E1,6.728276014E-1,-2.338868618E0,5.050119400E0
4.881089464E1,7.079774141E-1,-2.466520309E0,6.810976028E0
4.881879869E1,5.741804838E-1,-2.394096375E0,7.702004433E0
4.882673326E1,2.945208251E-1,-2.186200380E0,7.537429810E0
4.883469835E1,1.275306046E-1,-1.839224219E0,6.504693031E0
4.884266344E1,-1.213805974E-1,-1.533171654E0,5.093483925E0
4.885059801E1,-5.239799619E-1,-1.246207952E0,2.950101852E0
4.885847154E1,-9.090833068E-1,-1.186450362E0,7.919349670E-1
4.886640611E1,-1.353486061E0,-1.180125117E0,-9.084720612E-1
4.887437120E1,-1.618019342E0,-1.264026284E0,-1.423081398E0
4.888224474E1,-1.772469401E0,-1.367650032E0,-1.385285378E0
4.889017931E1,-1.709991097E0,-1.418240547E0,-8.371286392E-1
4.889814439E1,-1.568678379E0,-1.410864234E0,-3.563613892E-1
4.890607896E1,-1.252846360E0,-1.363671541E0,2.471332550E-1
4.891407457E1,-1.014687181E0,-1.278711557E0,6.363554001E-1
4.892194810E1,-7.818067670E-1,-1.181327820E0,5.900239944E-1
4.892988267E1,-5.758246183E-1,-1.144461870E0,2.046670914E-1
4.893784776E1,-3.518813252E-1,-1.017731786E0,-1.079206467E-1
4.894584337E1,-1.609490514E-1,-7.923649549E-1,-4.745302200E-1
4.895380846E1,-1.589165628E-2,-6.274209023E-1,-8.202610016E-1
4.896171251E1,4.120036960E-2,-5.026470423E-1,-1.372879982E0
4.896958604E1,1.818825603E-1,-4.545623064E-1,-2.336526394E0
4.897755113E1,2.270091474E-1,-4.535509348E-1,-3.432456970E0
4.898548570E1,1.452382207E-1,-4.121778011E-1,-4.355446339E0
4.899348131E1,6.006571651E-2,-4.038991928E-1,-4.814533710E0
4.900138536E1,8.756101131E-3,-4.181511402E-1,-4.954041958E0
4.900925890E1,1.300630569E-1,-4.782636166E-1,-4.616021633E0
4.901722398E1,2.693186998E-1,-6.015981436E-1,-4.092356205E0
4.902515855E1,3.263962269E-1,-6.172912121E-1,-3.616391659E0
4.903312364E1,2.418017387E-1,-6.493957043E-1,-3.584679604E0
4.904102769E1,1.784577370E-1,-5.992697477E-1,-3.835944176E0
4.904890123E1,1.588420570E-1,-5.472189188E-1,-4.054971695E0
4.905677476E1,1.058826149E-1,-4.611220360E-1,-4.349702358E0
4.906473985E1,4.505714774E-2,-2.818715572E-1,-4.660061836E0
4.907267442E1,-7.252252102E-2,-2.773053646E-1,-4.670567036E0
4.908060899E1,-1.546362638E-1,-1.492269039E-1,-4.668877125E0
4.908851305E1,-1.920003593E-1,-2.764916420E-2,-4.518903255E0
4.909641710E1,-1.713806093E-1,1.079697609E-1,-4.378950596E0
4.910432115E1,-1.653295159E-1,2.958285809E-1,-4.120139122E0
4.911228624E1,-2.665875554E-1,5.339498520E-1,-3.558137894E0
4.912019029E1,-2.403233647E-1,7.006180286E-1,-2.645166397E0
4.912806383E1,-1.579209864E-1,7.458305359E-1,-1.845778942E0
4.913602892E1,1.640056968E-1,7.399311066E-1,-6.947641373E-1
4.914396348E1,1.820165515E-1,8.058731556E-1,5.136137009E-1
4.915192857E1,2.261876464E-1,9.570181370E-1,1.557209015E0
4.915980211E1,3.330236077E-1,9.430644512E-1,2.261663437E0
4.916770616E1,3.046525121E-1,9.395942688E-1,2.665778160E0
4.917567125E1,2.739719748E-1,9.511401653E-1,2.588364601E0
4.918357530E1,1.777652502E-1,9.563186169E-1,2.300225258E0
4.919154039E1,5.843698978E-2,8.747017384E-1,1.969550133E0
4.919944444E1,7.621288300E-3,8.069491386E-1,1.588644981E0
4.920731798E1,8.021086454E-2,6.380043030E-1,1.288611412E0
4.921519151E1,1.304938793E-1,5.421073437E-1,1.384503365E0
4.922312608E1,1.195925474E-1,3.656311035E-1,1.904836655E0
4.923112169E1,1.788830161E-1,3.283991814E-1,2.763368607E0
4.923902574E1,2.994449735E-1,3.961274624E-1,3.335160255E0
4.924689928E1,4.223091006E-1,8.354134560E-1,3.659487724E0
4.925480333E1,4.055537581E-1,1.457781792E0,3.925776482E0
4.926270738E1,6.272213459E-1,1.632699728E0,3.480583191E0
4.927067247E1,1.365621209E0,1.498254538E0,2.425202370E0
4.927860704E1,1.761287212E0,1.060536146E0,1.508649826E0
4.928651109E1,2.161385059E0,3.142004013E-1,1.566287994E0
4.929441514E1,2.357498884E0,-4.934535027E-1,2.590218544E0
4.930231920E1,2.017777443E0,-1.094838500E0,4.342312813E0
4.931025377E1,1.680735350E0,-1.624991179E0,6.205361366E0
4.931821886E1,1.320059776E0,-1.894687176E0,7.319319725E0
4.932609239E1,9.286466241E-1,-2.062645435E0,7.174192429E0
4.933396593E1,7.551787496E-1,-1.942373514E0,5.967288017E0
4.934193101E1,7.325950265E-1,-1.769534469E0,4.072086334E0
4.934989610E1,6.110432744E-1,-1.441720486E0,2.065403938E0
4.935783067E1,5.424054265E-1,-1.219082832E0,6.149902344E-1
4.936573472E1,5.229490399E-1,-1.059330344E0,-4.841318130E-1
4.937363878E1,6.207065582E-1,-9.873952866E-1,-7.215042114E-1
4.938154283E1,6.223082542E-1,-1.009873271E0,-5.593490601E-1
4.938953844E1,7.017470002E-1,-9.802609682E-1,-3.191337585E-1
4.939744249E1,8.288551569E-1,-9.982327223E-1,-1.882600784E-1
4.940531602E1,1.076363921E0,-9.203373194E-1,-2.976245880E-1
4.941318956E1,1.158736229E0,-8.863250017E-1,-4.528589249E-1
4.942112413E1,1.146686196E0,-8.887544870E-1,-4.721107483E-1
4.942905870E1,1.031607151E0,-9.414846897E-1,-5.608510971E-1
4.943693224E1,8.464991450E-1,-9.806461334E-1,-7.735118866E-1
4.944483629E1,6.296088099E-1,-9.382128716E-1,-1.023745537E0
4.945277086E1,3.238073587E-1,-9.517871141E-1,-1.438406944E0
4.946067491E1,-9.751409292E-2,-1.090944290E0,-1.997782230E0
4.946860948E1,-4.286952615E-1,-1.216010094E0,-2.692522049E0
4.947657457E1,-7.757270932E-1,-1.285468102E0,-3.400673389E0
4.948444810E1,-1.041880965E0,-1.237678289E0,-3.953022957E0
4.949235216E1,-1.105818987E0,-1.059164286E0,-4.326216698E0
4.950025621E1,-9.663184881E-1,-8.548924923E-1,-3.987441063E0
4.950822130E1,-7.191801071E-1,-6.218668222E-1,-3.292854786E0
4.951618639E1,-3.633993864E-1,-4.390616417E-1,-2.914146900E0
4.952409044E1,-3.171029687E-2,-2.661135197E-1,-2.861747265E0
4.953205553E1,1.491146684E-1,-8.171832561E-2,-2.884264469E0
4.953999010E1,3.519628942E-1,3.341472149E-2,-2.922019958E0
4.954798570E1,4.758830667E-1,3.697633743E-2,-3.166225910E0
4.955588975E1,3.727982640E-1,-1.694428921E-2,-3.710466385E0
4.956376329E1,1.655617952E-1,-7.205963135E-3,-4.492735863E0
4.957166734E1,-4.245378077E-2,5.826139450E-2,-4.927238941E0
4.957957140E1,-5.240436643E-2,2.356567383E-1,-4.919462681E0
4.958753648E1,1.018950343E-2,2.964195013E-1,-4.597556591E0
4.959550157E1,1.399980932E-1,4.184116125E-1,-4.018751144E0
4.960343614E1,2.527608573E-1,4.394338131E-1,-3.058214188E0
4.961134019E1,2.603422403E-1,4.833161831E-1,-1.991205215E0
4.961924425E1,1.486726105E-1,4.537973404E-1,-7.783517838E-1
4.962720933E1,8.173764497E-2,5.281716585E-1,2.360477448E-1
4.963511339E1,-1.178493351E-1,5.384095907E-1,1.244103432E0
4.964298692E1,-1.588745117E-1,6.116843224E-1,2.066270828E0
4.965086046E1,-2.052938491E-1,6.696091890E-1,2.662247658E0
4.965876451E1,-4.243310392E-1,7.429977655E-1,2.785981178E0
4.966672960E1,-4.412281811E-1,7.763544321E-1,2.475860596E0
4.967466417E1,-3.670722842E-1,7.612969875E-1,2.106566429E0
4.968256822E1,-3.265721202E-1,8.947298527E-1,2.007838249E0
4.969053331E1,-7.781195641E-2,8.283038139E-1,1.832256317E0
4.969843736E1,9.200090170E-2,8.115141392E-1,1.689820290E0
4.970643297E1,1.153972968E-1,6.991574764E-1,1.812629700E0
4.971433702E1,1.249850616E-1,5.631790161E-1,2.116898537E0
4.972224107E1,1.836387813E-2,4.374730587E-1,2.676821709E0
4.973017564E1,-1.596689373E-1,3.037521839E-1,3.068959236E0
4.973811021E1,-3.383759260E-1,3.931205273E-1,3.248128891E0
4.974607530E1,-5.171599388E-1,9.829807281E-1,3.183351517E0
4.975404039E1,-7.543380260E-1,1.052730083E0,2.845946312E0
4.976197496E1,-6.124305725E-1,8.635301590E-1,2.171662331E0
4.976990953E1,-6.191338301E-1,4.192037582E-1,1.471384048E0
4.977781358E1,-7.297208309E-1,-3.163205385E-1,1.084547997E0
4.978577867E1,-8.040875793E-1,-9.843748808E-1,1.045821190E0
4.979368272E1,-1.062564135E0,-1.734246135E0,2.177654266E0
4.980158678E1,-1.187936783E0,-2.198781013E0,4.093705177E0
4.980949083E1,-1.106009483E0,-2.392469406E0,5.680726051E0
4.981742540E1,-1.011562824E0,-2.281154156E0,6.429441452E0
4.982539049E1,-1.054796100E0,-1.934549570E0,6.439929962E0
4.983329454E1,-1.244155169E0,-1.533961654E0,5.638244629E0
4.984122911E1,-1.327903748E0,-1.138236403E0,4.105511665E0
4.984916368E1,-1.352685213E0,-7.782421112E-1,1.847069740E0
4.985706773E1,-1.344551206E0,-4.674533606E-1,-9.845447540E-2
4.986506334E1,-1.420842409E0,-2.754992247E-1,-1.211297035E0
4.987296739E1,-1.410475254E0,-3.039530516E-1,-1.501298904E0
4.988084093E1,-1.329611421E0,-4.099552631E-1,-1.428129196E0
4.988874498E1,-1.214169025E0,-4.908004999E-1,-7.906541824E-1
4.989667955E1,-1.324910164E0,-5.950758457E-1,-1.231803894E-1
4.990464464E1,-1.234771013E0,-6.831527948E-1,1.333742142E-1
4.991257921E1,-8.849951029E-1,-8.042020798E-1,2.241859436E-1
4.992060533E1,-7.928307652E-1,-7.484400272E-1,1.381292343E-1
4.992850938E1,-6.510747671E-1,-6.715121269E-1,-3.571128845E-2
4.993641344E1,-6.047417521E-1,-5.541723967E-1,-1.862058640E-1
4.994437852E1,-5.445923209E-1,-4.007124901E-1,-7.396984100E-1
4.995228258E1,-5.020042062E-1,-3.555405140E-1,-1.581149101E0
4.996015611E1,-4.442164600E-1,-3.070974350E-1,-2.348087311E0
4.996802965E1,-3.909312785E-1,-3.210113049E-1,-3.298294067E0
4.997593370E1,-3.711756170E-1,-3.977171183E-1,-4.274208546E0
4.998389879E1,-4.148305058E-1,-5.406248569E-1,-5.142700672E0
4.999183336E1,-3.102707267E-1,-7.577364445E-1,-5.485670090E0
4.999973741E1,-1.734695733E-1,-1.005018830E0,-5.246388912E0
5.000770250E1,-1.731962860E-1,-1.115485191E0,-4.416219234E0
5.001563707E1,-1.692553312E-1,-1.178567648E0,-3.628258228E0
5.002363267E1,3.702552617E-2,-1.222952962E0,-2.756938457E0
5.003156725E1,-8.173060417E-2,-1.180569291E0,-2.301204681E0
5.003947130E1,-1.435490549E-1,-1.012498856E0,-2.597794533E0
5.004734483E1,-1.471402347E-1,-8.022376299E-1,-3.171764851E0
5.005527940E1,-3.235204220E-1,-4.907840490E-1,-3.701155663E0
5.006324449E1,-3.632082939E-1,-2.073843479E-1,-4.208003998E0
5.007114854E1,-2.821329236E-1,-6.382584572E-3,-4.460199356E0
5.007902208E1,-2.927227914E-1,1.420096159E-1,-4.487150669E0
5.008698717E1,-2.566906214E-1,4.255852699E-1,-4.475838661E0
5.009489122E1,-1.601383239E-1,5.321784019E-1,-4.270962238E0
5.010288683E1,-1.690487713E-1,6.582012177E-1,-3.956342220E0
5.011079088E1,-3.394398093E-1,7.221834660E-1,-3.555894852E0
5.011866441E1,-4.869392514E-1,7.307581902E-1,-2.892903328E0
5.012662950E1,-4.393094182E-1,7.623806000E-1,-1.967345238E0
5.013456407E1,-3.647950292E-1,8.776118755E-1,-8.680582047E-1
5.014252916E1,-1.458869129E-1,1.040598392E0,5.180206299E-1
5.015049425E1,2.016123235E-1,1.081846714E0,1.741218567E0
5.015842882E1,5.420330167E-1,1.184401274E0,2.574925423E0
5.016636339E1,8.007977009E-1,1.253129005E0,2.792078972E0
5.017423692E1,1.033935070E0,1.248368025E0,2.620492935E0
5.018223253E1,9.967391491E-1,1.281736135E0,2.224378586E0
5.019016710E1,8.824101686E-1,1.232167006E0,1.702136993E0
5.019807115E1,7.386274338E-1,1.155932188E0,1.383595467E0
5.020597520E1,7.071090937E-1,1.006373405E0,1.421087265E0
5.021387926E1,8.540155888E-1,8.217113018E-1,1.914598465E0
5.022184434E1,1.184911966E0,7.315990925E-1,2.592765808E0
5.022977892E1,1.453449011E0,7.578361034E-1,3.664507866E0
5.023768297E1,1.689006329E0,9.791707993E-1,4.718301773E0
5.024558702E1,1.797028780E0,1.607562542E0,5.340853691E0
5.025349107E1,1.611752033E0,1.972177267E0,5.382631302E0
5.026145616E1,1.766181350E0,1.930428982E0,4.190911293E0
5.026936021E1,1.783513784E0,1.559857607E0,2.699290276E0
5.027726427E1,1.668591976E0,1.047498465E0,1.997789383E0
5.028516832E1,1.677214861E0,3.047769070E-1,1.929229736E0
5.029307237E1,1.453148365E0,-6.035448313E-1,2.984827042E0
5.030103746E1,1.020958662E0,-1.427610397E0,4.664891243E0
5.030894151E1,7.647358179E-1,-1.988026500E0,5.718374252E0
5.031684556E1,8.676255345E-1,-2.343112946E0,6.257671356E0
5.032478014E1,7.304749489E-1,-2.572338343E0,5.811935425E0
5.033268419E1,6.358498931E-1,-2.609460831E0,4.638712883E0
5.034067979E1,5.137870908E-1,-2.500302792E0,2.880535126E0
5.034858385E1,4.195274115E-1,-2.270443916E0,1.474731445E0
5.035645738E1,4.335128069E-1,-2.028988838E0,1.012783051E0
5.036436143E1,6.046389341E-1,-1.870334864E0,1.132601738E0
5.037229600E1,8.735455871E-1,-1.722438812E0,1.333733559E0
5.038029161E1,1.119796038E0,-1.583335400E0,1.285831451E0
5.038816514E1,1.250892162E0,-1.559390783E0,8.970079422E-1
5.039606920E1,1.316865921E0,-1.507396698E0,6.585130692E-1
5.040400377E1,1.294054508E0,-1.455896020E0,6.278877258E-1
5.041190782E1,1.197241306E0,-1.424772739E0,8.556604385E-1
5.041990343E1,1.045647860E0,-1.392340422E0,1.102978706E0
5.042780748E1,8.484461308E-1,-1.472955346E0,1.150190353E0
5.043571153E1,5.900766850E-1,-1.445139766E0,9.187746048E-1
5.044361558E1,2.488351166E-1,-1.377248645E0,2.588100433E-1
5.045158067E1,-1.323522031E-1,-1.370187402E0,-7.104425430E-1
5.045963731E1,-4.883928299E-1,-1.399404764E0,-2.029836655E0
5.046754137E1,-9.525222778E-1,-1.412306190E0,-3.127616405E0
5.047544542E1,-1.377859831E0,-1.327835321E0,-3.736868382E0
5.048337999E1,-1.644000292E0,-1.198241830E0,-3.915612221E0
5.049131456E1,-1.796618342E0,-9.872903228E-1,-3.862600327E0
5.049934068E1,-1.758811712E0,-7.227965593E-1,-3.836089611E0
5.050724474E1,-1.564543009E0,-5.855512619E-1,-4.084358215E0
5.051511827E1,-1.274395347E0,-4.691324234E-1,-4.504051685E0
5.052302232E1,-9.260317683E-1,-3.794158697E-1,-5.030229092E0
5.053092638E1,-7.689585090E-1,-3.312836885E-1,-5.329923630E0
5.053889146E1,-5.564960241E-1,-3.025794029E-1,-5.410918236E0
5.054685655E1,-3.067229390E-1,-1.486309767E-1,-5.381194115E0
5.055479112E1,-2.550718375E-2,-2.730107307E-2,-5.626295090E0
5.056275621E1,2.019304633E-1,9.746766090E-2,-5.873887062E0
5.057069078E1,3.441419005E-1,1.445572376E-1,-5.758828163E0
5.057868639E1,4.103395045E-1,2.201633453E-1,-5.219109058E0
5.058659044E1,3.475025892E-1,1.038095951E-1,-4.661732674E0
5.059446397E1,2.910335958E-1,8.888912201E-2,-3.828423500E0
5.060242906E1,1.371110827E-1,1.328842640E-1,-2.709191322E0
5.061034894E1,7.287189364E-4,2.131001949E-1,-1.267832756E0
5.061828351E1,5.044306815E-2,2.971560955E-1,-2.695951462E-1
5.062618756E1,1.915138513E-1,3.929102421E-1,2.338380814E-1
5.063409162E1,2.836501598E-1,6.396636963E-1,5.853519440E-1
5.064199567E1,3.858085871E-1,8.851499557E-1,9.050149918E-1
5.064986920E1,3.767561615E-1,1.175596952E0,1.247119904E0
5.065786481E1,4.106518626E-1,1.380884647E0,1.510554314E0
5.066573834E1,4.967000484E-1,1.569458008E0,1.853441238E0
5.067364240E1,4.779255986E-1,1.707607746E0,2.215838432E0
5.068157697E1,6.310160160E-1,1.751357794E0,2.247743607E0
5.068951154E1,8.811680079E-1,1.703175068E0,2.274333954E0
5.069750714E1,8.466266394E-1,1.502544641E0,2.491576195E0
5.070544171E1,6.702618599E-1,1.145242453E0,2.667054176E0
5.071334577E1,5.942398906E-1,7.929587364E-1,2.980694771E0
5.072131085E1,2.976816595E-1,3.675236702E-1,3.724500656E0
5.072924542E1,1.100975275E-2,-1.726222038E-2,4.745618820E0
5.073721051E1,-4.204782844E-1,-9.240603447E-2,5.432063103E0
5.074511456E1,-6.304310560E-1,1.186373234E-1,5.772935867E0
5.075298810E1,-6.873530149E-1,6.486058235E-1,5.552893639E0
5.076095319E1,-7.248626947E-1,6.970422268E-1,4.530910492E0
5.076885724E1,-6.511708498E-1,6.764633656E-1,3.063074112E0
5.077682233E1,-8.015629649E-1,6.570515633E-1,1.605500221E0
5.078472638E1,-9.320320487E-1,4.572653770E-1,2.765760422E-1
5.079259992E1,-1.168332696E0,-1.145529747E-2,-1.627368927E-1
5.080047345E1,-1.313302279E0,-5.064090490E-1,3.713436127E-1
5.080837750E1,-1.543629408E0,-1.179286480E0,1.690602303E0
5.081637311E1,-1.733733416E0,-1.724517584E0,3.410650253E0
5.082433820E1,-2.025957584E0,-2.080545902E0,4.546752930E0
5.083224225E1,-2.268398285E0,-2.259124517E0,4.580580711E0
5.084014630E1,-2.565528631E0,-2.265640259E0,3.750783920E0
5.084805036E1,-2.680208683E0,-2.081439734E0,2.390400887E0
5.085598493E1,-2.587116480E0,-1.849074006E0,1.085864067E0
5.086391950E1,-2.336497545E0,-1.522281408E0,-2.634716034E-1
5.087185407E1,-2.025661469E0,-1.219565630E0,-1.068013191E0
5.087975812E1,-1.560012102E0,-9.280074835E-1,-1.368478775E0
5.088766217E1,-1.199159503E0,-7.085317373E-1,-1.392157555E0
5.089562726E1,-7.581525445E-1,-5.805563927E-1,-1.352666855E0
5.090356183E1,-4.743675590E-1,-5.428659916E-1,-1.161993980E0
5.091146588E1,-2.564668655E-1,-4.892680645E-1,-6.817264557E-1
5.091936994E1,-7.255256176E-3,-4.818111658E-1,-3.893413544E-1
5.092730451E1,1.210137010E-1,-4.898577929E-1,-5.348005295E-1
5.093526959E1,2.254086137E-1,-5.858390331E-1,-1.090970039E0
5.094329572E1,3.162398934E-1,-7.309268713E-1,-1.473221779E0
5.095126081E1,2.887431383E-1,-8.005225658E-1,-1.828209400E0
5.095922589E1,2.548051476E-1,-8.776248693E-1,-2.014920712E0
5.096716046E1,3.003383875E-1,-9.318134785E-1,-2.131382465E0
5.097515607E1,2.618572712E-1,-8.891918659E-1,-2.271371365E0
5.098306012E1,3.216835558E-1,-8.344296217E-1,-2.535243034E0
5.099096417E1,5.135450363E-1,-8.143633604E-1,-2.841300011E0
5.099886823E1,7.364418507E-1,-7.157942057E-1,-3.192123413E0
5.100677228E1,8.559265137E-1,-6.360564232E-1,-3.424667358E0
5.101473737E1,9.852877259E-1,-5.134705305E-1,-3.649508476E0
5.102270246E1,1.125382543E0,-4.595471621E-1,-3.759131908E0
5.103060651E1,1.167191029E0,-3.788223267E-1,-3.820525169E0
5.103857160E1,1.097032905E0,-3.549196720E-1,-3.821561813E0
5.104650617E1,9.874446988E-1,-4.074647427E-1,-3.927222252E0
5.105447125E1,8.148566484E-1,-4.399540424E-1,-4.046037197E0
5.106240582E1,5.452120900E-1,-4.080343246E-1,-4.192591190E0
5.107027936E1,3.201574683E-1,-2.659949064E-1,-4.113187313E0
5.107821393E1,6.203973293E-2,-1.609132290E-1,-3.875212669E0
5.108611798E1,-2.460592985E-2,-3.302574158E-2,-3.605604649E0
5.109408307E1,-8.091999590E-2,9.591484070E-2,-3.373865604E0
5.110198712E1,-1.025158912E-1,2.820248604E-1,-3.084538460E0
5.110989118E1,-2.068752944E-1,4.466040134E-1,-2.718605042E0
5.111779523E1,-2.189324945E-1,4.825201035E-1,-2.367175102E0
5.112582135E1,-3.192557395E-1,5.464324951E-1,-1.881958961E0
5.113384748E1,-3.289558589E-1,5.121340752E-1,-1.193570137E0
5.114175153E1,-1.572751105E-1,5.748982430E-1,-3.692293167E-1
5.114965558E1,6.999504566E-2,7.145638466E-1,5.290536880E-1
5.115762067E1,2.603724003E-1,8.618083000E-1,1.182954788E0
5.116555524E1,4.368184805E-1,9.952657223E-1,1.875513077E0
5.117352033E1,6.922528148E-1,1.090455770E0,2.513424873E0
5.118142438E1,7.863349915E-1,1.064414263E0,3.056296349E0
5.118929791E1,8.509863019E-1,9.520900249E-1,3.370098114E0
5.119720197E1,8.983364105E-1,6.932072639E-1,3.519341469E0
5.120513654E1,8.848747015E-1,4.198920727E-1,3.613623619E0
5.121310162E1,8.222361803E-1,2.338528633E-1,3.587950706E0
5.122106671E1,8.288114667E-1,1.614871025E-1,3.432774544E0
5.122897077E1,9.882802963E-1,5.798022747E-1,3.296448708E0
5.123684430E1,1.125424266E0,1.219763756E0,3.016268730E0
5.124477887E1,1.178329229E0,1.670351505E0,2.652100563E0
5.125274396E1,1.465642095E0,1.886644602E0,2.029368401E0
5.126064801E1,1.703127384E0,1.906485319E0,1.504605293E0
5.126852155E1,2.113627672E0,1.416892052E0,1.397336006E0
5.127648664E1,2.280909300E0,6.656982899E-1,2.166263580E0
5.128442120E1,2.227079153E0,-2.554590702E-1,3.820140839E0
5.129241681E1,2.090322495E0,-1.126775026E0,5.322165489E0
5.130032086E1,1.852053046E0,-1.730331421E0,6.320503235E0
5.130819440E1,1.499816418E0,-2.193620443E0,7.158323288E0
5.131609845E1,1.328426361E0,-2.341376066E0,7.133292198E0
5.132403302E1,1.163859844E0,-2.285763264E0,6.241299629E0
5.133199811E1,9.453967810E-1,-2.134941816E0,4.463431358E0
5.133990216E1,4.793375731E-1,-1.882177711E0,2.620310783E0
5.134777570E1,3.293757439E-1,-1.589612722E0,1.002230644E0
5.135574078E1,3.438153267E-1,-1.454714537E0,2.157077789E-1
5.136364484E1,4.181613326E-1,-1.302842855E0,1.522846222E-1
5.137167096E1,6.317854524E-1,-1.189259887E0,3.118095398E-1
5.137957501E1,1.011107922E0,-1.127133965E0,1.558990479E-1
5.138744855E1,1.140689492E0,-1.014536381E0,-1.535339355E-1
5.139535260E1,1.099030495E0,-9.404809475E-1,-5.517091751E-1
5.140325665E1,9.497770071E-1,-9.036278725E-1,-9.238128662E-1
5.141122174E1,9.033749104E-1,-9.968460798E-1,-1.178866386E0
5.141915631E1,8.661784530E-1,-1.118399143E0,-1.204495430E0
5.142706036E1,6.971225739E-1,-1.256264567E0,-1.010316849E0
5.143496442E1,4.403253794E-1,-1.449768424E0,-9.909143448E-1
5.144283795E1,1.703956425E-1,-1.408059239E0,-1.126623154E0
5.145083356E1,-1.242625713E-1,-1.365885615E0,-1.433959007E0
5.145876813E1,-3.357305825E-1,-1.261606693E0,-1.836318016E0
5.146664166E1,-2.842049301E-1,-1.102294207E0,-2.302203655E0
5.147460675E1,-2.121848017E-1,-9.241099358E-1,-2.815090179E0
5.148254132E1,-1.912260801E-1,-7.293827534E-1,-3.147850037E0
5.149053693E1,-1.599636674E-1,-5.864574909E-1,-3.458133698E0
5.149850202E1,-1.721020192E-1,-4.141287804E-1,-3.683506012E0
5.150640607E1,-1.120852530E-1,-3.015455008E-1,-4.070406914E0
5.151431012E1,-4.235671833E-2,-2.305268049E-1,-4.498903275E0
5.152221417E1,8.470161259E-2,-1.474987268E-1,-4.778169155E0
5.153017926E1,1.129164100E-1,-9.183704853E-2,-4.961250305E0
5.153808331E1,2.772395313E-1,-3.580260277E-2,-4.995876312E0
5.154601789E1,4.321525991E-1,8.117997646E-2,-4.657209396E0
5.155401349E1,4.799812734E-1,2.002172470E-1,-4.091530323E0
5.156194806E1,5.394534469E-1,3.029682636E-1,-3.782138348E0
5.156991315E1,5.897248387E-1,3.307462931E-1,-3.637791157E0
5.157781720E1,4.254084826E-1,3.099696636E-1,-3.438214779E0
5.158572125E1,2.381010652E-1,4.046741724E-1,-3.150124073E0
5.159365582E1,4.616751522E-2,4.278908968E-1,-2.536893845E0
5.160155988E1,-3.477066755E-3,5.782485008E-1,-1.589335442E0
5.160955548E1,-1.234532446E-1,6.738882065E-1,-5.798988342E-1
5.161745954E1,-2.188932002E-1,6.641472578E-1,1.137762070E-1
5.162533307E1,-2.750722468E-1,6.851723194E-1,6.071195602E-1
5.163323712E1,-3.710412979E-1,7.266999483E-1,9.840345383E-1
5.164114118E1,-3.616018295E-1,8.634915352E-1,1.404722214E0
5.164913678E1,-4.047458470E-1,9.704296589E-1,1.785393715E0
5.165707135E1,-5.142178535E-1,1.096459270E0,1.922684669E0
5.166494489E1,-4.862969518E-1,1.161567688E0,1.979464531E0
5.167287946E1,-3.443261683E-1,1.172493696E0,2.026791573E0
5.168078351E1,-2.861613631E-1,1.175861001E0,2.114734650E0
5.168874860E1,-1.421664059E-1,1.143162727E0,2.243219376E0
5.169665265E1,-7.252445817E-2,9.368169308E-1,2.383359909E0
5.170458722E1,5.658915639E-2,7.353405952E-1,2.525280952E0
5.171249127E1,2.067598701E-1,4.833614826E-1,3.018190384E0
5.172039533E1,1.359515488E-1,3.785459995E-1,3.873864174E0
5.172839093E1,1.475518048E-1,5.329959393E-1,4.426875114E0
5.173629498E1,1.288593709E-1,8.240027428E-1,4.709363937E0
5.174416852E1,7.588833570E-3,6.850709915E-1,4.451578140E0
5.175207257E1,-1.318073273E-1,4.889967442E-1,3.559062004E0
5.175997662E1,-3.416913450E-1,3.670642376E-1,2.914911270E0
5.176797223E1,-6.156145334E-1,9.717059135E-2,2.279088020E0
5.177587628E1,-9.708498716E-1,-3.459508419E-1,1.825370789E0
5.178378034E1,-1.491106987E0,-8.512918949E-1,2.146008492E0
5.179165387E1,-1.821041346E0,-1.344850540E0,3.278039932E0
5.179958844E1,-1.908532262E0,-1.828069448E0,4.595540047E0
5.180755353E1,-1.902145624E0,-2.076107979E0,5.284177780E0
5.181548810E1,-1.955305457E0,-2.103596926E0,5.195060730E0
5.182336164E1,-2.032359838E0,-1.959591746E0,4.542387962E0
5.183132672E1,-2.192840576E0,-1.639847755E0,3.697462082E0
5.183926129E1,-2.341911793E0,-1.336822748E0,2.591164589E0
5.184722638E1,-2.437458038E0,-1.133741140E0,1.509998322E0
5.185513043E1,-2.367273331E0,-9.769220352E-1,3.884534836E-1
5.186300397E1,-2.312210321E0,-8.835674524E-1,-8.791732788E-2
5.187096906E1,-2.227756262E0,-8.583675623E-1,-1.017808914E-1
5.187890363E1,-1.995568275E0,-8.796859980E-1,5.230522156E-2
5.188689923E1,-1.829791546E0,-8.835728168E-1,-1.815605164E-2
5.189486432E1,-1.680773258E0,-8.567842245E-1,-4.529943466E-1
5.190276837E1,-1.525933504E0,-8.691174984E-1,-9.571237564E-1
5.191067243E1,-1.432812691E0,-8.130525351E-1,-1.497377396E0
5.191857648E1,-1.264045238E0,-7.924672365E-1,-1.856186390E0
5.192657208E1,-1.111756206E0,-7.310146093E-1,-2.153215408E0
5.193450665E1,-9.777961969E-1,-6.683739424E-1,-2.188997746E0
5.194238019E1,-7.899126410E-1,-5.363616943E-1,-2.066154480E0
5.195031476E1,-7.134875059E-1,-4.266580343E-1,-2.248457432E0
5.195821881E1,-5.247129202E-1,-4.487615824E-1,-2.896004677E0
5.196621442E1,-3.439747393E-1,-4.571758509E-1,-3.714180946E0
5.197417951E1,-3.212625086E-1,-4.335941076E-1,-4.251875877E0
5.198208356E1,-3.737711608E-1,-5.379226208E-1,-4.473820686E0
5.199001813E1,-4.459329545E-1,-6.720913649E-1,-4.576846600E0
5.199792218E1,-4.879152179E-1,-8.199963570E-1,-4.371645927E0
5.200588727E1,-4.658100605E-1,-9.269851446E-1,-3.879637241E0
5.201376081E1,-3.226118386E-1,-9.859952927E-1,-3.375566959E0
5.202166486E1,-1.533833295E-1,-9.839665890E-1,-3.234514236E0
5.202956891E1,-3.388378024E-2,-9.059971571E-1,-3.389027119E0
5.203747296E1,-3.347687423E-2,-6.920889616E-1,-3.716539383E0
5.204546857E1,-1.108530089E-1,-4.833005667E-1,-4.143325329E0
5.205337262E1,-1.285292804E-1,-2.434090376E-1,-4.678956032E0
5.206127667E1,-7.858173549E-2,6.809592247E-2,-4.835903168E0
5.206918073E1,-7.171076536E-2,3.124258518E-1,-4.767943382E0
5.207708478E1,-4.239082336E-3,4.783651829E-1,-4.518345833E0
5.208511090E1,1.024931967E-1,5.722212791E-1,-4.352776527E0
5.209301496E1,2.632257640E-1,6.474702358E-1,-3.797527790E0
5.210088849E1,3.169530630E-1,7.273931503E-1,-2.669595242E0
5.210876203E1,3.017642498E-1,8.053934574E-1,-1.339646339E0
5.211669660E1,2.977942228E-1,7.754392624E-1,-1.252698898E-1
5.212469220E1,5.480964184E-1,7.751641273E-1,9.672107697E-1
5.213262677E1,5.711629391E-1,8.440129757E-1,1.763298988E0
5.214053082E1,5.638695955E-1,9.754757881E-1,2.308978081E0
5.214843488E1,4.956088066E-1,1.167446136E0,2.657525063E0
5.215633893E1,4.924377203E-1,1.337392807E0,2.845201492E0
5.216430402E1,6.894879937E-1,1.300584555E0,2.911840439E0
5.217217755E1,9.658247828E-1,1.274780750E0,2.677305222E0
5.218008161E1,1.059609532E0,1.186794043E0,2.476450920E0
5.218798566E1,1.083914995E0,1.053590536E0,2.321157455E0
5.219588971E1,1.064768672E0,8.975546360E-1,2.206458092E0
5.220385480E1,1.072867632E0,7.124614716E-1,2.311775208E0
5.221172833E1,1.277665377E0,5.656232834E-1,2.780150414E0
5.221963239E1,1.514195561E0,5.634889603E-1,3.410761833E0
5.222759748E1,1.794287562E0,8.041357994E-1,3.773287773E0
5.223550153E1,2.005653381E0,1.389550924E0,3.504645348E0
5.224346662E1,1.910732388E0,1.647299051E0,3.195954323E0
5.225137067E1,2.193200588E0,1.753178596E0,2.789112091E0
5.225924420E1,2.309630871E0,1.550343037E0,2.611265182E0
5.226717877E1,2.328699350E0,1.076866150E0,2.764823914E0
5.227508283E1,2.278491974E0,5.267918110E-1,3.158903122E0
5.228304791E1,1.827896476E0,-1.573383808E-1,3.937484741E0
5.229095197E1,1.349652767E0,-8.257464170E-1,5.005477905E0
5.229882550E1,1.071925282E0,-1.288088202E0,5.664973259E0
5.230679059E1,8.771711588E-1,-1.662851810E0,5.812741280E0
5.231472516E1,8.563519716E-1,-1.823046088E0,5.036049843E0
5.232272077E1,8.149682879E-1,-2.016611338E0,3.269721031E0
5.233062482E1,8.867247105E-1,-2.079283237E0,1.642478943E0
5.233849835E1,8.860746622E-1,-2.067793131E0,-1.008005142E-1
5.234646344E1,9.649590254E-1,-2.040719748E0,-1.019164085E0
5.235439801E1,9.618110061E-1,-2.017944336E0,-1.255125999E0
5.236236310E1,9.106085896E-1,-1.994995832E0,-9.732313156E-1
5.237026715E1,9.887365103E-1,-1.971013546E0,-5.148258209E-1
5.237814069E1,1.079813361E0,-1.920653343E0,1.083774567E-1
5.238601422E1,1.030355692E0,-1.855330229E0,8.291606903E-1
5.239394879E1,1.106397629E0,-1.801928043E0,1.295104027E0
5.240191388E1,1.083368778E0,-1.782005548E0,1.313495636E0
5.240987897E1,8.995107412E-1,-1.725580931E0,1.076693535E0
5.241778302E1,6.518001556E-1,-1.613857388E0,6.135492325E-1
5.242568707E1,4.007743597E-1,-1.441325426E0,1.494121552E-2
5.243359113E1,2.630286217E-1,-1.302068353E0,-6.640434265E-1
5.244152570E1,8.006393909E-3,-1.141647339E0,-1.254852295E0
5.244942975E1,-2.065976262E-1,-9.156131744E-1,-2.112523556E0
5.245736432E1,-4.702578485E-1,-7.268677950E-1,-3.181527138E0
5.246526837E1,-6.153309941E-1,-5.700529814E-1,-4.299555779E0
5.247320294E1,-6.122400165E-1,-4.590823650E-1,-5.198448658E0
5.248113751E1,-6.603474617E-1,-3.444195986E-1,-5.823903084E0
5.248910260E1,-6.047480702E-1,-1.594822407E-1,-6.382167816E0
5.249697614E1,-6.283571720E-1,-1.711416245E-1,-6.261176109E0
5.250494122E1,-6.154513359E-1,-7.566356659E-2,-5.915828705E0
5.251287580E1,-5.045102239E-1,-6.884074211E-2,-5.465443134E0
5.252084088E1,-2.672512531E-1,-8.585190773E-2,-4.751582146E0
5.252874494E1,-2.766094804E-1,7.870197296E-2,-4.071087837E0
5.253661847E1,-4.615377635E-2,2.522273064E-1,-3.516795635E0
5.254449201E1,2.509727180E-1,2.403297424E-1,-3.504136086E0
5.255239606E1,4.031048119E-1,3.303833008E-1,-3.853497028E0
5.256036115E1,4.129859507E-1,2.933032513E-1,-4.323163986E0
5.256832623E1,4.184859693E-1,2.383213043E-1,-4.852224350E0
5.257626081E1,3.749176264E-1,2.480258942E-1,-5.199682236E0
5.258419538E1,2.946675420E-1,3.133060932E-1,-4.768839836E0
5.259209943E1,9.833869338E-2,3.498737812E-1,-3.699106693E0
5.260009503E1,3.851294518E-2,4.319336414E-1,-2.064730644E0
5.260799909E1,-4.606395960E-4,3.908419609E-1,-5.549535751E-1
5.261587262E1,1.463084221E-1,4.212474823E-1,5.402355194E-1
5.262377667E1,1.765935719E-1,5.608174801E-1,1.982901573E0
5.263168073E1,8.761307597E-2,8.417646885E-1,3.172926903E0
5.263967633E1,1.677345932E-1,1.005179167E0,3.658345222E0
5.264764142E1,1.924877763E-1,1.162429810E0,3.834989548E0
5.265551496E1,1.384364069E-1,1.260729313E0,3.705247879E0
5.266341901E1,-7.363416255E-2,1.266926050E0,3.083745003E0
5.267132306E1,-4.304513335E-2,1.227657557E0,2.255681992E0
5.267928815E1,-1.252377033E-2,1.101686716E0,1.660096169E0
5.268725324E1,-1.969805360E-2,9.173772335E-1,1.633528709E0
5.269515729E1,-3.046250343E-2,8.159775734E-1,2.057490349E0
5.270306134E1,-2.751764655E-2,6.923534870E-1,2.609223366E0
5.271099591E1,-1.349219978E-1,6.429190636E-1,3.246020317E0
5.271896100E1,-2.630524039E-1,8.528156281E-1,3.625900269E0
5.272692609E1,-4.614281952E-1,8.524086475E-1,3.866826057E0
5.273483014E1,-5.468269587E-1,7.884268761E-1,3.849517822E0
5.274273419E1,-6.402539015E-1,3.794865608E-1,3.648528099E0
5.275063825E1,-7.591739893E-1,-1.161065102E-1,3.323742867E0
5.275860333E1,-1.046746016E0,-6.187303066E-1,3.295783997E0
5.276650739E1,-1.386763215E0,-1.299248934E0,3.788655281E0
5.277438092E1,-1.591496944E0,-1.816539288E0,4.490654945E0
5.278234601E1,-1.507871985E0,-2.232606649E0,5.293742180E0
5.279028058E1,-1.443779230E0,-2.345069170E0,6.076920509E0
5.279830670E1,-1.396014571E0,-2.136417866E0,6.355237007E0
5.280624127E1,-1.396810055E0,-1.807654381E0,5.944145203E0
5.281414533E1,-1.591142654E0,-1.401617050E0,4.812703133E0
5.282204938E1,-1.790216923E0,-1.013933778E0,3.335602760E0
5.282992291E1,-1.815235615E0,-6.856179237E-1,1.434579849E0
5.283791852E1,-1.857311368E0,-5.427957773E-1,-2.740030289E-1
5.284588361E1,-1.870380044E0,-5.810779333E-1,-1.359022141E0
5.285381818E1,-1.984912038E0,-7.545146942E-1,-1.668557644E0
5.286178327E1,-2.148872852E0,-9.233974218E-1,-1.246528625E0
5.286971784E1,-2.196019173E0,-1.034764528E0,-5.294094086E-1
5.287771344E1,-2.078449488E0,-1.240400076E0,-2.046480179E-1
5.288558698E1,-1.971323848E0,-1.341662884E0,-1.350812912E-1
5.289349103E1,-1.822267056E0,-1.353303194E0,-2.431755066E-1
5.290139508E1,-1.645336866E0,-1.323543310E0,-1.145715714E-1
5.290926862E1,-1.449750662E0,-1.140251637E0,2.250318527E-1
5.291726422E1,-1.252801538E0,-9.415992498E-1,4.556379318E-1
5.292522931E1,-1.018264055E0,-6.451913118E-1,2.906455994E-1
5.293310285E1,-7.943283319E-1,-3.712924719E-1,-4.461193085E-1
5.294100690E1,-5.875610709E-1,-2.116242647E-1,-1.341403008E0
5.294891095E1,-4.534537792E-1,-4.040980339E-2,-2.234090805E0
5.295687604E1,-3.248323500E-1,-4.523301125E-2,-3.036880970E0
5.296481061E1,-1.229406670E-1,-8.107829094E-2,-3.834346294E0
5.297274518E1,2.200582437E-2,-2.154628038E-1,-4.643647671E0
5.298064923E1,4.891498387E-2,-4.052133560E-1,-5.118681908E0
5.298855328E1,6.303071976E-2,-5.845088959E-1,-5.216617584E0
5.299651837E1,6.384206563E-2,-7.138184309E-1,-4.906575203E0
5.300442243E1,3.808871657E-2,-8.330738544E-1,-4.486919880E0
5.301232648E1,-7.243373245E-2,-9.311838150E-1,-4.342365265E0
5.302029157E1,-8.416242898E-2,-9.491224289E-1,-4.457824707E0
5.302822614E1,-1.796873361E-1,-9.243752956E-1,-4.728144646E0
5.303622174E1,-2.893760502E-1,-7.314679623E-1,-4.916514874E0
5.304412580E1,-2.905137241E-1,-5.916382074E-1,-4.972990036E0
5.305202985E1,-1.466598213E-1,-4.865694046E-1,-4.955410004E0
5.305993390E1,1.372668147E-2,-3.794471025E-1,-4.583902836E0
5.306783795E1,1.813075840E-1,-1.645514965E-1,-3.978301048E0
5.307583356E1,3.686949909E-1,-3.027987480E-2,-3.365630627E0
5.308379865E1,5.255982280E-1,4.385948181E-2,-2.894098282E0
5.309170270E1,5.854242444E-1,6.478762627E-2,-2.465505600E0
5.309963727E1,5.547065735E-1,2.517127991E-2,-2.079794407E0
5.310757184E1,4.779006243E-1,-5.818629265E-2,-1.763258457E0
5.311556744E1,4.708531499E-1,-1.484017372E-1,-1.506462097E0
5.312347150E1,5.788384080E-1,-2.111299038E-1,-1.158729553E0
5.313137555E1,4.969823360E-1,-1.065323353E-1,-6.147270203E-1
5.313927960E1,4.170493484E-1,-9.548020363E-2,8.252143860E-3
5.314718366E1,4.931141138E-1,-1.160867214E-1,8.084650040E-1
5.315514874E1,5.055189133E-1,-1.094291210E-1,1.474716187E0
5.316311383E1,5.220073462E-1,-2.323541641E-1,2.241694450E0
5.317098737E1,6.163544655E-1,-3.755370378E-1,2.864983559E0
5.317892194E1,7.668102980E-1,-6.502014399E-1,3.560257912E0
5.318682599E1,9.518509507E-1,-8.365260363E-1,4.179118156E0
5.319482160E1,9.741904736E-1,-8.527950048E-1,4.530336380E0
5.320275617E1,1.070733547E0,-5.232088566E-1,4.556641579E0
5.321069074E1,9.447622895E-1,2.604422569E-1,4.176744461E0
5.321859479E1,7.518778443E-1,6.330931187E-1,3.500976562E0
5.322649884E1,7.658870220E-1,8.501296043E-1,2.724967957E0
5.323446393E1,7.118389010E-1,7.133467197E-1,1.922530174E0
5.324236798E1,1.103738785E0,1.923289299E-1,1.471250534E0
5.325024152E1,1.319746256E0,-4.553105831E-1,2.523738861E0
5.325817609E1,1.073133230E0,-1.018614173E0,4.399869919E0
5.326608014E1,9.392319322E-1,-1.522482514E0,6.111142159E0
5.327404523E1,1.100612402E0,-1.867799759E0,6.924530983E0
5.328194928E1,1.267109513E0,-1.850148916E0,7.006843567E0
5.328988385E1,1.416496277E0,-1.802679539E0,6.475655556E0
5.329778790E1,1.665785313E0,-1.720503449E0,5.137377739E0
5.330569196E1,1.638093829E0,-1.590042353E0,3.906396866E0
5.331368756E1,1.604208708E0,-1.539627552E0,3.106036186E0
5.332159162E1,1.611722708E0,-1.605288982E0,2.560374260E0
5.332946515E1,1.649937391E0,-1.666076899E0,2.536158562E0
5.333736920E1,1.817380667E0,-1.755803466E0,2.729619026E0
5.334527326E1,1.907824159E0,-1.829574823E0,3.029991150E0
5.335326886E1,1.916919947E0,-1.713799357E0,3.105985641E0
5.336117291E1,1.747333050E0,-1.544154644E0,3.063318253E0
5.336904645E1,1.608930111E0,-1.459930182E0,2.713438988E0
5.337695050E1,1.365547180E0,-1.394396663E0,2.064438820E0
5.338485456E1,1.168628931E0,-1.281107187E0,1.485145569E0
5.339281964E1,8.402665257E-1,-1.090415835E0,9.422893524E-1
5.340078473E1,5.614158511E-1,-9.851005077E-1,2.398939133E-1
5.340868878E1,9.558844566E-2,-9.653768539E-1,-6.840600967E-1
5.341659284E1,-4.717525244E-1,-1.029343247E0,-1.814869404E0
5.342452741E1,-7.539724112E-1,-8.802943230E-1,-2.669353485E0
5.343249249E1,-1.174728394E0,-8.936698437E-1,-3.557048321E0
5.344045758E1,-1.268692255E0,-9.394390583E-1,-4.315137386E0
5.344833112E1,-1.345388532E0,-9.927433729E-1,-4.823624134E0
5.345623517E1,-1.244114280E0,-8.627443314E-1,-5.139794827E0
5.346413922E1,-1.075743794E0,-8.071051836E-1,-5.323963642E0
5.347210431E1,-8.698276281E-1,-6.281740665E-1,-4.972004414E0
5.348006940E1,-7.367326617E-1,-3.273074627E-1,-4.249529839E0
5.348797345E1,-4.745006263E-1,-1.211783886E-1,-3.689658165E0
5.349593854E1,-2.398981303E-1,1.452968121E-1,-3.236683369E0
5.350387311E1,-9.650157392E-2,3.191761971E-1,-3.030917645E0
5.351186872E1,8.570508659E-2,3.079388142E-1,-3.450591087E0
5.351977277E1,4.157729745E-1,4.001882076E-1,-3.844101906E0
5.352764630E1,2.687904239E-1,5.070014000E-1,-4.167364120E0
5.353551984E1,7.393116951E-1,5.653610229E-1,-3.956705093E0
5.354342389E1,1.034077168E0,5.157144070E-1,-4.425525188E0
5.355138898E1,1.153429747E0,4.203855991E-1,-4.984971046E0
5.355929303E1,1.137968779E0,4.461905956E-1,-4.750174046E0
5.356716657E1,1.204420328E0,4.646897316E-1,-4.036228657E0
5.357507062E1,1.174456120E0,4.539682865E-1,-2.928761959E0
5.358309674E1,1.136154532E0,4.123928547E-1,-1.504026413E0
5.359109235E1,1.071905255E0,3.214762211E-1,-2.379999161E-1
5.359899640E1,1.241525054E0,2.396476269E-1,7.530078888E-1
5.360690045E1,1.248698354E0,2.781169415E-1,1.979422569E0
5.361483502E1,1.452888846E0,3.064949512E-1,3.004209518E0
5.362273908E1,1.690259695E0,2.874860764E-1,3.562010765E0
5.363070416E1,1.757707715E0,2.242014408E-1,3.649115562E0
5.363866925E1,1.608886242E0,2.366857529E-1,3.436730385E0
5.364657331E1,1.383936882E0,1.747381687E-1,2.977138519E0
5.365447736E1,1.115523577E0,1.077063084E-1,2.460626602E0
5.366241193E1,8.476709127E-1,9.476566315E-2,2.170810699E0
5.367034650E1,5.724304914E-1,7.421898842E-2,2.109088898E0
5.367828107E1,2.846560180E-1,1.058912277E-1,2.298397064E0
5.368618512E1,5.632251501E-2,1.795289516E-1,2.479036331E0
5.369411969E1,-9.376221895E-2,3.604016304E-1,2.658967018E0
5.370202374E1,-4.901051521E-2,7.107512951E-1,2.693102837E0
5.370998883E1,1.405986547E-1,1.227104187E0,2.522109985E0
5.371789289E1,3.633599281E-1,1.412622690E0,2.232810974E0
5.372579694E1,5.609098673E-1,1.208415031E0,1.592685699E0
5.373373151E1,5.950123072E-1,9.168922901E-1,1.159277916E0
5.374166608E1,4.566026330E-1,6.667726040E-1,1.220972061E0
5.374966168E1,2.576707602E-1,1.880419254E-1,1.881766319E0
5.375756574E1,-1.007664204E-1,-2.499952316E-1,2.623805046E0
5.376543927E1,-2.957611084E-1,-7.103414536E-1,3.438629150E0
5.377340436E1,-6.805263758E-1,-8.735929728E-1,4.150226593E0
5.378133893E1,-1.045026541E0,-9.205794334E-1,4.499099731E0
5.378933454E1,-1.289890051E0,-8.287397623E-1,3.851188660E0
5.379729962E1,-1.517215014E0,-6.126787663E-1,2.519045830E0
5.380523419E1,-1.641882777E0,-4.248867035E-1,1.216987610E0
5.381319928E1,-1.641780496E0,-1.576583385E-1,-2.175626755E-1
5.382113385E1,-1.586169958E0,2.153985500E-1,-1.336079597E0
5.382915998E1,-1.468511820E0,4.714777470E-1,-1.835163116E0
5.383703351E1,-1.253904343E0,5.515716076E-1,-1.785329342E0
5.384505963E1,-1.025581598E0,4.686021805E-1,-1.524188519E0
5.385296369E1,-8.970468640E-1,3.292496204E-1,-9.946889877E-1
5.386089826E1,-7.486451864E-1,1.116824150E-1,-6.301050186E-1
5.386886334E1,-7.626357079E-1,-1.626729965E-3,-2.598505020E-1
5.387676740E1,-8.344008923E-1,-1.176435947E-1,4.777812958E-2
5.388464093E1,-7.251552343E-1,-2.027456760E-1,2.048034668E-1
5.389251447E1,-5.723587871E-1,-2.422039509E-1,2.675781250E-1
5.390044904E1,-4.772797227E-1,-2.012779713E-1,2.460422516E-1
5.390841412E1,-4.230653048E-1,-1.244435310E-1,-3.112287521E-1
5.391628766E1,-3.606694341E-1,-1.216006279E-1,-1.507778645E0
5.392419171E1,-3.213401437E-1,-1.510336399E-1,-2.687413216E0
5.393212628E1,-2.640386224E-1,-1.512308121E-1,-3.824496269E0
5.394003034E1,-3.326388001E-1,-2.350959778E-1,-4.712047577E0
5.394799542E1,-3.086585402E-1,-2.838020325E-1,-5.396690845E0
5.395589948E1,-2.140619159E-1,-4.179537296E-1,-5.568382740E0
5.396380353E1,-8.306539059E-2,-5.632126331E-1,-5.559826374E0
5.397170758E1,4.466012120E-2,-7.342871428E-1,-5.334928513E0
5.397961164E1,9.167402983E-3,-8.328802586E-1,-5.034922600E0
5.398760724E1,-1.901845038E-1,-9.239233732E-1,-4.716434479E0
5.399551129E1,-3.210493922E-1,-9.465025663E-1,-4.453306198E0
5.400341535E1,-3.370541036E-1,-9.757730961E-1,-3.919629097E0
5.401131940E1,-3.666775525E-1,-9.752643108E-1,-3.541061878E0
5.401925397E1,-2.987043560E-1,-7.875535488E-1,-3.314414978E0
5.402721906E1,-3.613620400E-1,-5.598343611E-1,-3.126148701E0
5.403512311E1,-4.146333933E-1,-2.981867790E-1,-3.316608906E0
5.404302716E1,-3.447757959E-1,-7.267737389E-2,-4.139529228E0
5.405096173E1,-2.497641295E-1,1.645646095E-1,-4.886942863E0
5.405886578E1,-1.521746516E-1,3.387932777E-1,-4.754367352E0
5.406683087E1,-1.693703234E-1,4.246821404E-1,-4.129518986E0
5.407470441E1,-2.002460957E-1,5.569224358E-1,-3.026185513E0
5.408263898E1,-2.175472975E-1,5.075299740E-1,-1.456035614E0
5.409054303E1,-2.062409520E-1,6.758167744E-1,1.800251007E-2
5.409844708E1,-2.085411251E-1,8.277969360E-1,1.867084503E0
5.410641217E1,1.857462823E-1,1.081949472E0,3.783349037E0
5.411431622E1,4.759107828E-1,1.329313517E0,5.091227531E0
5.412222028E1,7.436495423E-1,1.566828012E0,5.401567459E0
5.413012433E1,9.564825296E-1,1.796443939E0,5.128968239E0
5.413802838E1,9.099550247E-1,1.843351126E0,4.101917267E0
5.414602399E1,8.831425905E-1,1.828953505E0,2.503384590E0
5.415395856E1,8.032078743E-1,1.889603376E0,1.496043205E0
5.416186261E1,4.720409811E-1,1.809319019E0,7.156200409E-1
5.416976666E1,3.707271516E-1,1.662282944E0,7.479095459E-2
5.417767072E1,3.766512871E-1,1.547118187E0,-2.845478058E-2
5.418563581E1,3.353311419E-1,1.439956427E0,8.272075653E-1
5.419353986E1,4.354236126E-1,1.296778440E0,2.184864044E0
5.420144391E1,7.032035589E-1,1.416143656E0,3.346450806E0
5.420937848E1,8.448525667E-1,1.719666719E0,3.957413673E0
5.421728253E1,9.446930289E-1,1.755861521E0,4.063981056E0
5.422527814E1,1.218633890E0,1.682249308E0,4.197565079E0
5.423318219E1,1.313805580E0,1.350883484E0,4.096746445E0
5.424108624E1,1.362581134E0,7.577443123E-1,3.895797729E0
5.424899030E1,1.299793243E0,1.065778732E-2,4.192437172E0
5.425689435E1,1.107873559E0,-8.997249603E-1,4.928508759E0
5.426485944E1,9.902337193E-1,-1.670503855E0,5.634656906E0
5.427276349E1,7.844966650E-1,-2.231547117E0,6.053773880E0
5.428063703E1,6.055513620E-1,-2.303213596E0,6.062197685E0
5.428860211E1,4.496820569E-1,-2.101731062E0,5.426820755E0
5.429650617E1,3.571107388E-1,-1.819130182E0,3.865246773E0
5.430453229E1,5.408243537E-1,-1.432142258E0,1.844531059E0
5.431246686E1,5.964261889E-1,-9.604226351E-1,-2.775001526E-2
5.432037091E1,6.356549263E-1,-6.271026134E-1,-1.189000130E0
5.432824445E1,6.479882002E-1,-3.646519184E-1,-2.023717880E0
5.433617902E1,6.806800365E-1,-1.844561100E-1,-2.148427486E0
5.434414411E1,7.682527900E-1,-1.830744743E-1,-1.665837288E0
5.435204816E1,8.147255778E-1,-2.522523403E-1,-1.034548759E0
5.435995221E1,8.719156384E-1,-3.720717430E-1,-2.045879364E-1
5.436788678E1,9.745731950E-1,-5.340179205E-1,2.718648911E-1
5.437579083E1,9.683879018E-1,-6.804608107E-1,3.910169601E-1
5.438378644E1,7.474890947E-1,-7.821290493E-1,3.067407608E-1
5.439169049E1,5.792181492E-1,-9.042240381E-1,-7.369518280E-2
5.439959455E1,3.814594746E-1,-9.865503311E-1,-3.882379532E-1
5.440746808E1,2.251132131E-1,-1.014075398E0,-6.471004486E-1
5.441543317E1,4.626953602E-2,-9.825199842E-1,-1.283491135E0
5.442342877E1,-1.334729493E-1,-9.162666798E-1,-2.154593468E0
5.443133283E1,-2.662233114E-1,-7.555631399E-1,-3.050873280E0
5.443920636E1,-3.809124827E-1,-8.244851828E-1,-3.577521801E0
5.444707990E1,-5.624036789E-1,-6.345677376E-1,-4.163609505E0
5.445501447E1,-7.760810256E-1,-4.966229200E-1,-4.713458061E0
5.446304059E1,-9.054081440E-1,-3.366017342E-1,-4.787082672E0
5.447094464E1,-9.715818763E-1,-2.617691755E-1,-4.887478352E0
5.447881818E1,-7.581726313E-1,-2.119494677E-1,-4.720342636E0
5.448678327E1,-5.534017682E-1,-8.647799492E-2,-4.058872700E0
5.449471784E1,-5.407402515E-1,9.470558167E-2,-3.510444164E0
5.450271344E1,-3.007113934E-1,1.129394770E-1,-2.806239605E0
5.451067853E1,1.188895106E-2,2.025406361E-1,-2.213363171E0
5.451858258E1,2.790039182E-1,2.855067253E-1,-2.021225929E0
5.452654767E1,5.750163794E-1,2.497557402E-1,-2.329519749E0
5.453448224E1,6.885802746E-1,2.037587166E-1,-2.858702660E0
5.454247785E1,5.174625516E-1,3.095679283E-1,-3.518171787E0
5.455038190E1,4.300989509E-1,4.196264744E-1,-4.129251957E0
5.455828595E1,3.997355402E-1,4.307997227E-1,-4.109267235E0
5.456619000E1,2.316409349E-1,5.243970156E-1,-3.473415375E0
5.457409406E1,1.343509555E-1,4.998561144E-1,-2.452167511E0
5.458208966E1,6.625810266E-2,5.083498955E-1,-1.394066811E0
5.458999372E1,-3.546506166E-2,5.913587809E-1,7.723522186E-2
5.459792828E1,2.248048782E-3,7.091382742E-1,1.921531677E0
5.460583234E1,1.163527071E-1,9.288429022E-1,3.610768318E0
5.461376691E1,2.343839407E-1,1.007491469E0,4.610565186E0
5.462176251E1,2.609700561E-1,1.104607105E0,4.974144936E0
5.462969708E1,1.694974899E-1,1.091823697E0,4.637209892E0
5.463763165E1,1.252782345E-1,1.191123843E0,3.985340118E0
5.464556622E1,-8.049488068E-2,1.069175482E0,3.425856590E0
5.465347028E1,-1.627905965E-1,8.838872910E-1,2.931095123E0
5.466143536E1,-1.717908382E-1,6.170284748E-1,2.872655869E0
5.466933942E1,-2.791265845E-1,2.846186161E-1,3.226362228E0
5.467724347E1,-2.499197721E-1,3.241908550E-1,3.832071304E0
5.468514752E1,-3.118567467E-1,2.552890778E-1,4.156368256E0
5.469308209E1,-2.558280230E-1,4.864952564E-1,4.360634804E0
5.470110822E1,-4.093104005E-1,3.210763931E-1,4.187096596E0
5.470901227E1,-2.426213026E-1,4.158349037E-1,3.847084999E0
5.471694684E1,-3.184267879E-1,-3.022400141E-1,3.369674683E0
5.472485089E1,-2.799688578E-1,-7.578055859E-1,2.709906578E0
5.473275494E1,-4.683367610E-1,-1.314824820E0,2.505438805E0
5.474072003E1,-9.449253082E-1,-1.807836294E0,3.283820152E0
5.474862409E1,-1.253791690E0,-2.161895037E0,4.341313362E0
5.475652814E1,-1.266356945E0,-2.288875580E0,4.891324997E0
5.476446271E1,-1.232467413E0,-2.255527020E0,5.026065826E0
5.477239728E1,-1.181070805E0,-2.016035795E0,4.541782379E0
5.478039289E1,-1.249091387E0,-1.783475637E0,3.392117500E0
5.478829694E1,-1.267559767E0,-1.566537619E0,1.851984978E0
5.479620099E1,-1.267382860E0,-1.303627133E0,-2.502717972E-1
5.480407453E1,-1.425922513E0,-1.080101132E0,-2.047112942E0
5.481200910E1,-1.641993046E0,-8.912812471E-1,-3.144565582E0
5.481997418E1,-1.691784382E0,-7.958235741E-1,-3.453707218E0
5.482784772E1,-1.548340797E0,-8.399150372E-1,-3.057320118E0
5.483575177E1,-1.416752577E0,-8.333716393E-1,-2.011344433E0
5.484368634E1,-1.363251925E0,-8.322665691E-1,-1.101974487E0
5.485159039E1,-1.080406427E0,-9.082125425E-1,-5.659189224E-1
5.485955548E1,-7.945294380E-1,-9.537611008E-1,-2.849760056E-1
5.486749005E1,-5.306515694E-1,-9.811671972E-1,-1.488437653E-1
5.487539411E1,-2.375136018E-1,-9.590445757E-1,-7.182216644E-2
5.488332868E1,-1.183992624E-2,-8.064985275E-1,-2.017583847E-1
5.489123273E1,2.665076852E-1,-7.239053249E-1,-3.731107712E-1
5.489922833E1,3.745455742E-1,-6.394103765E-1,-6.212043762E-1
5.490719342E1,3.470520377E-1,-5.047042370E-1,-1.051657677E0
5.491506696E1,3.432976604E-1,-4.403915405E-1,-1.822432518E0
5.492297101E1,2.398257256E-1,-3.829281330E-1,-2.643725395E0
5.493087506E1,1.027474403E-1,-3.547730446E-1,-3.244082928E0
5.493890119E1,-1.485347748E-2,-4.306449890E-1,-3.760522366E0
5.494680524E1,-2.591443062E-1,-4.840780497E-1,-4.026032448E0
5.495470929E1,-4.075771570E-1,-6.075763702E-1,-4.107830524E0
5.496261334E1,-4.842993021E-1,-7.264667749E-1,-3.931908607E0
5.497051740E1,-5.293018818E-1,-7.096797228E-1,-3.612830162E0
5.497848248E1,-3.959532380E-1,-7.356015444E-1,-3.444630623E0
5.498644757E1,-8.394652605E-2,-7.950565815E-1,-3.452906609E0
5.499435162E1,1.107600331E-1,-7.649713755E-1,-3.541564941E0
5.500228620E1,3.106184006E-1,-7.082630396E-1,-3.614709854E0
5.501019025E1,4.706363380E-1,-5.759227276E-1,-3.645825863E0
5.501815534E1,5.163350105E-1,-4.160217047E-1,-3.664129734E0
5.502605939E1,5.734106302E-1,-2.442587614E-1,-3.545389175E0
5.503396344E1,5.322409868E-1,4.263544083E-2,-3.311267853E0
5.504186749E1,4.312160611E-1,2.308578491E-1,-3.029142857E0
5.504977155E1,3.931215703E-1,3.040668964E-1,-2.861870289E0
5.505773664E1,2.718357742E-1,3.848652840E-1,-2.608380318E0
5.506564069E1,1.574468613E-1,4.360666275E-1,-1.986382484E0
5.507351422E1,1.532816887E-2,4.277939796E-1,-1.245198250E0
5.508147931E1,4.490699619E-2,5.836687088E-1,-2.912063599E-1
5.508941388E1,2.748551071E-1,7.262144089E-1,7.104568481E-1
5.509740949E1,5.108556747E-1,9.111440182E-1,1.824342728E0
5.510531354E1,6.085751057E-1,1.040653706E0,2.507510185E0
5.511318707E1,8.063256145E-1,1.154852390E0,2.945014000E0
5.512109113E1,9.921506643E-1,1.098501444E0,3.295330048E0
5.512902570E1,1.018143058E0,1.044342279E0,3.512426376E0
5.513699078E1,8.668670654E-1,1.037501812E0,3.613730431E0
5.514492536E1,5.898702145E-1,9.630815983E-1,3.132179260E0
5.515282941E1,3.014573455E-1,7.899980545E-1,2.450307846E0
5.516079450E1,1.034281999E-1,6.570043564E-1,2.155961037E0
5.516869855E1,-5.276229978E-2,6.008024216E-1,2.300998688E0
5.517666364E1,-1.246960908E-1,6.823968887E-1,2.657654762E0
5.518453717E1,-3.454595804E-2,8.858959675E-1,2.866503716E0
5.519244122E1,2.676549256E-1,1.253012657E0,2.933276176E0
5.520037580E1,5.022299290E-1,1.816130638E0,2.853443146E0
5.520827985E1,6.859247684E-1,1.880327702E0,2.713177681E0
5.521624494E1,9.986957312E-1,1.717836380E0,2.206782341E0
5.522414899E1,1.165148497E0,1.249236584E0,1.624068260E0
5.523205304E1,1.340442777E0,3.098604679E-1,1.471262932E0
5.523995709E1,1.349242449E0,-9.128973484E-1,2.118254662E0
5.524786115E1,1.087948442E0,-1.859027863E0,3.237915039E0
5.525585675E1,5.120658278E-1,-2.438175201E0,4.855752945E0
5.526379132E1,1.146845818E-1,-2.528609037E0,5.934083939E0
5.527172589E1,-1.462639570E-1,-2.383762360E0,5.735998154E0
5.527962994E1,-1.931768209E-1,-1.993288517E0,4.720124245E0
5.528753400E1,-1.312883496E-1,-1.623319149E0,2.791128159E0
5.529549909E1,-3.176215291E-2,-1.109354019E0,5.957479477E-1
5.530340314E1,-6.874847412E-2,-7.481235266E-1,-1.308147430E0
5.531130719E1,3.579035401E-2,-4.075474739E-1,-2.974976063E0
5.531924176E1,1.669273376E-1,-1.985042095E-1,-3.332953453E0
5.532717633E1,5.953326225E-1,-2.524929047E-1,-2.665616989E0
5.533517194E1,7.176417708E-1,-3.009650707E-1,-1.709783554E0
5.534307599E1,6.832309961E-1,-4.234805107E-1,-2.664890289E-1
5.535098004E1,4.911811948E-1,-5.577065945E-1,8.640375137E-1
5.535891461E1,3.324713409E-1,-7.383708954E-1,1.037455559E0
5.536678815E1,2.332894504E-1,-1.024478793E0,5.801792145E-1
5.537478375E1,-4.710987210E-2,-1.213105679E0,-1.090164185E-1
5.538274884E1,-3.990787566E-1,-1.274038672E0,-7.140760422E-1
5.539065289E1,-5.949471593E-1,-1.262011290E0,-9.347877502E-1
5.539855695E1,-7.132519484E-1,-1.194488645E0,-1.112998962E0
5.540646100E1,-7.324855924E-1,-1.038380146E0,-1.433908463E0
5.541439557E1,-8.213720322E-1,-8.831593990E-1,-1.949986935E0
5.542233014E1,-8.724673986E-1,-7.737289667E-1,-2.486171722E0
5.543023419E1,-1.013063312E0,-6.211845875E-1,-3.093203545E0
5.543813825E1,-1.093137980E0,-4.742350578E-1,-3.608557224E0
5.544604230E1,-1.115356207E0,-3.167972565E-1,-4.068415165E0
5.545400739E1,-1.018482804E0,-1.813019514E-1,-4.399198532E0
5.546188092E1,-8.406280875E-1,6.951022148E-2,-4.153815269E0
5.546978498E1,-6.297229528E-1,2.832595110E-1,-3.308944225E0
5.547771955E1,-3.392025232E-1,3.136968613E-1,-2.414310932E0
5.548562360E1,4.304189235E-2,3.758403063E-1,-1.576673508E0
5.549358869E1,3.958197534E-1,4.646023512E-1,-1.213663101E0
5.550152326E1,6.257676482E-1,4.809471369E-1,-1.485574722E0
5.550942731E1,8.388363123E-1,4.199111462E-1,-2.205633163E0
5.551736188E1,8.888393641E-1,4.668865204E-1,-2.610268116E0
5.552529645E1,7.938621044E-1,5.284211636E-1,-2.712777615E0
5.553329206E1,7.920173407E-1,5.422344208E-1,-2.685990810E0
5.554122662E1,6.539321542E-1,6.242064238E-1,-2.563621044E0
5.554910016E1,3.333001435E-1,5.700994730E-1,-2.307691574E0
5.555697370E1,-6.600545347E-2,4.734596014E-1,-1.861250401E0
5.556490827E1,-5.588592291E-1,3.560227156E-1,-1.166874886E0
5.557287335E1,-9.637393355E-1,2.378183603E-1,9.131526947E-2
5.558077741E1,-1.278537154E0,9.262251854E-2,1.611696243E0
5.558865094E1,-1.395914197E0,1.470160484E-2,2.799396515E0
5.559655499E1,-1.265332222E0,6.473743916E-2,4.114938736E0
5.560448956E1,-1.232343316E0,1.937053204E-1,5.250776291E0
5.561245465E1,-1.052775502E0,2.532336712E-1,5.462833405E0
5.562038922E1,-9.182535410E-1,2.357623577E-1,5.085404396E0
5.562826276E1,-1.020430923E0,2.625533342E-1,4.268121719E0
5.563619733E1,-1.118163824E0,2.534904480E-1,3.106008530E0
5.564410138E1,-1.099012494E0,1.737952232E-1,1.981103897E0
5.565206647E1,-1.208778143E0,5.436849594E-2,1.106827736E0
5.565997052E1,-1.409582853E0,-1.201212406E-1,1.017880440E0
5.566785607E1,-1.547989130E0,-1.941249371E-1,1.791303635E0
5.567579064E1,-1.560821891E0,-2.186517715E-1,2.396715164E0
5.568369470E1,-1.329476118E0,-1.747064590E-1,2.703712463E0
5.569169030E1,-1.218182445E0,-1.928091049E-2,2.749007225E0
5.569962487E1,-1.034013152E0,-1.480605602E-1,2.583782196E0
5.570755944E1,-9.179503918E-1,-3.557533026E-1,2.242422104E0
5.571552453E1,-8.347383142E-1,-7.384736538E-1,1.600372314E0
5.572342858E1,-7.948032022E-1,-1.078759432E0,1.152605057E0
5.573136315E1,-8.131662011E-1,-1.399350047E0,1.273248672E0
5.573932824E1,-7.786400914E-1,-1.718904018E0,1.942176819E0
5.574720178E1,-6.645770669E-1,-1.816586494E0,3.139942169E0
5.575513635E1,-6.041093469E-1,-1.711303711E0,3.804517746E0
5.576304040E1,-5.636475682E-1,-1.512755156E0,3.486053467E0
5.577103601E1,-6.273604035E-1,-1.249698162E0,2.315242767E0
5.577897058E1,-8.880035281E-1,-9.557203054E-1,7.221374512E-1
5.578690515E1,-9.758498669E-1,-6.699608564E-1,-9.332809448E-1
5.579480920E1,-9.551168680E-1,-4.651266336E-1,-2.048680782E0
5.580271325E1,-1.018841267E0,-2.451112270E-1,-2.944549561E0
5.581067834E1,-9.963527918E-1,-1.659436226E-1,-3.318201065E0
5.581861291E1,-9.074804187E-1,-1.692597866E-1,-3.234434605E0
5.582654748E1,-7.973918915E-1,-2.837624550E-1,-2.747987270E0
5.583442102E1,-7.874507904E-1,-3.712081909E-1,-1.743170738E0
5.584235558E1,-6.101105213E-1,-4.892309904E-1,-7.751083374E-1
5.585032067E1,-5.633896589E-1,-5.896310806E-1,-7.149505615E-2
5.585822473E1,-4.731151760E-1,-6.900613308E-1,3.686008453E-1
5.586609826E1,-4.794835746E-1,-7.362632751E-1,6.297740936E-1
5.587397180E1,-5.655391216E-1,-7.224460840E-1,6.784219742E-1
5.588190637E1,-6.342890859E-1,-6.715079546E-1,5.439119339E-1
5.588987146E1,-7.299783230E-1,-5.880415440E-1,2.750673294E-1
5.589777551E1,-8.569926620E-1,-5.337078571E-1,-2.265110016E-1
5.590564904E1,-9.369058609E-1,-4.999351501E-1,-8.212919235E-1
5.591355310E1,-1.088572741E0,-5.089843273E-1,-1.677456856E0
5.592145715E1,-1.200834751E0,-4.388511181E-1,-2.489406109E0
5.592942224E1,-1.245129347E0,-3.996220827E-1,-3.111620903E0
5.593738732E1,-1.220989347E0,-3.600693941E-1,-3.350795746E0
5.594532189E1,-1.184759021E0,-3.242404461E-1,-3.499269009E0
5.595322595E1,-1.077060461E0,-3.780356646E-1,-3.583554268E0
5.596113000E1,-9.262477756E-1,-4.614335299E-1,-3.385784149E0
5.596909509E1,-6.936668754E-1,-4.385228157E-1,-2.999171257E0
5.597696862E1,-5.128844380E-1,-4.702297449E-1,-2.954602242E0
5.598490319E1,-3.410048187E-1,-5.349150896E-1,-3.141353130E0
5.599280725E1,-3.151177168E-1,-4.997348785E-1,-3.104207993E0
5.600071130E1,-2.847105861E-1,-3.923488855E-1,-3.013719082E0
5.600870690E1,-1.116102189E-1,-2.321294546E-1,-2.999076843E0
5.601661096E1,-1.410166174E-2,-7.001042366E-2,-3.105586052E0
5.602448449E1,9.825640917E-2,1.074583530E-1,-3.235432625E0
5.603238854E1,6.998732686E-2,2.220265865E-1,-3.242828846E0
5.604029260E1,5.590039492E-2,3.976366520E-1,-2.924847126E0
5.604828820E1,-1.747557521E-2,3.936796188E-1,-2.669682503E0
5.605619226E1,-6.232286990E-2,4.618279934E-1,-2.163819790E0
5.606409631E1,6.716120243E-2,5.967345238E-1,-1.359832764E0
5.607200036E1,4.179398417E-1,6.789088249E-1,-5.564470291E-1
5.607990441E1,8.108121157E-1,7.892990112E-1,2.613887787E-1
5.608790002E1,1.155206919E0,9.253287315E-1,7.789058685E-1
5.609583459E1,1.523637414E0,9.528915882E-1,9.770555496E-1
5.610373864E1,1.772030592E0,9.860694408E-1,1.038165092E0
5.611164270E1,1.877366781E0,1.020746946E0,1.129185677E0
5.611954675E1,1.795395851E0,1.094793081E0,1.285732269E0
5.612751184E1,1.606320143E0,1.091940880E0,1.277323723E0
5.613544641E1,1.453602910E0,1.225970030E0,1.440653801E0
5.614338098E1,1.486188889E0,1.221959829E0,1.834749222E0
5.615131555E1,1.554986835E0,1.232648373E0,2.147603989E0
5.615925012E1,1.645279884E0,1.196355104E0,2.423110962E0
5.616724572E1,1.746614218E0,1.131135464E0,2.536652565E0
5.617518029E1,1.851439953E0,1.126593113E0,2.768610954E0
5.618311486E1,1.952526689E0,1.242354631E0,3.200374603E0
5.619104943E1,2.018610239E0,1.491479874E0,3.408232689E0
5.619895349E1,2.053593159E0,1.593400478E0,3.496051788E0
5.620691857E1,2.160135984E0,1.295632362E0,3.449728966E0
5.621482263E1,2.301919222E0,8.480916023E-1,3.152313232E0
5.622272668E1,2.354211569E0,3.128461838E-1,2.567827225E0
5.623066125E1,2.494233131E0,-4.567909241E-1,2.504974365E0
5.623856530E1,2.395901203E0,-1.067212224E0,3.185037613E0
5.624656091E1,2.166309118E0,-1.546415806E0,4.479235649E0
5.625446496E1,1.778864384E0,-1.597143650E0,5.722784042E0
5.626233850E1,1.368117094E0,-1.524715424E0,6.261439323E0
5.627027307E1,1.289538622E0,-1.396861434E0,5.395019531E0
5.627820764E1,1.313458562E0,-1.239225388E0,4.017866135E0
5.628620324E1,1.281406045E0,-8.605806828E-1,2.147191048E0
5.629413781E1,1.340640187E0,-5.919456482E-1,2.727937698E-1
5.630204187E1,1.348439336E0,-3.263275623E-1,-1.003437042E0
5.630994592E1,1.367303133E0,-2.217472792E-1,-1.457536697E0
5.631784997E1,1.385825872E0,-1.816134453E-1,-1.382137299E0
5.632584558E1,1.525397062E0,-2.757748365E-1,-1.397484779E0
5.633378015E1,1.417451143E0,-4.544521570E-1,-1.383020401E0
5.634168420E1,1.213400602E0,-5.803580284E-1,-1.274415970E0
5.634964929E1,9.286390543E-1,-8.077514172E-1,-1.243158340E0
5.635752282E1,6.590291262E-1,-1.032402039E0,-1.209981918E0
5.636551843E1,3.120347857E-1,-1.198881388E0,-1.110353470E0
5.637348352E1,4.515928030E-2,-1.279752135E0,-1.092507362E0
5.638138757E1,-1.614350080E-1,-1.346702218E0,-1.206402779E0
5.638932214E1,-3.517140746E-1,-1.372848034E0,-1.279438019E0
5.639722619E1,-5.989580154E-1,-1.306132197E0,-1.452851295E0
5.640519128E1,-7.086331844E-1,-1.186026335E0,-1.776761532E0
5.641309533E1,-8.382954597E-1,-1.036836267E0,-2.463762760E0
5.642096887E1,-1.027085543E0,-8.700010777E-1,-3.210075855E0
5.642890344E1,-1.098784208E0,-7.603169680E-1,-3.776540279E0
5.643680749E1,-1.158235312E0,-5.974208117E-1,-4.235321999E0
5.644477258E1,-1.150332689E0,-4.850102663E-1,-4.546030521E0
5.645267663E1,-1.082773209E0,-4.196058512E-1,-4.560380459E0
5.646061120E1,-1.116717577E0,-3.565346003E-1,-4.333215237E0
5.646851525E1,-1.080738068E0,-2.346196175E-1,-3.952847004E0
5.647641931E1,-9.578715563E-1,-1.166713238E-1,-3.400038242E0
5.648438439E1,-8.688449860E-1,-1.201426983E-2,-2.866040707E0
5.649228845E1,-7.478364706E-1,1.666737795E-1,-2.738146782E0
5.650016198E1,-5.562491417E-1,2.299079895E-1,-2.905496120E0
5.650806604E1,-5.724524856E-1,3.911356926E-1,-3.045312881E0
5.651597009E1,-5.393753648E-1,6.665736437E-1,-3.253576756E0
5.652396569E1,-3.551539779E-1,8.833216429E-1,-3.279020309E0
5.653186975E1,-2.896068990E-1,1.035502791E0,-2.954638481E0
5.653977380E1,-1.079901457E-1,1.141635180E0,-2.618371010E0
5.654767785E1,-1.671982408E-1,1.093245983E0,-2.205572605E0
5.655564294E1,-3.257443309E-1,9.817063808E-1,-1.721241951E0
5.656360803E1,-5.726070404E-1,9.387900829E-1,-8.595504761E-1
5.657154260E1,-7.813525200E-1,9.029805660E-1,3.051958084E-1
5.657941613E1,-9.821543097E-1,9.148292542E-1,1.806638718E0
5.658738122E1,-1.054984212E0,8.961948156E-1,3.393696785E0
5.659528527E1,-1.198211312E0,8.712779284E-1,4.545301437E0
5.660328088E1,-1.313186765E0,9.052274227E-1,5.221568108E0
5.661118493E1,-1.390454531E0,8.132261038E-1,5.222807884E0
5.661908898E1,-1.504956961E0,7.049690485E-1,4.508153915E0
5.662696252E1,-1.627950788E0,6.681628227E-1,3.779448509E0
5.663489709E1,-1.699836016E0,5.816301107E-1,2.975425720E0
5.664286218E1,-1.719359875E0,4.835847616E-1,2.317797661E0
5.665076623E1,-1.722481370E0,4.210755825E-1,1.848238945E0
5.665863977E1,-1.627843857E0,3.505519629E-1,1.803196907E0
5.666660485E1,-1.564692259E0,2.549073696E-1,2.337746620E0
5.667453942E1,-1.628021240E0,2.071726322E-1,2.843451500E0
5.668250451E1,-1.582464457E0,5.066471100E-1,3.147031784E0
5.669043908E1,-1.811578035E0,4.253937006E-1,3.407038689E0
5.669831262E1,-1.918642998E0,2.127871513E-1,3.671824455E0
5.670627771E1,-2.017080545E0,-1.887714863E-2,3.539741516E0
5.671418176E1,-2.175373793E0,-3.302067518E-1,3.016319275E0
5.672214685E1,-2.230778694E0,-7.267047167E-1,2.287905693E0
5.673005090E1,-2.331331015E0,-1.182995796E0,2.086261749E0
5.673792443E1,-2.324078560E0,-1.485012770E0,2.366946220E0
5.674579797E1,-2.129483700E0,-1.649657726E0,2.904836655E0
5.675370202E1,-1.827669859E0,-1.674512386E0,3.161672592E0
5.676169763E1,-1.557136297E0,-1.593652606E0,3.200267792E0
5.676960168E1,-1.465907097E0,-1.340586782E0,3.026219368E0
5.677750573E1,-1.461210728E0,-1.037321806E0,2.446125031E0
5.678540979E1,-1.481828928E0,-8.280800581E-1,1.405562401E0
5.679331384E1,-1.570292473E0,-6.418795586E-1,4.329099655E-1
5.680130944E1,-1.732360959E0,-4.852142334E-1,-6.113138199E-1
5.680921350E1,-1.845726013E0,-4.070912600E-1,-1.447760582E0
5.681711755E1,-1.994147062E0,-3.878523111E-1,-1.715565681E0
5.682502160E1,-2.002310514E0,-4.581454992E-1,-1.552330017E0
5.683292565E1,-1.904980779E0,-5.493379831E-1,-1.146923065E0
5.684086022E1,-1.662367582E0,-6.750873327E-1,-7.474994659E-1
5.684882531E1,-1.320938230E0,-7.469354868E-1,-7.054605484E-1
5.685669885E1,-1.057466745E0,-7.754333019E-1,-8.429355621E-1
5.686466394E1,-8.266462088E-1,-7.728416920E-1,-1.004271507E0
5.687256799E1,-6.065614223E-1,-7.660397291E-1,-1.079274178E0
5.688053308E1,-4.633489251E-1,-7.037744522E-1,-1.230461121E0
5.688846765E1,-3.143303692E-1,-6.473618746E-1,-1.512628555E0
5.689634118E1,-2.876426280E-1,-5.525094271E-1,-1.903548717E0
5.690430627E1,-3.600253761E-1,-4.732316732E-1,-2.451293945E0
5.691224084E1,-4.522944689E-1,-4.035267830E-1,-2.944953442E0
5.692023644E1,-5.877611637E-1,-3.599630594E-1,-3.600482464E0
5.692810998E1,-7.061464190E-1,-3.217015266E-1,-4.212291718E0
5.693601403E1,-8.406001329E-1,-3.520025015E-1,-4.610649109E0
5.694404016E1,-9.676749706E-1,-4.221343994E-1,-4.846271992E0
5.695197473E1,-1.002393246E0,-4.766465425E-1,-4.900060654E0
5.695997033E1,-9.517183304E-1,-5.887997150E-1,-4.760218620E0
5.696787438E1,-7.864963412E-1,-5.966836214E-1,-4.515169144E0
5.697574792E1,-6.219432354E-1,-5.276310444E-1,-4.174357891E0
5.698365197E1,-2.958955765E-1,-4.938131571E-1,-3.945698261E0
5.699155602E1,2.600920200E-2,-3.845751286E-1,-3.685183048E0
5.699955163E1,9.777346253E-2,-9.004616737E-2,-3.681944370E0
5.700745568E1,1.224612296E-1,1.086035967E-1,-3.940879345E0
5.701532922E1,1.510486603E-1,2.778677940E-1,-4.222781181E0
5.702323327E1,2.085061967E-1,4.520611763E-1,-4.085188389E0
5.703113732E1,2.108675241E-2,6.432837248E-1,-3.763340950E0
5.703910241E1,-4.044595063E-1,6.918916702E-1,-3.264657497E0
5.704703698E1,-6.388890147E-1,7.100722790E-1,-2.604106903E0
5.705494104E1,-7.292642593E-1,6.935586929E-1,-1.674154758E0
5.706284509E1,-9.106014967E-1,7.175250053E-1,-1.948843002E-1
5.707074914E1,-7.201276422E-1,7.351028919E-1,1.213514328E0
5.707871423E1,-3.369293511E-1,8.405641317E-1,2.702814102E0
5.708664880E1,-7.744187117E-2,8.923383951E-1,3.921455383E0
5.709458337E1,2.349035144E-1,9.204561710E-1,4.863221169E0
5.710248742E1,3.796116114E-1,1.025047541E0,4.961426735E0
5.711039147E1,4.276375771E-1,1.112970591E0,4.482957840E0
5.711835656E1,3.467677236E-1,1.144253731E0,3.482162476E0
5.712626062E1,2.536016703E-1,1.207249284E0,2.686106682E0
5.713416467E1,2.055466175E-1,1.223415136E0,2.165857315E0
5.714209924E1,1.752681732E-1,1.146784306E0,1.659684181E0
5.715003381E1,1.948459148E-1,1.113802433E0,1.219907761E0
5.715802941E1,2.034816742E-1,1.057343483E0,1.235658646E0
5.716590295E1,4.580410719E-1,1.056074142E0,1.826656342E0
5.717380700E1,6.051518917E-1,1.321794510E0,2.604559898E0
5.718174157E1,7.847487926E-1,1.526210546E0,3.563449860E0
5.718964562E1,1.291522503E0,1.295204043E0,4.347454071E0
5.719761071E1,1.703804970E0,1.041569471E0,4.767409325E0
5.720551477E1,1.660352111E0,6.625516415E-1,5.182022095E0
5.721338830E1,1.441660047E0,1.123654842E-2,5.222201347E0
5.722132287E1,1.195848703E0,-6.202812195E-1,5.208512306E0
5.722922692E1,8.109351397E-1,-1.211740732E0,5.268465996E0
5.723716149E1,4.136290550E-1,-1.543150783E0,5.199369431E0
5.724512658E1,8.294165134E-2,-1.583992004E0,4.851696014E0
5.725300012E1,-7.183277607E-2,-1.512602091E0,3.988662720E0
5.726090417E1,-3.569626808E-2,-1.365610003E0,2.395213127E0
5.726883874E1,1.605743170E-1,-1.159952998E0,4.480981827E-1
5.727683435E1,2.092220783E-1,-9.964743853E-1,-1.267904282E0
5.728476892E1,2.799388170E-1,-9.280728102E-1,-2.381036758E0
5.729267297E1,3.522803783E-1,-8.159524202E-1,-3.193914413E0
5.730063806E1,3.904852867E-1,-7.510665655E-1,-3.049046040E0
5.730857263E1,5.544071198E-1,-7.104399204E-1,-2.116542339E0
5.731650720E1,6.904911995E-1,-8.205729723E-1,-1.150655746E0
5.732441125E1,5.910265446E-1,-9.452732801E-1,-2.495021820E-1
5.733228479E1,6.278533936E-1,-1.151244402E0,1.231451035E-1
5.734024987E1,6.316438913E-1,-1.334260702E0,1.169977188E-1
5.734812341E1,4.581187963E-1,-1.488829136E0,-6.282234192E-2
5.735611901E1,9.045016766E-2,-1.455536962E0,-3.200845718E-1
5.736408410E1,-2.600161433E-1,-1.444199324E0,-6.302957535E-1
5.737195764E1,-4.503184557E-1,-1.364856124E0,-8.040122986E-1
5.737992272E1,-5.439431667E-1,-1.216284513E0,-1.188018799E0
5.738782678E1,-5.956716537E-1,-9.448795319E-1,-1.784466743E0
5.739576135E1,-6.621748209E-1,-6.891403198E-1,-2.485331535E0
5.740372644E1,-7.450302243E-1,-4.514460564E-1,-3.053884506E0
5.741159997E1,-8.090963960E-1,-2.592771053E-1,-3.909257412E0
5.741950402E1,-6.461065412E-1,-1.408585310E-1,-4.701773167E0
5.742740808E1,-5.128544569E-1,-4.450762272E-2,-5.096875191E0
5.743537316E1,-3.271085620E-1,5.333101749E-2,-5.140275478E0
5.744330773E1,-2.214565873E-1,1.911957264E-1,-4.571201801E0
5.745121179E1,-1.537920833E-1,3.498129845E-1,-3.377188683E0
5.745917687E1,2.309381962E-2,5.720542669E-1,-1.931232452E0
5.746708093E1,-6.106060743E-2,7.441847324E-1,-7.668819427E-1
5.747510705E1,-1.165510416E-1,7.753759623E-1,-6.661663055E-1
5.748301110E1,-1.049715281E-1,8.447184563E-1,-1.438622475E0
5.749094567E1,-1.765857935E-1,8.772853613E-1,-2.096833706E0
5.749888024E1,-2.440118790E-1,1.046391845E0,-2.490839005E0
5.750678430E1,-2.455193698E-1,1.177063227E0,-2.723796368E0
5.751474938E1,-2.291808128E-1,1.288454771E0,-3.001640320E0
5.752265344E1,-1.837438345E-1,1.437601209E0,-3.018174171E0
5.753052697E1,-1.321986616E-1,1.503305078E0,-2.671033859E0
5.753849206E1,-2.060018927E-1,1.459432125E0,-1.965052605E0
5.754639611E1,-3.585074246E-1,1.389351130E0,-1.350228310E0
5.755433068E1,-5.013787746E-1,1.261232257E0,-4.242153168E-1
5.756229577E1,-7.304960489E-1,1.194943309E0,6.477508545E-1
5.757019982E1,-7.400164604E-1,1.163936973E0,1.623891830E0
5.757810388E1,-6.358696222E-1,1.101089001E0,2.574077606E0
5.758603845E1,-4.412357211E-1,9.088352919E-1,3.141877174E0
5.759400354E1,-2.181435078E-1,7.399883270E-1,3.239232063E0
5.760193810E1,-3.681148887E-1,6.101167202E-1,3.155652046E0
5.760984216E1,-5.401049852E-1,4.648019075E-1,3.359400749E0
5.761777673E1,-5.167785883E-1,3.844993114E-1,3.481442451E0
5.762568078E1,-3.914947510E-1,2.156147957E-1,3.708535194E0
5.763364587E1,-2.652720511E-1,1.116623878E-1,3.724525452E0
5.764154992E1,-2.935488224E-1,-6.077933311E-2,3.572853088E0
5.764942346E1,-4.340609312E-1,-1.316208839E-1,3.253518105E0
5.765738854E1,-6.807732582E-1,-7.611894608E-2,2.917230606E0
5.766532312E1,-9.118613005E-1,7.267367840E-2,2.551918983E0
5.767331872E1,-1.150811911E0,2.988975048E-1,2.315441132E0
5.768128381E1,-1.422577500E0,1.280354261E-1,2.032690048E0
5.768927941E1,-1.441234827E0,7.399713993E-2,1.972451210E0
5.769715295E1,-1.772547007E0,-2.708237171E-1,1.627258301E0
5.770511804E1,-1.636905432E0,-5.364016294E-1,1.358572006E0
5.771311364E1,-1.537766933E0,-8.544781208E-1,1.510448456E0
5.772101770E1,-1.590308428E0,-1.030204296E0,2.172213554E0
5.772892175E1,-1.407650709E0,-1.204028726E0,3.133535385E0
5.773685632E1,-1.178581953E0,-1.263749361E0,3.999966621E0
5.774476037E1,-1.029958010E0,-1.250791430E0,4.183830261E0
5.775275598E1,-1.000364780E0,-1.175762415E0,3.622152328E0
5.776066003E1,-1.110546589E0,-1.080151558E0,2.239193916E0
5.776853356E1,-1.214399576E0,-9.066476822E-1,4.857511520E-1
5.777640710E1,-1.205383539E0,-6.520948410E-1,-8.713645935E-1
5.778434167E1,-1.147976637E0,-4.326908588E-1,-1.943557262E0
5.779227624E1,-1.129850626E0,-3.150467873E-1,-2.473963737E0
5.780021081E1,-1.202604175E0,-2.605179548E-1,-2.587331772E0
5.780811486E1,-1.148429513E0,-3.506121635E-1,-2.505108833E0
5.781604943E1,-1.021121502E0,-5.169287920E-1,-2.273733139E0
5.782395349E1,-9.855940342E-1,-5.715899467E-1,-1.816243649E0
5.783194909E1,-8.674995899E-1,-6.360448599E-1,-1.443836212E0
5.783985314E1,-7.820017338E-1,-6.131515503E-1,-1.055141449E0
5.784778771E1,-7.072587609E-1,-5.361874104E-1,-8.101177216E-1
5.785569177E1,-4.726797640E-1,-5.655863285E-1,-8.232860565E-1
5.786359582E1,-3.354675770E-1,-5.834736824E-1,-9.817609787E-1
5.787156091E1,-2.566763759E-1,-5.501470566E-1,-1.184826851E0
5.787946496E1,-2.609942555E-1,-5.318551064E-1,-1.632952690E0
5.788733850E1,-2.750113606E-1,-4.820673466E-1,-2.084547043E0
5.789524255E1,-3.962275386E-1,-3.885327578E-1,-2.481846333E0
5.790314660E1,-4.584481716E-1,-2.846518755E-1,-3.110250950E0
5.791120324E1,-4.600951672E-1,-2.053754330E-1,-3.787996769E0
5.791913781E1,-3.813589215E-1,-1.632876396E-1,-4.194572449E0
5.792701135E1,-3.589016795E-1,-8.784401417E-2,-4.253935337E0
5.793488488E1,-1.571987122E-1,-4.537308216E-2,-4.069145203E0
5.794278894E1,8.105953783E-2,9.432911873E-3,-3.565931797E0
5.795078454E1,1.630786806E-1,1.780612469E-1,-2.925993919E0
5.795871911E1,1.212964803E-1,3.454416990E-1,-2.287766933E0
5.796662316E1,2.026423514E-1,4.822559357E-1,-2.325520515E0
5.797449670E1,2.087164819E-1,6.020027399E-1,-2.553427219E0
5.798243127E1,1.057132334E-1,6.305330992E-1,-2.760779858E0
5.799039636E1,6.425859034E-2,8.201683760E-1,-2.962465286E0
5.799833093E1,-1.394934952E-2,9.526807070E-1,-3.106139183E0
5.800620446E1,-3.150716424E-3,1.096140027E0,-3.000904083E0
5.801416955E1,2.102264762E-2,1.005828977E0,-2.750058174E0
5.802207360E1,4.331424832E-2,9.284043312E-1,-2.334473610E0
5.803003869E1,-1.487421542E-1,8.664358854E-1,-1.651744843E0
5.803794274E1,-2.661143541E-1,7.765430212E-1,-9.364776611E-1
5.804587731E1,-1.959190518E-1,6.124292612E-1,-5.679321289E-2
5.805378137E1,-3.190811574E-1,4.880897999E-1,8.415384293E-1
5.806168542E1,-3.947948813E-1,5.136651993E-1,1.608113289E0
5.806968102E1,-3.543582261E-1,6.514120102E-1,2.504314423E0
5.807758508E1,-2.075602710E-1,7.568659782E-1,2.987340927E0
5.808545861E1,-8.188471198E-2,8.266063929E-1,2.932726860E0
5.809333215E1,1.723498106E-2,8.649722338E-1,2.324545860E0
5.810123620E1,5.362349749E-2,8.537101746E-1,1.583208084E0
5.810923181E1,5.482918024E-2,9.772431850E-1,1.160304070E0
5.811719689E1,1.101461649E-1,9.682676792E-1,1.248670578E0
5.812507043E1,1.836220026E-1,1.013603926E0,1.577370644E0
5.813297448E1,3.938704729E-1,9.532935619E-1,2.347499847E0
5.814087854E1,7.328308821E-1,8.732738495E-1,3.369565964E0
5.814884362E1,1.142273307E0,8.530051708E-1,4.199424744E0
5.815677819E1,1.567901015E0,8.561933041E-1,4.691867828E0
5.816468225E1,2.296966553E0,1.208545446E0,4.639617920E0
5.817264733E1,2.579270840E0,1.979444504E0,4.183942795E0
5.818055139E1,2.533469915E0,2.113346100E0,3.724940300E0
5.818854699E1,2.686094761E0,1.829091549E0,2.984172821E0
5.819645104E1,2.355848551E0,1.343969345E0,2.262566566E0
5.820435510E1,1.734126568E0,7.168550491E-1,1.870306969E0
5.821228967E1,9.831115007E-1,-3.886222839E-3,1.529059410E0
5.822022424E1,2.696555853E-1,-6.415545940E-1,1.626017570E0
5.822821984E1,-3.752216101E-1,-1.198065758E0,2.825507164E0
5.823615441E1,-6.260586977E-1,-1.465714693E0,3.992045403E0
5.824405847E1,-7.983239889E-1,-1.583589077E0,4.373602867E0
5.825202355E1,-7.080892920E-1,-1.603334427E0,3.573109627E0
5.825995812E1,-6.556568742E-1,-1.524812818E0,1.954349518E0
5.826795373E1,-5.589451790E-1,-1.401917696E0,3.029356003E-1
5.827585778E1,-2.147353888E-1,-1.206141710E0,-1.297244072E0
5.828376184E1,4.428648949E-2,-1.091426969E0,-2.151522160E0
5.829166589E1,2.061937451E-1,-1.017601967E0,-2.474786758E0
5.829956994E1,2.843553424E-1,-1.041057348E0,-2.520151615E0
5.830756555E1,4.361417890E-1,-1.170446515E0,-2.083244324E0
5.831550012E1,3.945928216E-1,-1.371919513E0,-1.343116760E0
5.832340417E1,2.386527658E-1,-1.564141631E0,-7.389774323E-1
5.833133874E1,7.234722376E-2,-1.700429797E0,-1.948299408E-1
5.833924279E1,-2.190274596E-1,-1.827470064E0,4.059267044E-1
5.834720788E1,-4.981849492E-1,-1.966355681E0,8.844804764E-1
5.835511193E1,-8.022866845E-1,-1.957649469E0,1.036265373E0
5.836301599E1,-9.007704258E-1,-1.907117486E0,7.224550247E-1
5.837092004E1,-9.519270658E-1,-1.734770536E0,6.266403198E-2
5.837885461E1,-9.874346256E-1,-1.526543260E0,-7.776565552E-1
5.838678918E1,-1.000352383E0,-1.293944597E0,-1.581910133E0
5.839469323E1,-9.379244447E-1,-9.842737913E-1,-2.608379841E0
5.840259729E1,-8.211426139E-1,-7.146738768E-1,-3.478878021E0
5.841050134E1,-6.466373205E-1,-5.290727615E-1,-4.038098335E0
5.841837487E1,-5.608511567E-1,-3.543798923E-1,-4.578288555E0
5.842637048E1,-4.932514429E-1,-7.981622219E-2,-5.223909378E0
5.843430505E1,-4.670604169E-1,6.922209263E-2,-5.792985439E0
5.844223962E1,-5.314183235E-1,1.380357742E-1,-5.926694870E0
5.845014367E1,-5.515995622E-1,3.820341825E-1,-5.218375206E0
5.845804772E1,-5.573024750E-1,5.998035669E-1,-3.534000874E0
5.846601281E1,-4.752040207E-1,7.512115240E-1,-2.070230484E0
5.847391687E1,-3.506872654E-1,8.523842096E-1,-1.268685341E0
5.848179040E1,-1.769152284E-1,9.205951691E-1,-1.509159088E0
5.848969445E1,-1.959071755E-1,9.343692064E-1,-2.163766384E0
5.849762902E1,-3.881232142E-1,8.659657240E-1,-2.869512081E0
5.850559411E1,-4.151915312E-1,8.906946182E-1,-3.356385231E0
5.851352868E1,-4.715048075E-1,8.628158569E-1,-3.151248455E0
5.852143273E1,-4.774210453E-1,9.355602264E-1,-2.415429115E0
5.852930627E1,-6.077163219E-1,9.051897526E-1,-1.529633522E0
5.853724084E1,-6.408930421E-1,8.568468094E-1,-8.098258972E-1
5.854520593E1,-5.943918228E-1,8.945360184E-1,-2.220849991E-1
5.855310998E1,-5.094265938E-1,8.691246510E-1,3.246002197E-1
5.856098352E1,-5.364539027E-1,8.629007339E-1,1.031596184E0
5.856885705E1,-5.607427955E-1,9.607084990E-1,1.604677200E0
5.857679162E1,-5.180151463E-1,9.626538754E-1,2.527606010E0
5.858475671E1,-5.409396887E-1,1.023963213E0,3.367181778E0
5.859263024E1,-6.867173910E-1,1.046337843E0,3.743113518E0
5.860053430E1,-9.445579648E-1,1.006808996E0,3.514863014E0
5.860849938E1,-1.067444682E0,9.569622278E-1,3.124975204E0
5.861640344E1,-1.134067655E0,9.168658257E-1,2.812452316E0
5.862439904E1,-1.108131886E0,8.942538500E-1,2.767926216E0
5.863233361E1,-9.618852139E-1,8.597466946E-1,2.835362434E0
5.864023766E1,-8.399000168E-1,6.744626760E-1,2.987901688E0
5.864820275E1,-7.815992832E-1,6.063623428E-1,3.142097473E0
5.865613732E1,-7.398689389E-1,5.753556490E-1,3.480050087E0
5.866413293E1,-7.922397256E-1,8.109858036E-1,3.680966377E0
5.867203698E1,-1.102556825E0,9.584801197E-1,3.711833000E0
5.867994104E1,-1.366390705E0,6.377152205E-1,3.455686569E0
5.868787560E1,-1.674796581E0,3.009052277E-1,3.054339409E0
5.869577966E1,-1.897136688E0,-2.804470062E-2,2.476737976E0
5.870371423E1,-2.113253117E0,-5.534921885E-1,1.787250519E0
5.871161828E1,-2.168854952E0,-9.774742723E-1,1.810206413E0
5.871955285E1,-2.457918644E0,-1.387774706E0,2.872421265E0
5.872751794E1,-2.503580570E0,-1.382197022E0,4.386214256E0
5.873545251E1,-2.623932362E0,-1.483071923E0,5.067902565E0
5.874344812E1,-2.515606642E0,-1.457478166E0,5.455122948E0
5.875138268E1,-2.344040632E0,-1.470415115E0,5.053576469E0
5.875928674E1,-2.126442194E0,-1.458762169E0,4.538811684E0
5.876719079E1,-1.809635639E0,-1.370621443E0,3.465671539E0
5.877509484E1,-1.495404840E0,-1.228354454E0,2.193845749E0
5.878305993E1,-3.182243824E0,-5.528489351E-1,1.660955429E0
5.879096398E1,3.289932013E-1,-2.080743551E0,-1.492633820E-1
5.879886804E1,1.690074205E0,-2.046126842E0,7.815694809E-1
5.880674157E1,-1.614640653E-1,-7.313876152E-1,-7.198858261E-1
5.881467614E1,-9.754413366E-1,-1.058795094E0,-2.246789932E-1
5.882261071E1,-8.944217563E-1,-7.181271315E-1,-7.638082504E-1
5.883054528E1,-1.914528370E0,-4.380222559E-1,-2.366865158E0
5.883844934E1,-2.441318512E0,-2.486099005E-1,-3.442693710E0
5.884641442E1,-2.618257761E0,-2.212966681E-1,-4.447643280E0
5.885434899E1,-2.477405310E0,-1.105599403E-1,-4.922801495E0
5.886234460E1,-1.663888574E0,-3.440421820E-1,-5.113556862E0
5.887024865E1,-1.525922656E0,-3.409165144E-1,-4.961774826E0
5.887815271E1,-1.359118223E0,-1.137889624E-1,-4.474406242E0
5.888605676E1,-1.233988881E0,-2.229633331E-1,-3.917135715E0
5.889399133E1,-7.240540981E-1,-2.242938280E-1,-3.819763184E0
5.890192590E1,-2.900819480E-1,-3.138004541E-1,-3.941995144E0
5.890986047E1,2.521665692E-1,-4.003068209E-1,-3.893677235E0
5.891776452E1,8.909139633E-1,-4.427056313E-1,-3.366135597E0
5.892572961E1,1.362638116E0,-4.704630375E-1,-2.813910961E0
5.893366418E1,1.676946640E0,-5.105724335E-1,-2.392088413E0
5.894159875E1,1.713189125E0,-4.756975174E-1,-2.466363907E0
5.894956384E1,1.505279541E0,-5.196678638E-1,-2.923293591E0
5.895743737E1,1.457349777E0,-4.764137268E-1,-3.505169392E0
5.896540246E1,1.318091393E0,-4.050365686E-1,-4.236447811E0
5.897333703E1,1.190794945E0,-3.486009836E-1,-4.904344559E0
5.898130212E1,1.026916981E0,-1.951271296E-1,-5.203598499E0
5.898920617E1,7.291425467E-1,1.159892082E-1,-5.161688805E0
5.899711022E1,2.745561302E-1,4.176017046E-1,-4.690122604E0
5.900504479E1,9.412488341E-2,6.646411419E-1,-3.887084961E0
5.901294885E1,-8.947387338E-2,7.679333687E-1,-2.975638390E0
5.902091394E1,-4.065367281E-1,8.836669922E-1,-1.770768642E0
5.902884851E1,-7.511624098E-1,9.415799379E-1,-7.578783035E-1
5.903675256E1,-7.575708032E-1,1.025391936E0,-2.215862274E-2
5.904471765E1,-5.559070706E-1,1.054726958E0,2.546234131E-1
5.905262170E1,-1.422121525E-1,1.089458823E0,3.788337708E-1
5.906061730E1,2.414097190E-1,1.011663914E0,3.530082703E-1
5.906849084E1,6.291857958E-1,1.092479110E0,2.436800003E-1
5.907642541E1,7.653943896E-1,1.109908700E0,2.369432449E-1
5.908439050E1,1.030239582E0,1.162146568E0,4.128417969E-1
5.909229455E1,1.241950154E0,1.031705141E0,8.017311096E-1
5.910025964E1,1.391498327E0,8.032338619E-1,1.297809601E0
5.910816369E1,1.323157310E0,6.180071831E-1,1.771585464E0
5.911606774E1,1.318248749E0,5.376048088E-1,2.149667740E0
5.912397180E1,1.318306208E0,4.424304962E-1,2.608178139E0
5.913184533E1,1.319151163E0,3.821163177E-1,3.003594398E0
5.913984094E1,1.145960093E0,2.336044312E-1,3.293107986E0
5.914771447E1,1.124473095E0,3.082144260E-1,3.431471825E0
5.915561852E1,1.253470778E0,4.571464062E-1,3.366014481E0
5.916358361E1,1.115889549E0,5.221989155E-1,3.570289612E0
5.917151818E1,7.362203598E-1,3.263967037E-1,4.048485756E0
5.917951379E1,2.478485107E-1,6.372284889E-2,4.876771927E0
5.918747888E1,-3.109578490E-1,-4.113800526E-1,5.806115150E0
5.919538293E1,-8.658492565E-1,-9.135477543E-1,6.552842140E0
5.920331750E1,-1.286741257E0,-1.500341058E0,7.361694336E0
5.921122155E1,-1.178743124E0,-1.804123402E0,8.154271126E0
5.921918664E1,-8.869748116E-1,-1.859466314E0,8.498316765E0
5.922709069E1,-4.571219087E-1,-1.675845504E0,8.321487427E0
5.923496423E1,-2.123075128E-1,-1.461726546E0,7.191295624E0
5.924292932E1,1.871727705E-1,-1.230132461E0,5.417907715E0
5.925086389E1,4.547829032E-1,-1.112645626E0,3.547657013E0
5.925885949E1,6.942850351E-1,-1.031826258E0,1.352356911E0
5.926679406E1,6.673594117E-1,-1.002839088E0,-6.189222336E-1
5.927472863E1,3.825745583E-1,-1.016732097E0,-2.005017281E0
5.928263268E1,-3.102391958E-2,-1.010571361E0,-2.695018291E0
5.929053674E1,-4.966957569E-1,-1.032998204E0,-2.979966640E0
5.929847131E1,-8.371728659E-1,-1.027040005E0,-2.684559822E0
5.930640588E1,-1.085482717E0,-1.113517404E0,-2.208013058E0
5.931427941E1,-1.157270670E0,-1.159781694E0,-1.726222992E0
5.932218347E1,-8.763499260E-1,-1.387987375E0,-1.405848503E0
5.933011804E1,-3.766573668E-1,-1.620291233E0,-1.105434418E0
5.933811364E1,7.611691952E-3,-1.818408251E0,-8.010568619E-1
5.934598718E1,2.962016463E-1,-1.940851450E0,-5.253639221E-1
5.935392175E1,4.253908396E-1,-1.959820509E0,-4.834489822E-1
5.936188684E1,4.705759287E-1,-1.891628027E0,-6.384191513E-1
5.936976037E1,5.407909751E-1,-1.770912528E0,-1.085956573E0
5.937775598E1,7.031006217E-1,-1.625120163E0,-1.744459152E0
5.938572106E1,8.456733823E-1,-1.544813991E0,-2.606377125E0
5.939359460E1,8.943117857E-1,-1.514881492E0,-3.457661629E0
5.940146813E1,9.494912028E-1,-1.499220729E0,-4.318112373E0
5.940937219E1,8.823743463E-1,-1.470954776E0,-4.612334728E0
5.941733728E1,8.701744676E-1,-1.235611081E0,-4.130354404E0
5.942527185E1,6.199469566E-1,-1.069988012E0,-3.523503304E0
5.943317590E1,3.285350800E-1,-9.513190985E-1,-3.072393417E0
5.944114099E1,2.015048265E-2,-7.612514496E-1,-2.761560917E0
5.944907556E1,2.813839912E-2,-5.828235149E-1,-2.288799763E0
5.945707116E1,3.906612992E-1,-4.707778692E-1,-1.342961311E0
5.946497521E1,6.435526609E-1,-4.894042015E-1,-5.221481323E-1
5.947290979E1,7.811083794E-1,-3.757934570E-1,-3.149127960E-1
5.948087487E1,6.614438891E-1,-2.525689602E-1,-8.361339569E-1
5.948874841E1,5.411344767E-1,-8.782458305E-2,-1.851461411E0
5.949674401E1,2.777925134E-1,5.641865730E-2,-2.820796490E0
5.950467858E1,-1.710258722E-1,9.983325005E-2,-3.504909992E0
5.951258264E1,-6.957634687E-1,1.158304214E-1,-3.793707371E0
5.952054772E1,-1.373724699E0,1.036603451E-1,-3.489355087E0
5.952848229E1,-1.910271525E0,2.016491890E-1,-2.301043987E0
5.953647790E1,-2.361972570E0,2.788076401E-1,-6.805448532E-1
5.954438195E1,-2.423563719E0,2.957572937E-1,8.244199753E-1
5.955228601E1,-2.118265629E0,2.593057156E-1,2.627367973E0
5.956019006E1,-1.560771704E0,8.525419235E-2,4.183955193E0
5.956809411E1,-9.802212715E-1,-1.323735714E-1,5.208567619E0
5.957605920E1,-3.274905086E-1,-3.508446217E-1,5.547018051E0
5.958396325E1,-7.055783272E-2,-6.487207413E-1,5.034308434E0
5.959186730E1,-2.486264110E-1,-7.476959229E-1,4.109226227E0
5.959977136E1,-6.829546690E-1,-7.594220638E-1,3.108932495E0
5.960767541E1,-1.349309444E0,-7.571573257E-1,1.882818222E0
5.961567102E1,-1.831672192E0,-7.470376492E-1,7.717742920E-1
5.962363610E1,-2.348528862E0,-7.651648521E-1,1.944160461E-1
5.963154016E1,-2.917757273E0,-7.239737511E-1,3.026647568E-1
5.963944421E1,-3.492236137E0,-5.254154205E-1,8.011627197E-1
5.964737878E1,-3.422345638E0,-1.265983582E-1,1.332537651E0
5.965534387E1,-3.296149969E0,9.184503555E-2,1.671626091E0
5.966324792E1,-3.212450027E0,-2.359509468E-2,2.037202835E0
5.967112146E1,-2.978095293E0,-2.431964874E-1,2.381418228E0
5.967899499E1,-2.622442245E0,-6.693830490E-1,3.069405556E0
5.968692956E1,-2.353179932E0,-1.231943965E0,3.747217178E0
5.969486413E1,-1.656801224E0,-1.609047890E0,4.645543098E0
5.970282922E1,-1.412007570E0,-2.146300793E0,5.006216049E0
5.971073327E1,-8.840298653E-1,-2.318205595E0,5.008130074E0
5.971866784E1,-3.296215236E-1,-2.416820049E0,4.782600403E0
5.972657189E1,-6.886780262E-3,-2.404868126E0,4.264783859E0
5.973453698E1,1.505599022E-1,-2.364801645E0,3.263859749E0
5.974244104E1,2.200685143E-1,-2.236382246E0,2.298708916E0
5.975031457E1,1.253451705E-1,-2.055578470E0,1.385371208E0
5.975818810E1,-2.354726195E-1,-1.930352569E0,6.857700348E-1
5.976612268E1,-6.588242054E-1,-1.834753036E0,-5.898284912E-2
5.977405725E1,-1.193946958E0,-1.741094947E0,-1.128966331E0
5.978202233E1,-1.772923350E0,-1.595265388E0,-2.000767231E0
5.978989587E1,-2.277917147E0,-1.457597375E0,-2.299933910E0
5.979786096E1,-2.623033047E0,-1.273019671E0,-2.195929050E0
5.980579553E1,-2.756395102E0,-1.082201719E0,-1.923474789E0
5.981376062E1,-2.663909435E0,-9.317884445E-1,-1.770963192E0
5.982172570E1,-2.393138885E0,-8.820073605E-1,-1.754710674E0
5.982962976E1,-2.055334568E0,-8.524036407E-1,-1.692259312E0
5.983753381E1,-1.723844528E0,-7.931635380E-1,-1.746214867E0
5.984543786E1,-1.425799608E0,-7.179765701E-1,-1.999850273E0
5.985340295E1,-1.262053728E0,-6.193730831E-1,-2.470166683E0
5.986130700E1,-1.168462276E0,-5.211937428E-1,-3.142806530E0
5.986918054E1,-1.292087197E0,-4.455173016E-1,-3.838540077E0
5.987705407E1,-1.599407196E0,-3.705894947E-1,-4.457709312E0
5.988495812E1,-1.878826141E0,-3.406412601E-1,-4.749871731E0
5.989292321E1,-2.130122423E0,-2.643251419E-1,-4.818370342E0
5.990085778E1,-2.370919704E0,-2.319710255E-1,-4.654061317E0
5.990876184E1,-2.480462551E0,-2.445912361E-1,-4.264765263E0
5.991669641E1,-2.384888172E0,-3.107583523E-1,-3.316536903E0
5.992460046E1,-1.933529377E0,-4.251754284E-1,-1.849706173E0
5.993259606E1,-1.320778012E0,-5.587222576E-1,-5.594310760E-1
5.994050012E1,-7.592058778E-1,-7.346976995E-1,4.883003235E-2
5.994840417E1,-1.776999235E-1,-8.413809538E-1,1.085100174E-1
5.995627771E1,1.062348485E-1,-8.291527033E-1,-4.714250565E-1
5.996421228E1,4.249536991E-2,-7.619566917E-1,-1.518069267E0
5.997217736E1,-1.196341515E-1,-5.392014980E-1,-3.184065819E0
5.998008142E1,-5.070819259E-1,-1.581094265E-1,-4.924340725E0
5.998795495E1,-8.417013288E-1,1.722850800E-1,-6.152377129E0
5.999582849E1,-1.170628428E0,4.217329025E-1,-6.752012253E0
6.000376306E1,-1.594375968E0,5.868799686E-1,-6.717047691E0
6.001172814E1,-2.015989304E0,6.393139362E-1,-5.828425407E0
6.001966271E1,-2.285454273E0,6.235241890E-1,-4.531553268E0
6.002753625E1,-2.384073973E0,3.755369186E-1,-3.242297173E0
6.003550134E1,-1.942545533E0,1.856238842E-1,-1.236205101E0
6.004343591E1,-1.178824902E0,1.915597916E-2,1.232663155E0
6.005143151E1,-3.419214487E-1,-3.128862381E-2,3.154699326E0
6.005936608E1,3.553129435E-1,-7.201313972E-2,4.574570656E0
6.006727014E1,1.209981441E0,-2.152752876E-2,4.854831696E0
6.007523522E1,1.818187833E0,5.581974983E-2,4.292912483E0
6.008316979E1,1.973637819E0,7.415533066E-2,3.749134064E0
6.009116540E1,1.689926744E0,2.099895477E-1,2.712917328E0
6.009906945E1,1.171935916E0,3.505151272E-1,1.422869682E0
6.010697351E1,7.494618893E-1,4.447498322E-1,2.776222229E-1
6.011487756E1,3.856415749E-1,5.520939827E-1,-1.845302582E-1
6.012275109E1,-3.744137287E-2,6.403713226E-1,1.615419388E-1
6.013074670E1,-1.156500578E-1,8.448421955E-1,1.254155159E0
6.013871179E1,1.805917025E-1,1.289998293E0,2.774362564E0
6.014658532E1,4.563822746E-1,1.708724260E0,3.966593742E0
6.015448937E1,5.279467106E-1,1.745160341E0,5.054034233E0
6.016239343E1,4.795535803E-1,1.540917397E0,5.718814850E0
6.017038903E1,2.835621834E-1,1.176148415E0,6.069097519E0
6.017832360E1,-2.048205137E-1,6.257076263E-1,6.334036827E0
6.018622766E1,-9.231541157E-1,-2.896404266E-2,6.477223396E0
6.019413171E1,-1.480887771E0,-6.813379526E-1,6.656244278E0
6.020203576E1,-1.709316254E0,-1.221988440E0,6.631483078E0
6.021003137E1,-1.494201422E0,-1.480091810E0,6.516073227E0
6.021793542E1,-1.039219022E0,-1.579669476E0,6.089178085E0
6.022583947E1,-3.966722488E-1,-1.495394707E0,5.435067177E0
6.023374352E1,2.485344410E-1,-1.457278609E0,4.235675812E0
6.024167810E1,9.186382294E-1,-1.346423626E0,2.704810143E0
6.024961266E1,1.216424465E0,-1.352467775E0,1.221119881E0
6.025757775E1,1.201451421E0,-1.349966764E0,2.496557236E-1
6.026548181E1,8.322858810E-1,-1.352691770E0,-3.019294739E-1
6.027338586E1,2.945288420E-1,-1.289283156E0,-3.101959229E-1
6.028128991E1,-2.182879448E-1,-1.210750818E0,-7.552146912E-2
6.028925500E1,-5.404383540E-1,-1.172892332E0,1.785106659E-1
6.029722009E1,-7.677634954E-1,-1.188122034E0,2.037105560E-1
6.030509362E1,-9.300515056E-1,-1.251793623E0,-6.161975861E-2
6.031296716E1,-9.345585108E-1,-1.350140929E0,-4.038162231E-1
6.032093225E1,-8.223459721E-1,-1.477413177E0,-7.447624207E-1
6.032892785E1,-6.140916944E-1,-1.608763695E0,-1.060853958E0
6.033680139E1,-4.110229015E-1,-1.645393610E0,-1.344665527E0
6.034470544E1,-2.978134155E-1,-1.665736198E0,-1.724555969E0
6.035267053E1,-5.570304394E-2,-1.604733944E0,-2.227576733E0
6.036057458E1,1.213537455E-1,-1.561760068E0,-2.765225887E0
6.036857018E1,2.381200790E-1,-1.544854999E0,-3.089338303E0
6.037653527E1,2.437069416E-1,-1.554853678E0,-3.148150921E0
6.038443933E1,2.699218988E-1,-1.498899579E0,-3.075863361E0
6.039240441E1,1.718444824E-1,-1.459668756E0,-2.946739674E0
6.040033898E1,8.825385571E-2,-1.367918611E0,-2.858514786E0
6.040833459E1,-2.692139149E-2,-1.299678326E0,-2.667281628E0
6.041629968E1,-1.722331047E-1,-1.179751277E0,-2.497069359E0
6.042420373E1,-2.283152938E-1,-1.021359921E0,-2.306827545E0
6.043210778E1,-2.198496461E-1,-8.743532896E-1,-2.263225079E0
6.044004235E1,-2.070530057E-1,-7.214193344E-1,-2.411852837E0
6.044800744E1,-1.971332431E-1,-5.515544415E-1,-2.905651093E0
6.045591149E1,-2.498973012E-1,-2.968213558E-1,-3.504741192E0
6.046381555E1,-2.718387246E-1,-6.153106689E-2,-3.956532001E0
6.047171960E1,-4.885253310E-1,1.701834202E-1,-4.388857365E0
6.047962365E1,-6.110688448E-1,3.637657166E-1,-4.740139961E0
6.048764978E1,-8.334230185E-1,4.215605259E-1,-4.843380928E0
6.049555383E1,-1.029592276E0,4.273152351E-1,-4.540139675E0
6.050342736E1,-1.382217526E0,2.794108391E-1,-3.605552673E0
6.051133142E1,-1.571709156E0,1.568365097E-1,-2.152338982E0
6.051926599E1,-1.986218691E0,-7.462286949E-2,-8.488216400E-1
6.052723107E1,-2.357204437E0,-2.691495419E-1,6.138076782E-1
6.053513513E1,-2.510403633E0,-2.838499546E-1,2.102445602E0
6.054300866E1,-2.447526455E0,-2.823910713E-1,3.531765938E0
6.055097375E1,-2.115492344E0,-2.371528149E-1,4.330880165E0
6.055890832E1,-1.506684303E0,-2.213854790E-1,4.513079643E0
6.056690393E1,-7.800363302E-1,-2.446777821E-1,3.867727280E0
6.057486901E1,-3.126490712E-1,-1.957089901E-1,2.804905891E0
6.058274255E1,-2.363078892E-1,-1.938278675E-1,1.941622734E0
6.059061608E1,-4.891632795E-1,-1.572868824E-1,1.074447632E0
6.059855065E1,-9.857933521E-1,-1.931715012E-1,5.184612274E-1
6.060651574E1,-1.553670764E0,-3.206398487E-1,3.247880936E-1
6.061441979E1,-2.316539526E0,-4.961237907E-1,2.558002472E-1
6.062229333E1,-2.886217833E0,-6.296985149E-1,6.628093719E-1
6.063016687E1,-3.210091591E0,-6.502354145E-1,1.508546829E0
6.063810144E1,-3.259474993E0,-4.782028198E-1,2.617269516E0
6.064609704E1,-2.789196253E0,-1.539070606E-1,3.810980797E0
6.065400109E1,-2.468937159E0,-5.715322495E-2,4.555457115E0
6.066187463E1,-2.002293110E0,-1.190152168E-1,4.473898888E0
6.066974816E1,-1.712034464E0,-5.056560040E-1,3.260887146E0
6.067765222E1,-1.406244516E0,-8.024128675E-1,1.489315033E0
6.068564782E1,-1.506845474E0,-1.308926940E0,-3.029346466E-2
6.069358239E1,-1.639772773E0,-1.881778479E0,-6.410560608E-1
6.070145593E1,-1.706355929E0,-2.415629625E0,-3.753719330E-1
6.070942102E1,-1.530375719E0,-2.722440720E0,8.598985672E-1
6.071729455E1,-1.267365694E0,-2.750766039E0,2.202713966E0
6.072525259E1,-9.312746525E-1,-2.723529100E0,3.374489784E0
6.073321768E1,-4.864391088E-1,-2.508608341E0,3.932257652E0
6.074109121E1,-4.936139584E-1,-2.282327175E0,3.895111084E0
6.074896475E1,-8.827108145E-1,-2.064175606E0,3.291452408E0
6.075686880E1,-1.581101418E0,-1.718192816E0,1.996762276E0
6.076486441E1,-2.294417381E0,-1.326300979E0,5.090436935E-1
6.077276846E1,-2.811858177E0,-9.824044704E-1,-6.090307236E-1
6.078067251E1,-3.231257677E0,-6.794167757E-1,-1.524156094E0
6.078857657E1,-3.585988045E0,-5.019667149E-1,-2.123304367E0
6.079648062E1,-3.742538929E0,-3.320457935E-1,-2.327421188E0
6.080444571E1,-3.815490007E0,-2.257235050E-1,-2.078148842E0
6.081231924E1,-3.770844698E0,-1.752693653E-1,-1.505231380E0
6.082022329E1,-3.568453789E0,-1.962478161E-1,-1.029113770E0
6.082818838E1,-3.170489550E0,-2.568199635E-1,-1.070007324E0
6.083609243E1,-2.789484024E0,-3.643127680E-1,-1.313279152E0
6.084405752E1,-2.482145786E0,-4.717624187E-1,-1.502688408E0
6.085196158E1,-1.982188940E0,-4.369359016E-1,-1.499240875E0
6.085995718E1,-1.735829830E0,-5.071166754E-1,-1.472920418E0
6.086792227E1,-1.465003252E0,-5.671157837E-1,-1.528699875E0
6.087582632E1,-1.404417753E0,-6.148416996E-1,-1.785634518E0
6.088379141E1,-1.396824241E0,-5.085971355E-1,-2.182340145E0
6.089172598E1,-1.460918546E0,-3.857284784E-1,-2.527215958E0
6.089959952E1,-1.495204926E0,-2.462960482E-1,-2.859319210E0
6.090747305E1,-1.521580458E0,-9.839558601E-2,-3.169179916E0
6.091540762E1,-1.575011730E0,1.081705093E-3,-3.468576908E0
6.092337271E1,-1.566123486E0,1.165816784E-1,-3.836833954E0
6.093130728E1,-1.575065374E0,1.633949280E-1,-4.185562134E0
6.093921133E1,-1.513020992E0,2.063014507E-1,-4.402539253E0
6.094711538E1,-1.446748972E0,2.173912525E-1,-4.401924133E0
6.095501944E1,-1.297080040E0,3.600087166E-1,-4.033181190E0
6.096301504E1,-1.167547822E0,4.007837772E-1,-3.146126747E0
6.097094961E1,-1.073182106E0,4.537692070E-1,-1.924852848E0
6.097882315E1,-1.043246031E0,4.921243191E-1,-1.084871292E0
6.098669668E1,-9.046841860E-1,5.820147991E-1,-4.000911713E-1
6.099463125E1,-7.693983316E-1,6.791373491E-1,-5.206775665E-2
6.100259634E1,-5.610563755E-1,8.131089211E-1,1.101102829E-1
6.101050039E1,-4.039512873E-1,9.325449467E-1,2.106857300E-1
6.101837393E1,-3.096396923E-1,1.065154076E0,1.083507538E-1
6.102627798E1,-2.727994919E-1,1.207813501E0,-6.295681000E-2
6.103421255E1,-2.684936523E-1,1.335992098E0,-1.981267929E-1
6.104217764E1,-2.652009726E-1,1.454029560E0,-3.548421860E-1
6.105008169E1,-2.586449385E-1,1.470087051E0,-2.892217636E-1
6.105798574E1,-2.113588452E-1,1.446306944E0,4.167938232E-2
6.106588980E1,-1.543042660E-1,1.351383686E0,7.094621658E-1
6.107385489E1,-9.174203873E-2,1.195665598E0,1.633585930E0
6.108181997E1,5.852425098E-2,1.071703911E0,2.602435112E0
6.108975454E1,9.446084499E-2,1.001577854E0,3.264272690E0
6.109765860E1,1.167361736E-1,9.276700020E-1,3.650999069E0
6.110562368E1,2.165328264E-1,9.133138657E-1,3.633844376E0
6.111352774E1,5.457745790E-1,1.013207197E0,3.414417267E0
6.112152334E1,1.191000462E0,1.372556925E0,3.071110725E0
6.112942740E1,1.769603968E0,1.679337978E0,2.754649162E0
6.113730093E1,1.660473347E0,1.715010405E0,2.421697617E0
6.114520498E1,1.400523067E0,1.659585238E0,2.145747185E0
6.115310904E1,7.913894653E-1,1.325361252E0,2.031484604E0
6.116107412E1,-4.808902740E-4,8.241796494E-1,2.240365982E0
6.116900869E1,-7.655512691E-1,1.743278503E-1,2.720066071E0
6.117691275E1,-1.161736131E0,-4.108402729E-1,3.177709579E0
6.118481680E1,-1.183078289E0,-9.438297749E-1,3.999920845E0
6.119272085E1,-8.488415480E-1,-1.166644812E0,4.990595818E0
6.120068594E1,-3.003758192E-1,-1.124305129E0,5.758337021E0
6.120858999E1,2.031390667E-1,-9.490954876E-1,6.048843384E0
6.121652456E1,6.359895468E-1,-7.928668261E-1,5.451828003E0
6.122442862E1,9.912574291E-1,-6.565394402E-1,4.124868393E0
6.123233267E1,1.049296737E0,-6.407009363E-1,2.679132462E0
6.124029776E1,8.432403803E-1,-5.445222855E-1,1.156663895E0
6.124820181E1,3.703856468E-1,-4.322149754E-1,8.299160004E-2
6.125607535E1,-1.896691322E-1,-3.364262581E-1,-4.765319824E-1
6.126397940E1,-6.077865958E-1,-1.860287189E-1,-8.313293457E-1
6.127188345E1,-1.012440562E0,-1.468293667E-1,-1.125864029E0
6.127987906E1,-1.244156837E0,-1.249991655E-1,-1.338117599E0
6.128781363E1,-1.344749331E0,-2.122163773E-1,-1.447053909E0
6.129571768E1,-1.379548907E0,-3.784067631E-1,-1.442788124E0
6.130362173E1,-1.255717158E0,-6.100366116E-1,-1.349006653E0
6.131155630E1,-9.425082803E-1,-7.957739830E-1,-1.186936378E0
6.131952139E1,-6.819205880E-1,-9.047268033E-1,-1.029936790E0
6.132748648E1,-4.123629928E-1,-1.015737057E0,-9.373493195E-1
6.133539053E1,-2.499096990E-1,-1.065688014E0,-1.181241989E0
6.134329458E1,-1.593862772E-1,-1.041125655E0,-1.636587143E0
6.135125967E1,-1.190397739E-1,-1.005939722E0,-2.219044685E0
6.135928579E1,-2.749168873E-1,-1.040076375E0,-2.900893211E0
6.136718985E1,-4.043917656E-1,-1.107507467E0,-3.701745510E0
6.137506338E1,-4.212339520E-1,-1.092877746E0,-4.341738701E0
6.138302847E1,-5.370677114E-1,-1.064213276E0,-4.594325542E0
6.139096304E1,-6.669687033E-1,-9.423902035E-1,-4.220705032E0
6.139895864E1,-7.613322735E-1,-8.095676899E-1,-3.558971405E0
6.140689322E1,-8.780471087E-1,-7.440613508E-1,-2.912178516E0
6.141482779E1,-9.099038243E-1,-5.580943823E-1,-2.241528988E0
6.142279287E1,-8.232014179E-1,-4.135349989E-1,-1.917531967E0
6.143069693E1,-5.768889189E-1,-2.541358471E-1,-2.100112438E0
6.143866202E1,-3.041630983E-1,-1.431026459E-1,-2.422357559E0
6.144656607E1,-3.853821754E-2,-7.010591030E-2,-2.985754013E0
6.145443960E1,-1.684373617E-2,4.639577866E-2,-3.713819504E0
6.146240469E1,-2.017961740E-1,1.756397486E-1,-4.479533672E0
6.147033926E1,-5.085296631E-1,2.019139528E-1,-4.850706577E0
6.147830435E1,-8.776619434E-1,1.596062183E-1,-4.622620583E0
6.148620840E1,-1.370195866E0,-2.530157566E-2,-3.694310665E0
6.149408194E1,-1.698579550E0,1.369512081E-2,-2.431200981E0
6.150195547E1,-2.089946747E0,1.331161261E-1,-4.499435425E-1
6.150985952E1,-2.205554008E0,2.930388451E-1,1.722896576E0
6.151785513E1,-1.777979136E0,3.296998739E-1,4.072793961E0
6.152582022E1,-1.080827713E0,2.962020636E-1,5.828468323E0
6.153369375E1,-2.606622875E-1,1.614495516E-1,6.876276016E0
6.154156729E1,4.810368419E-1,4.547524452E-2,6.554412842E0
6.154950186E1,9.013666511E-1,2.115821838E-2,5.423224449E0
6.155746695E1,9.328175187E-1,-1.713275909E-2,3.757985115E0
6.156537100E1,6.147455573E-1,1.397515535E-1,2.002717972E0
6.157324453E1,2.652347088E-3,2.023587227E-1,2.113208771E-1
6.158120962E1,-5.503239036E-1,2.663292885E-1,-1.040993690E0
6.158911368E1,-1.474951744E0,3.223314285E-1,-1.765527248E0
6.159713980E1,-2.416539192E0,2.857418060E-1,-1.707174778E0
6.160504385E1,-3.432336569E0,2.514023781E-1,-9.425077438E-1
6.161297842E1,-4.110747814E0,2.709031105E-1,2.132434845E-1
6.162088247E1,-4.357894897E0,4.704632759E-1,1.726591110E0
6.162878653E1,-3.978961229E0,6.485743523E-1,3.278127670E0
6.163678213E1,-3.503056049E0,5.776762962E-1,4.646741867E0
6.164468618E1,-2.336240768E0,3.699681759E-1,5.822499275E0
6.165259024E1,-1.465434909E0,-1.646339893E-1,6.055264473E0
6.166049429E1,-7.935364246E-1,-7.542265654E-1,5.158379555E0
6.166839834E1,-5.110282898E-1,-1.055427909E0,3.894020081E0
6.167636343E1,-6.603736281E-1,-1.440278769E0,2.569296837E0
6.168426748E1,-9.565465450E-1,-1.693761587E0,1.979293823E0
6.169217154E1,-1.173896313E0,-1.789183497E0,1.981704712E0
6.170007559E1,-1.317335129E0,-1.881125450E0,2.035521507E0
6.170797964E1,-1.131226420E0,-1.867011905E0,1.937835693E0
6.171594473E1,-1.087853074E0,-1.885639310E0,1.682030678E0
6.172384878E1,-1.143197417E0,-1.864833236E0,1.402227402E0
6.173172232E1,-1.346649885E0,-1.832549930E0,9.094648361E-1
6.173959585E1,-1.669843674E0,-1.786298037E0,2.945909500E-1
6.174753042E1,-1.961079597E0,-1.697798014E0,-2.180223465E-1
6.175552603E1,-2.269408703E0,-1.575520039E0,-6.480836868E-1
6.176343008E1,-2.545197010E0,-1.464251518E0,-8.195209503E-1
6.177133413E1,-2.677275658E0,-1.252864361E0,-6.687841415E-1
6.177923819E1,-2.636662006E0,-1.108843565E0,-3.789224625E-1
6.178714224E1,-2.443866968E0,-9.991132021E-1,-6.883525848E-2
6.179513785E1,-2.265942097E0,-8.268313408E-1,1.328563690E-2
6.180310293E1,-2.071182013E0,-6.939502954E-1,-1.555185318E-1
6.181100699E1,-1.907470942E0,-5.400292873E-1,-6.222763062E-1
6.181888052E1,-1.732139468E0,-4.049100876E-1,-1.236129761E0
6.182681509E1,-1.570898056E0,-2.393094301E-1,-1.898190975E0
6.183481070E1,-1.609919310E0,-8.064329624E-2,-2.418298244E0
6.184277578E1,-1.776264668E0,1.114239693E-1,-2.896945953E0
6.185064932E1,-1.936764002E0,2.399840355E-1,-3.202629566E0
6.185855337E1,-2.121200085E0,3.457143307E-1,-3.431011677E0
6.186645743E1,-2.184094667E0,3.833733797E-1,-3.589469433E0
6.187442251E1,-2.045587063E0,4.176208973E-1,-3.771442413E0
6.188232657E1,-1.762236595E0,4.171923399E-1,-3.888387680E0
6.189020010E1,-1.445216656E0,3.731269836E-1,-3.990830898E0
6.189810415E1,-9.287632108E-1,4.069099426E-1,-4.035601139E0
6.190600821E1,-5.006883740E-1,4.555215836E-1,-3.680351734E0
6.191400381E1,-4.767960310E-2,5.859539509E-1,-2.841362000E0
6.192193838E1,3.292655945E-2,6.863062382E-1,-2.150310516E0
6.192984243E1,-1.282796264E-1,7.316141129E-1,-2.060985088E0
6.193780752E1,-1.880556345E-1,8.221595287E-1,-2.608239174E0
6.194574209E1,-4.002886415E-1,8.556730747E-1,-3.250428200E0
6.195364614E1,-6.724369526E-1,9.380033016E-1,-3.530358791E0
6.196158072E1,-1.163132191E0,9.833226204E-1,-3.731634140E0
6.196948477E1,-1.678889513E0,1.015917063E0,-4.065576077E0
6.197738882E1,-1.960532427E0,1.114737034E0,-4.266892910E0
6.198529287E1,-2.139361858E0,1.219168901E0,-4.056601524E0
6.199325796E1,-2.081784010E0,1.280531168E0,-3.322079659E0
6.200113150E1,-1.753538609E0,1.194275141E0,-2.050071716E0
6.200906607E1,-1.147631764E0,1.104988813E0,-7.623319626E-1
6.201700064E1,-3.104496598E-1,8.982083797E-1,6.486902237E-1
6.202490469E1,4.802599549E-1,7.627227306E-1,1.738985062E0
6.203290030E1,1.174537182E0,6.587312222E-1,2.392967224E0
6.204080435E1,1.609581232E0,5.672893524E-1,2.675585747E0
6.204867788E1,1.871236563E0,4.781482220E-1,2.701733589E0
6.205655142E1,1.836244583E0,4.571847916E-1,2.508660316E0
6.206448599E1,1.593736053E0,4.542922974E-1,2.249367714E0
6.207245108E1,1.202891946E0,5.352015495E-1,1.944978714E0
6.208032461E1,7.852690220E-1,5.006370544E-1,1.769638062E0
6.208822866E1,5.364050865E-1,4.557948112E-1,1.809041023E0
6.209613272E1,5.348960161E-1,5.355622768E-1,1.981606483E0
6.210403677E1,9.160444736E-1,8.275225163E-1,2.186531067E0
6.211200186E1,1.355018258E0,1.109920263E0,2.302469254E0
6.211990591E1,1.568144321E0,1.152364254E0,2.238926888E0
6.212777945E1,1.922529936E0,1.119299173E0,2.158596039E0
6.213571402E1,1.857695937E0,8.803381920E-1,2.415044785E0
6.214364859E1,1.416957855E0,5.666615963E-1,2.901695251E0
6.215164419E1,8.116076589E-1,1.856124401E-1,3.666937828E0
6.215954824E1,-2.360911369E-1,-9.195566177E-2,4.493085861E0
6.216742178E1,-9.238287807E-1,-3.360784054E-1,4.978272438E0
6.217538687E1,-1.163379669E0,-3.326463699E-1,5.296095848E0
6.218332144E1,-1.486228466E0,-2.624328136E-1,5.320504189E0
6.219131704E1,-1.595610261E0,-1.312758923E-1,4.820579529E0
6.219922110E1,-1.355893612E0,2.946138382E-3,4.081337929E0
6.220712515E1,-1.006789207E0,-2.433729172E-2,3.208388329E0
6.221502920E1,-6.286020875E-1,-1.560525894E-1,2.123497963E0
6.222293326E1,-2.479006052E-1,-2.436096668E-1,1.314237595E0
6.223089834E1,-1.437056363E-1,-3.019428253E-1,7.768573761E-1
6.223880240E1,-1.960580945E-1,-3.070690632E-1,2.286233902E-1
6.224667593E1,-2.985354960E-1,-3.402762413E-1,-2.729768753E-1
6.225457998E1,-3.500470817E-1,-3.629300594E-1,-6.206836700E-1
6.226251455E1,-3.842737079E-1,-4.625546932E-1,-7.831630707E-1
6.227047964E1,-4.146394432E-1,-6.657153368E-1,-9.160146713E-1
6.227838369E1,-3.863632083E-1,-8.964853287E-1,-1.141726494E0
6.228625723E1,-2.893558741E-1,-9.781174660E-1,-1.325618744E0
6.229413077E1,-2.894704938E-1,-1.013446212E0,-1.300181389E0
6.230209585E1,-4.544086456E-1,-8.950576782E-1,-9.821681976E-1
6.231009146E1,-7.567253113E-1,-7.427487373E-1,-6.407785416E-1
6.231805655E1,-9.393004179E-1,-6.044143438E-1,-4.758739471E-1
6.232596060E1,-9.554591179E-1,-4.952216148E-1,-4.794855118E-1
6.233386465E1,-8.086959720E-1,-4.313824177E-1,-5.219049454E-1
6.234176870E1,-5.741667747E-1,-5.381382704E-1,-8.083353043E-1
6.234973379E1,-2.745897770E-1,-6.419398785E-1,-1.341567993E0
6.235760733E1,1.691424847E-2,-7.980087996E-1,-2.114326000E0
6.236551138E1,3.048168421E-1,-8.008457422E-1,-2.875093937E0
6.237347647E1,3.510129452E-1,-8.627305031E-1,-3.481703758E0
6.238138052E1,4.395651817E-1,-8.884539604E-1,-4.099690914E0
6.238937613E1,2.709673643E-1,-8.987481594E-1,-4.569528580E0
6.239728018E1,2.084374428E-3,-8.101071119E-1,-4.664357662E0
6.240515371E1,-3.813019991E-1,-6.262317896E-1,-4.468998909E0
6.241305777E1,-8.315753937E-1,-3.682190180E-1,-4.083562851E0
6.242099234E1,-1.067889571E0,-1.399819851E-1,-3.641779900E0
6.242898794E1,-1.138364434E0,-6.661558151E-2,-2.896885872E0
6.243692251E1,-7.699713707E-1,1.160616875E-1,-1.999357700E0
6.244482657E1,-5.350754857E-1,3.545618057E-2,-8.053674698E-1
6.245279165E1,-3.459605575E-1,-3.667378426E-2,-3.206253052E-3
6.246069571E1,-1.798021197E-1,-1.637108326E-1,9.696102142E-2
6.246866079E1,3.123456240E-2,-3.852461576E-1,-3.440141678E-1
6.247656485E1,1.830326915E-1,-5.901387930E-1,-8.475418091E-1
6.248446890E1,7.625156641E-2,-7.148232460E-1,-1.130547523E0
6.249237295E1,-1.763159037E-1,-7.226257324E-1,-1.215722084E0
6.250027700E1,-4.991144538E-1,-6.499570608E-1,-1.048269272E0
6.250824209E1,-8.461716175E-1,-5.667934418E-1,-5.112571716E-1
6.251614614E1,-1.246842384E0,-5.204155445E-1,8.333873749E-2
6.252408072E1,-1.496486425E0,-4.919741154E-1,4.684953690E-1
6.253204580E1,-1.578248262E0,-4.827024937E-1,8.695573807E-1
6.253994986E1,-1.639431000E0,-5.281624794E-1,1.427653313E0
6.254791494E1,-1.617489457E0,-5.202460289E-1,2.004135132E0
6.255581900E1,-1.526023149E0,-5.487664938E-1,2.603143692E0
6.256372305E1,-1.506714702E0,-6.069120169E-1,2.860994339E0
6.257162710E1,-1.640627384E0,-6.708559990E-1,2.777537346E0
6.257956167E1,-1.674986124E0,-6.590130329E-1,2.497511864E0
6.258752676E1,-1.403506756E0,-4.412150383E-1,2.136942863E0
6.259543081E1,-1.308001995E0,-2.013037205E-1,2.123791695E0
6.260330435E1,-1.450604200E0,-1.387715340E-1,2.211216927E0
6.261126944E1,-1.477302313E0,-4.786109924E-2,2.042538643E0
6.261917349E1,-1.637995362E0,-1.307940483E-1,1.385931969E0
6.262716910E1,-2.011764288E0,-1.637215614E-1,5.262374878E-1
6.263504263E1,-2.543518305E0,-2.833249569E-1,-1.594524384E-1
6.264297720E1,-3.089875698E0,-5.589599609E-1,-7.632570267E-1
6.265088125E1,-3.264128208E0,-9.694578648E-1,-9.734954834E-1
6.265881582E1,-2.899259090E0,-1.334384441E0,-6.254301071E-1
6.266678091E1,-2.402420521E0,-1.556589365E0,1.821279526E-1
6.267468496E1,-1.656770349E0,-1.735628843E0,1.402563095E0
6.268261953E1,-8.184883595E-1,-1.805081964E0,2.540695190E0
6.269055410E1,-2.042091191E-1,-1.859547973E0,3.172007561E0
6.269845816E1,2.801665068E-1,-1.846725821E0,3.563302040E0
6.270642324E1,3.603951335E-1,-1.726749659E0,3.405841827E0
6.271432730E1,1.220902801E-1,-1.465550900E0,2.597102165E0
6.272220083E1,-2.047232091E-1,-1.150674224E0,1.612703323E0
6.273016592E1,-7.458623052E-1,-8.800280690E-1,5.596637726E-1
6.273806997E1,-1.167588353E0,-6.051078439E-1,-7.450771332E-2
6.274603506E1,-1.544927239E0,-4.390416145E-1,-2.972965240E-1
6.275393911E1,-1.742854953E0,-2.701666355E-1,-2.191267014E-1
6.276184317E1,-1.890133619E0,-1.236021519E-1,1.030483246E-1
6.276974722E1,-2.034822941E0,6.595408916E-2,3.250217438E-1
6.277768179E1,-2.062503815E0,2.106903791E-1,2.772674561E-1
6.278567740E1,-1.985611439E0,3.348870277E-1,1.729726791E-1
6.279355093E1,-1.897690058E0,4.222552776E-1,1.270790100E-1
6.280145498E1,-1.838955164E0,5.144591331E-1,3.121080399E-1
6.280938955E1,-1.750176549E0,6.003667116E-1,3.639535904E-1
6.281729361E1,-1.525990248E0,7.610243559E-1,2.492904663E-1
6.282525869E1,-1.246138334E0,8.418166637E-1,-2.492904663E-1
6.283316275E1,-9.692286253E-1,8.854461908E-1,-8.879966736E-1
6.284109732E1,-6.200758815E-1,8.926141262E-1,-1.551744461E0
6.284903189E1,-3.438743949E-1,8.890925646E-1,-2.207439899E0
6.285693594E1,-1.159504056E-1,8.561431170E-1,-2.668601990E0
6.286487051E1,-1.571179032E-1,7.956382036E-1,-2.930276394E0
6.287277456E1,-2.721871436E-1,7.286304235E-1,-3.083722591E0
6.288064810E1,-3.411050737E-1,7.378690243E-1,-2.968687534E0
6.288855215E1,-4.520532191E-1,7.783896923E-1,-2.597210884E0
6.289648672E1,-6.148761511E-1,8.167312145E-1,-2.206330299E0
6.290445181E1,-5.645489693E-1,8.862159252E-1,-1.970604420E0
6.291235586E1,-3.878431320E-1,1.002445221E0,-1.834620953E0
6.292029043E1,-2.795858383E-1,1.101593494E0,-1.623805046E0
6.292822500E1,-3.050937057E-1,1.107064724E0,-1.446014404E0
6.293612906E1,-2.507584691E-1,1.152865529E0,-1.356182098E0
6.294406363E1,-3.270300627E-1,1.116185904E0,-1.351890564E0
6.295202871E1,-5.034933090E-1,9.523288012E-1,-1.330596924E0
6.295996328E1,-6.609781384E-1,8.585389853E-1,-1.230237007E0
6.296786734E1,-8.884652853E-1,8.901638985E-1,-1.034427643E0
6.297577139E1,-1.099384546E0,1.027618170E0,-8.706588745E-1
6.298373648E1,-1.390319347E0,1.150436997E0,-7.501516342E-1
6.299161001E1,-1.524776101E0,1.317174554E0,-5.362987518E-1
6.299951407E1,-1.499604940E0,1.315552354E0,2.669048309E-2
6.300747915E1,-1.233847857E0,1.219202399E0,8.623275757E-1
6.301538321E1,-7.364658713E-1,9.763902426E-1,1.697343826E0
6.302337881E1,-1.844834089E-1,6.454944611E-1,2.202408791E0
6.303128286E1,1.801801920E-1,3.395143747E-1,2.272702217E0
6.303915640E1,2.623686790E-1,7.712852955E-2,2.140357018E0
6.304712149E1,4.266878366E-1,-6.285381317E-2,1.895321846E0
6.305499502E1,5.527672768E-1,-6.159257889E-2,1.824232101E0
6.306296011E1,1.002956986E0,2.565381527E-1,1.820892334E0
6.307092520E1,1.581283569E0,7.275793552E-1,1.881177902E0
6.307879873E1,1.981281519E0,1.080452204E0,1.675055504E0
6.308670279E1,1.995851278E0,1.158463955E0,1.352927208E0
6.309466787E1,1.464753270E0,8.808116913E-1,1.352770805E0
6.310263296E1,6.231869459E-1,5.719568729E-1,2.104396820E0
6.311053702E1,-3.734334111E-1,1.311929226E-1,3.357267380E0
6.311841055E1,-1.316758633E0,-3.815413713E-1,4.304009438E0
6.312637564E1,-1.846616268E0,-6.914197206E-1,5.060872078E0
6.313427969E1,-1.802649617E0,-7.695490122E-1,5.401368141E0
6.314227530E1,-1.276604295E0,-7.375968695E-1,5.433986664E0
6.315024038E1,-5.700143576E-1,-6.620727777E-1,4.969040871E0
6.315817495E1,1.668230295E-1,-7.320047617E-1,3.594581604E0
6.316614004E1,7.011171579E-1,-8.238414526E-1,1.927787781E0
6.317407461E1,8.912744522E-1,-8.487558365E-1,6.877689362E-1
6.318207022E1,7.021445036E-1,-8.583426476E-1,6.881046295E-2
6.318997427E1,3.137403727E-1,-8.086911440E-1,-1.716079712E-1
6.319787832E1,-3.533506393E-2,-7.491271496E-1,-1.705045700E-1
6.320578238E1,-1.947406530E-1,-7.278870344E-1,3.236770630E-2
6.321368643E1,-2.203670144E-1,-8.279652596E-1,1.497011185E-1
6.322165152E1,3.133785725E-2,-9.531341791E-1,1.132621765E-1
6.322952505E1,3.500224352E-1,-1.107740402E0,-4.279899597E-2
6.323742910E1,5.849404335E-1,-1.193535089E0,-9.823703766E-2
6.324539419E1,6.789059639E-1,-1.213748693E0,-9.868240356E-2
6.325329824E1,4.886564016E-1,-1.069601178E0,-8.454799652E-2
6.326126333E1,1.358280182E-1,-8.362458944E-1,-2.012548447E-1
6.326922842E1,-1.949275136E-1,-6.486192942E-1,-5.083236694E-1
6.327710196E1,-6.880415082E-1,-4.475613832E-1,-1.115805626E0
6.328500601E1,-1.203618169E0,-2.476378679E-1,-1.857957363E0
6.329291006E1,-1.525414467E0,-9.856665134E-2,-2.445038319E0
6.330087515E1,-1.574816108E0,-3.846299648E-2,-3.045461655E0
6.330880972E1,-1.315035105E0,-9.412348270E-2,-3.597640991E0
6.331671377E1,-9.242565036E-1,-3.036371469E-1,-4.087391853E0
6.332467886E1,-4.999991655E-1,-4.316334724E-1,-4.586981773E0
6.333258291E1,-1.308035851E-1,-5.852911472E-1,-4.847766399E0
6.334051748E1,2.276672125E-1,-5.838128328E-1,-4.582777977E0
6.334842154E1,3.960164785E-1,-5.498778820E-1,-3.790662766E0
6.335632559E1,3.158542514E-1,-4.576371908E-1,-2.994837761E0
6.336422964E1,8.614432812E-2,-3.323788643E-1,-2.172640800E0
6.337210318E1,1.584475636E-1,-1.116961241E-1,-1.468955994E0
6.338009878E1,3.479660749E-1,4.745650291E-2,-9.052238464E-1
6.338806387E1,5.594178438E-1,1.442470551E-1,-5.627164841E-1
6.339596792E1,8.283863068E-1,2.102504969E-1,-6.917924881E-1
6.340390249E1,1.079316616E0,3.078454733E-1,-1.184986115E0
6.341183706E1,1.066091776E0,4.140992165E-1,-1.771447182E0
6.341980215E1,7.745053768E-1,4.444546700E-1,-2.658351898E0
6.342770620E1,4.903668165E-2,4.194083214E-1,-3.532748699E0
6.343564077E1,-9.531295300E-1,4.670203924E-1,-3.991683483E0
6.344360586E1,-1.784572601E0,5.228974819E-1,-3.531155586E0
6.345154043E1,-2.730141640E0,7.059717178E-1,-2.111477375E0
6.345953604E1,-2.951443672E0,8.363645077E-1,-2.483549118E-1
6.346750113E1,-2.420750618E0,8.501091003E-1,1.505285263E0
6.347540518E1,-1.730626941E0,7.317703962E-1,2.683856010E0
6.348337027E1,-6.134086251E-1,7.103662491E-1,3.623982430E0
6.349130484E1,4.094426930E-1,6.571478844E-1,3.890625954E0
6.349930044E1,1.259532452E0,6.270954609E-1,3.729211807E0
6.350723501E1,1.663328648E0,6.396543980E-1,3.199002266E0
6.351513907E1,1.504276156E0,5.856773853E-1,2.062836647E0
6.352310415E1,9.292918444E-1,6.185228825E-1,8.495206833E-1
6.353103872E1,-3.308659792E-2,6.156747341E-1,-2.841949463E-2
6.353903433E1,-7.896664143E-1,5.109877586E-1,-2.236680984E-1
6.354699942E1,-1.536695361E0,3.672821522E-1,2.605800629E-1
6.355490347E1,-1.912209749E0,4.343001842E-1,1.060134888E0
6.356280752E1,-1.958703995E0,6.025843620E-1,1.638648033E0
6.357071158E1,-2.275756121E0,5.244984627E-1,2.227733612E0
6.357870718E1,-2.350182056E0,4.173660278E-1,2.605383873E0
6.358667227E1,-2.330912352E0,5.882382393E-2,2.877378464E0
6.359454580E1,-1.986767769E0,-2.694128752E-1,3.137681007E0
6.360241934E1,-1.575909257E0,-7.049823999E-1,3.424751282E0
6.361035391E1,-1.299742818E0,-1.285826921E0,3.487461090E0
6.361831900E1,-8.536459208E-1,-1.664979458E0,3.428838730E0
6.362625357E1,-4.859816432E-1,-1.794507742E0,3.399820328E0
6.363415762E1,-2.223091722E-1,-1.839836955E0,3.335418701E0
6.364206167E1,8.385190368E-2,-1.714889050E0,3.027478218E0
6.364996572E1,1.133729219E-1,-1.668677688E0,2.601231575E0
6.365796133E1,-9.203523397E-3,-1.478343368E0,1.958395958E0
6.366583487E1,-4.208118618E-1,-1.407701492E0,1.051114082E0
6.367373892E1,-1.097224593E0,-1.403678417E0,-3.693313599E-1
6.368170401E1,-1.633932710E0,-1.345150709E0,-1.815484047E0
6.368960806E1,-2.292370558E0,-1.278796911E0,-3.149966240E0
6.369760366E1,-2.864263773E0,-1.231864214E0,-3.578760147E0
6.370556875E1,-3.259288549E0,-1.129834414E0,-2.886827946E0
6.371347281E1,-3.255871773E0,-1.017059088E0,-1.860580444E0
6.372143789E1,-2.833351612E0,-9.225489497E-1,-5.375261307E-1
6.372937246E1,-2.165898561E0,-7.947503328E-1,5.379219055E-1
6.373739859E1,-1.487617373E0,-7.036993504E-1,1.063345909E0
6.374530264E1,-9.980973005E-1,-5.910387039E-1,1.054316521E0
6.375320669E1,-7.685794830E-1,-4.098709822E-1,6.645488739E-1
6.376111074E1,-8.196972609E-1,-9.570729733E-2,-1.782398224E-1
6.376904532E1,-1.182425499E0,1.088228226E-1,-1.068201065E0
6.377701040E1,-1.438352346E0,4.902540445E-1,-2.205442429E0
6.378491446E1,-1.654860735E0,6.825281382E-1,-3.199827671E0
6.379281851E1,-1.635164738E0,7.856822014E-1,-3.939552784E0
6.380072256E1,-1.590597391E0,7.589768171E-1,-4.391209126E0
6.380862661E1,-1.345844984E0,6.455496550E-1,-4.689160824E0
6.381659170E1,-1.068630815E0,5.528417826E-1,-4.752132416E0
6.382449576E1,-9.586194158E-1,5.038380623E-1,-4.592373848E0
6.383246084E1,-7.645666003E-1,5.160098076E-1,-4.140479565E0
6.384036490E1,-5.282087326E-1,5.063902140E-1,-3.441961288E0
6.384826895E1,-2.926666141E-1,5.533813238E-1,-2.819805145E0
6.385623404E1,-1.187602282E-1,5.691359043E-1,-2.373973846E0
6.386413809E1,9.499311447E-2,6.709684134E-1,-2.137549877E0
6.387201162E1,1.518761516E-1,8.199886084E-1,-2.358656883E0
6.387997671E1,-4.789382219E-2,9.713340998E-1,-2.570744038E0
6.388791128E1,-3.782883286E-1,1.149536371E0,-2.663753510E0
6.389590689E1,-8.084982038E-1,1.124070287E0,-3.036232471E0
6.390387198E1,-8.882943392E-1,1.175330639E0,-3.712282658E0
6.391177603E1,-1.230945349E0,1.144361615E0,-4.034768581E0
6.391968008E1,-1.529782772E0,1.248773098E0,-3.710403442E0
6.392758413E1,-1.925307155E0,1.219930291E0,-2.874110699E0
6.393554922E1,-1.866867065E0,1.126013279E0,-1.684469700E0
6.394348379E1,-1.404928923E0,1.059109569E0,-3.387985229E-1
6.395138785E1,-6.889232993E-1,9.610489607E-1,1.709081650E0
6.395935293E1,-1.505601406E-2,8.283357620E-1,3.705613136E0
6.396725699E1,5.761379004E-1,7.957738638E-1,5.030097008E0
6.397525259E1,9.600020647E-1,6.605397463E-1,5.335118294E0
6.398315664E1,1.348008275E0,5.793898106E-1,4.781270027E0
6.399109121E1,1.451016307E0,4.520106316E-1,3.749015808E0
6.399902578E1,1.224731684E0,3.157056570E-1,2.695208549E0
6.400692984E1,8.487861156E-1,1.468265057E-1,1.804827690E0
6.401492544E1,4.505358934E-1,-1.611363888E-2,1.012508392E0
6.402282950E1,2.242811918E-1,-2.046359777E-1,7.116937637E-1
6.403070303E1,3.841375113E-1,-1.963156462E-1,1.074147224E0
6.403857656E1,1.248319983E0,1.224539280E-1,2.106861115E0
6.404648062E1,2.210831165E0,5.200856924E-1,3.347749710E0
6.405447622E1,2.595906258E0,5.965613127E-1,4.398922920E0
6.406244131E1,2.915303707E0,8.972698450E-1,5.125827789E0
6.407034536E1,2.415688992E0,8.817223310E-1,5.839887619E0
6.407827993E1,1.663286328E0,7.292457819E-1,6.220162392E0
6.408618399E1,8.945635557E-1,5.427576303E-1,6.379186630E0
6.409417959E1,2.405196428E-1,2.363649607E-1,6.398783684E0
6.410208365E1,-3.389176130E-1,7.539391518E-3,6.109646797E0
6.410998770E1,-9.871550798E-1,-3.230530024E-1,5.295832634E0
6.411789175E1,-1.408847570E0,-3.677896261E-1,4.137475014E0
6.412579580E1,-1.591692448E0,-2.336376905E-1,2.464620590E0
6.413379141E1,-1.667938471E0,-3.364942074E-1,8.702259064E-1
6.414172598E1,-1.404936194E0,-5.080264807E-1,-1.930665970E-1
6.414963003E1,-1.200678110E0,-7.846264839E-1,-6.799526215E-1
6.415759512E1,-8.931293488E-1,-1.063062906E0,-7.008094788E-1
6.416552969E1,-6.881808639E-1,-1.242370129E0,-3.777704239E-1
6.417349478E1,-4.957148433E-1,-1.313345671E0,1.340389252E-2
6.418142935E1,-1.125834823E0,-1.276984692E0,7.047510147E-1
6.418933340E1,-5.446833372E-1,-8.700717688E-1,4.552783966E-1
6.419723745E1,-4.375357032E-1,-1.161820292E0,6.174869537E-1
6.420520254E1,3.861041069E-1,-1.137918234E0,4.517650604E-1
6.421316763E1,6.173216105E-1,-1.391565800E0,-1.992120743E-1
6.422113272E1,6.076908112E-1,-1.428862453E0,-9.185466766E-1
6.422903677E1,6.035130620E-1,-1.346997499E0,-1.586300850E0
6.423694082E1,6.832407117E-1,-1.352470040E0,-1.568621635E0
6.424487539E1,6.840084791E-1,-1.100286722E0,-2.266551971E0
6.425287100E1,1.758460402E-1,-9.103593230E-1,-3.146722794E0
6.426083609E1,-3.214877844E-1,-5.879948139E-1,-3.621430397E0
6.426874014E1,-5.849144459E-1,-3.059475422E-1,-4.011930943E0
6.427670523E1,-5.683693886E-1,-2.104640007E-3,-4.657964230E0
6.428463980E1,-5.791032314E-1,1.540280581E-1,-5.066313744E0
6.429263540E1,-4.776815474E-1,1.712824106E-1,-5.201792717E0
6.430056997E1,-4.621533751E-1,3.183223009E-1,-5.038228512E0
6.430847403E1,-3.560267985E-1,3.231544495E-1,-4.824160576E0
6.431643911E1,4.740235806E-1,3.338932991E-1,-4.818192959E0
6.432437368E1,1.333606958E0,-1.398046017E-1,-5.661369801E0
6.433233877E1,1.543825150E0,-1.648424864E-1,-5.520170212E0
6.434027334E1,2.365082741E0,-4.346019030E-1,-6.029870033E0
6.434820791E1,1.788805008E0,-2.259949446E-1,-5.057281494E0
6.435611197E1,2.216711521E0,-9.410083294E-2,-5.561469078E0
6.436401602E1,2.295269728E0,-2.014980316E-1,-6.280663490E0
6.437198111E1,-2.895342350E0,-4.775968790E-1,-5.995386124E0
6.437985464E1,-1.138104320E0,2.772493839E0,-4.887882710E0
6.438775869E1,-1.090508580E0,9.450864792E-1,-4.196483612E0
6.439572378E1,-3.949632049E-1,1.344543338E0,-2.932847500E0
6.440365835E1,-4.325977862E-1,1.407583594E0,-1.919335842E0
6.441162344E1,-2.665925622E-1,1.379534960E0,2.509593964E-1
6.441955801E1,2.456510067E-2,1.349237323E0,2.722223282E0
6.442749258E1,1.085109472E0,1.034521580E0,4.585599899E0
6.443539663E1,1.349861383E0,8.025907278E-1,6.428768158E0
6.444330069E1,1.076342821E0,1.048581481E0,6.275609016E0
6.445126577E1,3.417444825E-1,1.207022667E0,5.617658615E0
6.445920034E1,-3.088420630E-1,1.400075912E0,5.012698174E0
6.446710440E1,3.413729668E-1,1.320829511E0,3.722552299E0
6.447506948E1,-4.182472825E-1,9.303458929E-1,2.365510941E0
6.448297354E1,-7.429503202E-1,9.551020861E-1,1.349501610E0
6.449093863E1,-1.238002658E0,9.516447783E-1,1.020418167E0
6.449890371E1,-2.877549648E0,6.322437525E-1,3.499660492E-1
6.450677725E1,-3.694841385E0,1.222174525E0,1.081848145E-2
6.451474234E1,-3.583074331E0,8.768864870E-1,6.266736984E-1
6.452264639E1,-2.813755274E0,4.966394901E-1,1.866300583E0
6.453058096E1,-2.154027700E0,8.306339979E-1,2.694596291E0
6.453854605E1,-1.082990646E0,9.285393953E-1,3.799501419E0
6.454645010E1,-4.490464032E-1,1.128346205E0,4.519269943E0
6.455432364E1,-3.864952028E-1,1.013895512E0,4.112671852E0
6.456225821E1,-7.797291875E-1,8.669873476E-1,3.208033562E0
6.457022329E1,-9.642600417E-1,3.627102375E-1,2.084609985E0
6.457812735E1,-1.355352759E0,-3.785320520E-1,1.350105286E0
6.458603140E1,-1.970699072E0,-1.126584530E0,1.228860855E0
6.459393545E1,-2.009780407E0,-1.735331059E0,1.585693359E0
6.460187002E1,-1.919118524E0,-2.254962921E0,3.039960861E0
6.460983511E1,-1.463110089E0,-2.607642651E0,5.007034302E0
6.461773916E1,-1.271020174E0,-2.600394964E0,5.841461182E0
6.462561270E1,-1.202306628E0,-2.563502789E0,5.765019417E0
6.463351675E1,-1.128032684E0,-2.546573877E0,5.031985283E0
6.464139029E1,-1.590974927E0,-2.222146511E0,3.953104973E0
6.464938589E1,-1.473254800E0,-1.972310066E0,2.834973335E0
6.465732046E1,-1.954258680E0,-1.659244299E0,9.923000336E-1
6.466522452E1,-2.262916327E0,-1.252398729E0,-4.837245941E-1
6.467315909E1,-2.345432281E0,-1.083303571E0,-1.118330002E0
6.468106314E1,-2.294893265E0,-9.878284335E-1,-1.591341019E0
6.468905874E1,-1.994596839E0,-7.712351680E-1,-1.797461510E0
6.469696280E1,-2.621504307E0,-3.181943893E-1,-1.648188591E0
6.470486685E1,-2.615884542E0,-2.243802547E-1,-2.139173508E0
6.471277090E1,-2.017895937E0,-3.720068932E-1,-2.558988571E0
6.472070547E1,-2.433550835E0,-3.235677481E-1,-2.531358242E0
6.472867056E1,-1.219438195E0,-2.420691252E-1,-2.659134865E0
6.473657461E1,-8.816887140E-1,-4.640041590E-1,-2.583151817E0
6.474444815E1,-6.990072727E-1,-3.276017904E-1,-2.566621780E0
6.475235220E1,-6.066179276E-1,-3.635369539E-1,-2.841569424E0
6.476028677E1,-4.831905365E-1,-2.140400410E-1,-2.804738522E0
6.476828238E1,-3.217947483E-1,-1.003293991E-1,-2.709927082E0
6.477621695E1,-4.672919810E-1,1.429357529E-1,-2.781907558E0
6.478412100E1,-3.578542769E-1,2.214845419E-1,-2.948715687E0
6.479208609E1,-2.999163866E-1,1.988807917E-1,-2.710339546E0
6.480002066E1,-1.614572406E-1,1.735851765E-1,-2.756185532E0
6.480801626E1,-1.294034719E-2,9.597527981E-2,-2.717295170E0
6.481598135E1,-1.970375180E-1,-1.831769943E-2,-2.950828552E0
6.482388540E1,-5.489382744E-1,1.361948252E-1,-2.812005997E0
6.483181997E1,-6.207846403E-1,1.114026308E-1,-2.579280853E0
6.483972403E1,-4.068643451E-1,1.184370518E-1,-2.951405048E0
6.484768911E1,-5.518079400E-1,1.912741661E-1,-3.668941498E0
6.485556265E1,-7.776895761E-1,2.263518572E-1,-4.021247387E0
6.486355826E1,-6.160127521E-1,6.865208149E-1,-5.032999516E0
6.487152334E1,-4.644875526E-1,8.891495466E-1,-5.564150333E0
6.487945791E1,-2.281143069E-1,1.098946571E0,-5.371711254E0
6.488745352E1,-1.757155657E-1,1.183695078E0,-4.595666409E0
6.489535757E1,-2.041840553E-2,1.013010144E0,-3.377661705E0
6.490326162E1,-7.850050926E-2,9.338344336E-1,-1.536051750E0
6.491116568E1,4.685430527E-1,7.926821709E-1,3.100347519E-1
6.491910025E1,1.048792601E-1,8.168891668E-1,2.293191910E0
6.492706534E1,4.535853863E-2,8.875095844E-1,3.894550323E0
6.493515249E1,-7.013332844E-2,1.022783279E0,4.923541069E0
6.494305655E1,-1.204745770E-1,1.135744691E0,4.893585205E0
6.495099112E1,-7.364785671E-2,1.175780892E0,4.262838364E0
6.495889517E1,1.991291046E-1,1.012280703E0,3.276057243E0
6.496686026E1,-1.584943533E-1,1.282574654E0,2.226844788E0
6.497476431E1,-3.696185350E-1,1.448155403E0,1.139472008E0
6.498263784E1,-8.918547630E-2,1.314802170E0,6.314420700E-1
6.499051138E1,1.837871075E-1,1.104035735E0,2.427120209E-1
6.499844595E1,4.065034389E-1,7.856630087E-1,3.837070465E-1
6.500638052E1,8.403189182E-1,4.353513718E-1,1.193282127E0
6.501434561E1,1.146040916E0,3.089849949E-1,2.467638016E0
6.502221914E1,9.698004723E-1,6.564229727E-1,4.089391708E0
6.503018423E1,2.388682365E0,9.495613575E-1,5.727266312E0
6.503805777E1,1.919109225E0,1.474756122E0,5.876346588E0
6.504605337E1,2.359443188E0,1.511256218E0,5.675667763E0
6.505398794E1,2.227870464E0,1.517957687E0,4.557242393E0
6.506192251E1,2.357310057E0,1.099182487E0,3.751390457E0
6.506982656E1,1.543012977E0,8.194944859E-1,2.976832390E0
6.507773062E1,2.100558758E0,1.459515095E-1,3.422772408E0
6.508572622E1,2.070828438E0,-8.563320637E-1,3.497534752E0
6.509366079E1,1.131425142E0,-8.802852631E-1,3.416017532E0
6.510156485E1,2.251514196E-1,-8.524482250E-1,3.411864281E0
6.510952993E1,1.058435798E0,-1.570834160E0,2.753081322E0
6.511746450E1,9.759075642E-1,-1.407007933E0,1.837166786E0
6.512542959E1,9.288848639E-1,-1.566392183E0,9.026536942E-1
6.513336416E1,1.045914531E0,-1.754135966E0,5.547809601E-2
6.514126822E1,9.588027000E-1,-1.761026978E0,-5.039739609E-1
6.514923330E1,9.117875099E-1,-1.784367442E0,-6.887960434E-1
6.515716787E1,5.009990931E-1,-1.537758946E0,-6.607818604E-1
6.516516348E1,2.165294886E-1,-1.404490232E0,-7.017726898E-1
6.517306753E1,-2.779077291E-1,-1.207257509E0,-5.315618515E-1
6.518100210E1,2.546740770E-1,-1.178366423E0,-6.853342056E-1
6.518893667E1,7.465624809E-2,-1.157051802E0,-1.212682724E0
6.519684072E1,-9.922885895E-2,-1.095003128E0,-1.484097481E0
6.520480581E1,-1.209355593E-1,-1.157357216E0,-1.631103992E0
6.521270987E1,-3.837652206E-1,-1.199056864E0,-1.880688667E0
6.522061392E1,-5.807645321E-1,-1.133870840E0,-2.339864731E0
6.522857901E1,-7.860246897E-1,-1.129967093E0,-2.934365273E0
6.523648306E1,-9.861536026E-1,-1.122306824E0,-3.511426926E0
6.524450918E1,-1.201994419E0,-1.078876376E0,-4.174288750E0
6.525241324E1,-1.069802403E0,-1.004375458E0,-4.755366325E0
6.526028677E1,-1.080092788E0,-9.051212072E-1,-5.003185749E0
6.526816031E1,-9.549782872E-1,-6.681659222E-1,-4.862506866E0
6.527609488E1,-9.198240042E-1,-5.028489828E-1,-4.417351723E0
6.528405996E1,-9.412750602E-1,-2.138504982E-1,-3.350073338E0
6.529199453E1,-9.656159878E-1,2.612102032E-2,-2.574752331E0
6.529986807E1,-9.403186440E-1,1.795415878E-1,-2.155241013E0
6.530783316E1,-9.344203472E-1,3.233577013E-1,-2.193609238E0
6.531576773E1,-8.725944161E-1,4.559205770E-1,-2.496555805E0
6.532373282E1,-6.371234059E-1,6.962770224E-1,-2.850908756E0
6.533163687E1,-5.853236914E-1,8.242951632E-1,-3.228312016E0
6.533954092E1,-3.210791349E-1,1.163159251E0,-3.611806870E0
6.534747549E1,-3.759443760E-1,1.281985760E0,-4.713841915E0
6.535537954E1,-3.111485839E-1,1.421500921E0,-5.785665512E0
6.536334463E1,-2.691891491E-1,1.543073416E0,-6.234995842E0
6.537127920E1,-1.355962157E-1,1.583465338E0,-5.497252941E0
6.537921377E1,-3.295066953E-1,1.571425915E0,-4.043946266E0
6.538714834E1,-5.431176424E-1,1.562795520E0,-2.176519394E0
6.539505240E1,-3.958010972E-1,1.338795066E0,-3.088636398E-1
6.540301748E1,-3.114388585E-1,1.055763721E0,1.766235352E0
6.541095205E1,-3.212098181E-1,9.446346760E-1,3.649288177E0
6.541891714E1,-4.792587161E-1,8.876692057E-1,5.403439522E0
6.542682119E1,-5.586248040E-1,9.166989326E-1,6.557851791E0
6.543472525E1,-5.783525705E-1,8.639445305E-1,6.826934814E0
6.544269034E1,-6.342090368E-1,6.560925245E-1,6.081463814E0
6.545062490E1,-7.437291145E-1,5.848875046E-1,4.293083191E0
6.545852896E1,-9.897103310E-1,5.727356672E-1,2.383829117E0
6.546649405E1,-1.174111485E0,6.361995935E-1,1.148803711E0
6.547439810E1,-1.269898653E0,8.257961273E-1,3.010559082E-1
6.548239370E1,-1.255145192E0,8.995648623E-1,1.650714874E-1
6.549035879E1,-1.179990172E0,8.773686886E-1,6.752729416E-1
6.549829336E1,-1.285255909E0,8.972177505E-1,1.430801392E0
6.550622793E1,-9.400452375E-1,8.971594572E-1,2.462007523E0
6.551416250E1,-1.544821143E0,1.332138300E0,3.741038322E0
6.552215811E1,-1.342467427E0,7.662267685E-1,3.208138466E0
6.553009268E1,-1.223715186E0,2.906446457E-1,2.826650620E0
6.553799673E1,-1.464632392E0,1.191433668E-1,3.397674561E0
6.554593130E1,-1.391497731E0,-6.200004816E-1,3.760499954E0
6.555383535E1,-1.917300105E0,-1.059931874E0,4.023673058E0
6.556183096E1,-1.819165707E0,-1.398695946E0,3.938906670E0
6.556973501E1,-1.731861830E0,-1.813026309E0,3.974548340E0
6.557763906E1,-1.923695087E0,-2.086270332E0,4.299959183E0
6.558554312E1,-1.818534732E0,-2.082189083E0,4.479352951E0
6.559341665E1,-1.728958130E0,-2.133178949E0,4.031797409E0
6.560141226E1,-1.621194243E0,-2.043452263E0,3.139338493E0
6.560937735E1,-1.588981152E0,-1.924724936E0,2.400398254E0
6.561728140E1,-1.614648938E0,-1.748980522E0,1.833918571E0
6.562518545E1,-1.657390952E0,-1.463753581E0,1.281947136E0
6.563308950E1,-1.752513766E0,-1.125284433E0,7.447061539E-1
6.564105459E1,-1.800987720E0,-7.931610942E-1,1.622915268E-1
6.564895865E1,-1.759949327E0,-5.286508799E-1,-2.883043289E-1
6.565683218E1,-1.714261055E0,-3.522502184E-1,-9.400777817E-1
6.566479727E1,-1.173709035E0,-9.031999111E-2,-1.197104454E0
6.567270132E1,-1.028165340E0,-5.158388615E-2,-1.610502243E0
6.568066641E1,-7.727078199E-1,1.340501308E-1,-2.065146923E0
6.568857046E1,-7.164063454E-1,8.694982529E-2,-2.453051090E0
6.569647452E1,-8.115216494E-1,5.182027817E-4,-3.125688553E0
6.570440909E1,-7.596625686E-1,-5.332756042E-2,-3.676149845E0
6.571231314E1,-6.591384411E-1,-2.784907818E-2,-3.873236179E0
6.572030874E1,-6.411984563E-1,-6.478428841E-3,-3.655614376E0
6.572821280E1,-3.201212883E-1,-6.263446808E-2,-3.441469669E0
6.573608633E1,-1.751906872E-1,-1.356904507E-1,-3.519723892E0
6.574399038E1,-8.301708847E-3,-1.525354385E-1,-3.748457432E0
6.575192495E1,1.886456013E-1,-2.887287140E-1,-4.077258110E0
6.575989004E1,1.949520707E-1,-2.846857309E-1,-4.180301666E0
6.576779410E1,9.196038544E-2,-2.764122486E-1,-3.997834206E0
6.577571469E1,9.582933784E-2,-2.814468145E-1,-3.512962341E0
6.578361874E1,1.281951517E-1,-2.582781315E-1,-3.165486813E0
6.579152279E1,2.018589824E-1,-3.115698099E-1,-3.101535320E0
6.579948788E1,2.537917793E-1,-3.621439934E-1,-3.005016804E0
6.580739194E1,3.488158584E-1,-2.841669321E-1,-2.980931759E0
6.581526547E1,2.261200547E-1,-1.390978098E-1,-3.029759407E0
6.582323056E1,1.664169133E-1,1.072560549E-1,-3.307149887E0
6.583113461E1,6.514197588E-2,3.810762167E-1,-3.657475948E0
6.583913022E1,-9.006586671E-2,5.849820375E-1,-4.086257458E0
6.584706479E1,-2.963437438E-1,8.082283735E-1,-4.321324825E0
6.585502987E1,-4.516164958E-1,9.900114536E-1,-4.394278049E0
6.586290341E1,-5.487583876E-1,1.146150351E0,-3.972900391E0
6.587083798E1,-6.268990636E-1,1.157907963E0,-2.957923412E0
6.587880307E1,-5.772390962E-1,1.077157855E0,-1.928006172E0
6.588667660E1,-4.327121079E-1,1.054255724E0,-6.191616058E-1
6.589461117E1,-2.821622491E-1,1.077954769E0,8.514127731E-1
6.590257626E1,-2.984553576E-2,1.138782263E0,2.113442421E0
6.591051083E1,-3.803789616E-2,1.373004675E0,3.392747879E0
6.591850644E1,-2.135270238E-1,1.602171421E0,4.032898903E0
6.592641049E1,-1.354777813E-1,1.674487472E0,4.127265930E0
6.593440610E1,2.163212895E-1,1.660192370E0,3.739023209E0
6.594240170E1,5.003600717E-1,1.532373905E0,2.742751122E0
6.595030575E1,3.873045444E-1,1.437052488E0,1.817303658E0
6.595830136E1,2.352935672E-1,1.178835392E0,1.045245171E0
6.596620541E1,2.888384461E-1,9.241449833E-1,8.278017044E-1
6.597407895E1,3.343378305E-1,5.884184837E-1,1.364995003E0
6.598204404E1,4.595288038E-1,3.790411949E-1,2.607347488E0
6.598994809E1,6.866203547E-1,3.171429634E-1,3.672741890E0
6.599791318E1,1.081276298E0,6.619050503E-1,4.346500397E0
6.600590878E1,1.461406946E0,1.421438217E0,5.060954094E0
6.601381283E1,1.463593602E0,1.988095522E0,5.294651031E0
6.602171689E1,1.658722281E0,2.290123940E0,4.387533188E0
6.602965146E1,1.760847211E0,2.266034842E0,3.404477119E0
6.603758603E1,1.534498692E0,1.827093840E0,2.555370331E0
6.604552060E1,1.230369568E0,1.202297926E0,2.300476074E0
6.605342465E1,1.200063109E0,4.288051128E-1,2.505598068E0
6.606138974E1,7.965788841E-1,-4.025781155E-1,2.845509529E0
6.606932431E1,6.026424170E-1,-1.069089770E0,2.906948090E0
6.607728940E1,3.543858528E-1,-1.463402033E0,2.561770439E0
6.608522397E1,2.268730402E-1,-1.641766071E0,2.204998970E0
6.609312802E1,1.478022337E-1,-1.734882116E0,1.804911613E0
6.610109311E1,9.144806862E-2,-1.719079018E0,1.222558975E0
6.610899716E1,1.202284098E-1,-1.692693949E0,5.249643326E-1
6.611699276E1,2.342306376E-1,-1.728932858E0,-5.949020386E-3
6.612489682E1,2.600654364E-1,-1.542871714E0,-3.299474716E-1
6.613277035E1,3.807568550E-1,-1.394897223E0,-6.298255920E-1
6.614073544E1,3.490594625E-1,-1.152834177E0,-1.026822090E0
6.614863949E1,3.034961224E-1,-1.040964007E0,-1.217494011E0
6.615660458E1,3.658580780E-1,-9.208321571E-1,-1.122054100E0
6.616447812E1,4.326926470E-1,-8.623704910E-1,-1.056306839E0
6.617241269E1,3.189628124E-1,-7.429910898E-1,-1.101110458E0
6.618031674E1,7.970643044E-2,-7.208125591E-1,-1.274549484E0
6.618822079E1,5.185616016E-2,-6.603732109E-1,-1.712845325E0
6.619621640E1,-3.810513020E-2,-6.349767447E-1,-2.260056019E0
6.620412045E1,-2.476471066E-1,-6.050487757E-1,-2.705800533E0
6.621205502E1,-3.530099392E-1,-5.728185177E-1,-3.229582787E0
6.621995907E1,-4.695049524E-1,-5.780252218E-1,-3.830881119E0
6.622786313E1,-5.417587757E-1,-6.176582575E-1,-4.521860600E0
6.623585873E1,-8.087612987E-1,-6.428426504E-1,-5.329107285E0
6.624373227E1,-9.735843539E-1,-6.679650545E-1,-5.865662575E0
6.625163632E1,-1.421825886E0,-7.044249773E-1,-6.048477173E0
6.625960141E1,-1.745109558E0,-6.433314085E-1,-5.617738247E0
6.626750546E1,-1.968875647E0,-4.578148127E-1,-4.290812969E0
6.627550107E1,-2.104370117E0,-3.182973862E-1,-2.891031265E0
6.628343564E1,-1.741275549E0,-3.688335419E-4,-1.537084579E0
6.629130917E1,-1.334710598E0,2.923604250E-1,-6.302976608E-1
6.629921322E1,-7.545471191E-1,7.558006048E-1,2.602577209E-2
6.630711728E1,-5.110859871E-1,9.015938044E-1,-2.948522568E-1
6.631508237E1,-4.357562065E-1,1.504976988E0,-1.312685013E0
6.632304745E1,-6.298303604E-1,1.769771338E0,-2.665890217E0
6.633095150E1,-7.320023179E-1,1.958323002E0,-3.506737709E0
6.633885556E1,-8.010736704E-1,1.967026472E0,-4.355828285E0
6.634675961E1,-8.940318823E-1,1.909034133E0,-4.470067501E0
6.635472470E1,-1.217685699E0,1.738077044E0,-3.656825542E0
6.636265927E1,-1.463596582E0,1.523881674E0,-1.993413925E0
6.637056332E1,-1.664747477E0,1.216153502E0,-5.970191956E-2
6.637852841E1,-1.669239163E0,8.670554161E-1,1.487311363E0
6.638643246E1,-1.611692667E0,6.902509928E-1,3.261059761E0
6.639442807E1,-1.667844176E0,4.884593487E-1,4.738037109E0
6.640236264E1,-1.640623808E0,5.043621063E-1,5.234560966E0
6.641026669E1,-1.500563383E0,4.004005194E-1,5.531930923E0
6.641823178E1,-1.520008326E0,4.545497894E-1,4.776543617E0
6.642616635E1,-1.552124023E0,5.680707693E-1,3.705346107E0
6.643416196E1,-1.786249638E0,5.760731697E-1,2.869276047E0
6.644206601E1,-1.999344230E0,7.340899706E-1,1.955751419E0
6.644997006E1,-2.196620226E0,8.694654703E-1,1.035907745E0
6.645790463E1,-2.282115698E0,9.554283619E-1,4.244966507E-1
6.646580868E1,-2.220558167E0,9.077981710E-1,3.598966599E-1
6.647377377E1,-2.139452696E0,7.097089291E-1,9.702129364E-1
6.648173886E1,-1.811878204E0,4.287832975E-1,2.057804108E0
6.648961239E1,-1.478488684E0,3.945468664E-1,3.193246841E0
6.649748593E1,-1.261391521E0,6.350065470E-1,4.162186623E0
6.650542050E1,-1.363172293E0,4.245696068E-1,4.368048668E0
6.651338559E1,-1.291907310E0,1.839753389E-1,3.735278130E0
6.652128964E1,-1.259692430E0,5.354189873E-2,2.849171638E0
6.652916318E1,-1.355003953E0,-3.397755623E-1,1.691955566E0
6.653712826E1,-1.611891627E0,-5.494387150E-1,1.086582184E0
6.654503232E1,-1.507301927E0,-8.186284304E-1,9.385471344E-1
6.655302792E1,-1.355378270E0,-9.978468418E-1,1.363941193E0
6.656099301E1,-1.270804167E0,-1.251899719E0,2.251969337E0
6.656889706E1,-9.095798135E-1,-1.241590738E0,2.843230247E0
6.657680112E1,-8.172629476E-1,-1.270431995E0,2.820688248E0
6.658470517E1,-9.076326489E-1,-1.170736670E0,2.237523079E0
6.659270077E1,-1.126945853E0,-1.199477911E0,1.651782036E0
6.660066586E1,-1.222694397E0,-1.415102363E0,9.751100540E-1
6.660853940E1,-1.161944747E0,-1.487602592E0,4.278593063E-1
6.661647397E1,-1.131269455E0,-1.524703741E0,1.316318512E-1
6.662437802E1,-1.138477802E0,-1.432767868E0,1.529178619E-1
6.663234311E1,-1.032642365E0,-1.195910692E0,5.436191559E-1
6.664030820E1,-9.528267980E-1,-1.008878946E0,7.537574768E-1
6.664818173E1,-8.566001058E-1,-8.412190676E-1,6.977882385E-1
6.665605526E1,-6.702397466E-1,-6.726700068E-1,1.442031860E-1
6.666398984E1,-3.528646231E-1,-5.926889181E-1,-4.638977051E-1
6.667198544E1,2.021350265E-1,-4.437608719E-1,-9.516496658E-1
6.667995053E1,4.909949899E-1,-2.386498451E-1,-1.449302673E0
6.668785458E1,4.849042892E-1,4.081594944E-2,-2.374208927E0
6.669575863E1,3.630498052E-1,1.408673525E-1,-3.494170666E0
6.670366269E1,3.073985279E-1,1.155629158E-1,-4.827102184E0
6.671156674E1,2.636198401E-1,1.943826675E-2,-5.713002682E0
6.671950131E1,1.115608588E-1,1.048737764E-1,-5.803830147E0
6.672740536E1,2.833871730E-2,1.703392267E-1,-5.482454300E0
6.673537045E1,6.446166337E-2,1.797828674E-1,-5.021231651E0
6.674327450E1,2.014078200E-1,1.318274736E-1,-4.278548717E0
6.675130063E1,3.119975328E-1,1.764789820E-1,-3.246162891E0
6.675920468E1,3.019750118E-1,1.900030375E-1,-2.361129284E0
6.676707821E1,1.807793528E-1,2.488088608E-1,-1.469494820E0
6.677498227E1,1.359703690E-1,2.177950144E-1,-8.868579865E-1
6.678288632E1,2.175312936E-1,1.797838211E-1,-1.073630333E0
6.679088193E1,1.858275682E-1,2.240791321E-1,-2.016260624E0
6.679881650E1,7.923176885E-2,3.623203039E-1,-3.066474915E0
6.680669003E1,-1.008810252E-1,4.948568344E-1,-3.817990780E0
6.681459408E1,-2.346769869E-1,5.875574350E-1,-4.238721848E0
6.682249814E1,-3.772572875E-1,6.584532261E-1,-4.334102631E0
6.683046322E1,-4.203345776E-1,6.899511814E-1,-3.911454201E0
6.683839779E1,-3.574583828E-1,6.838396788E-1,-3.351560593E0
6.684633237E1,-3.307095170E-1,5.922293663E-1,-2.362468243E0
6.685426694E1,-2.497803271E-1,6.455918550E-1,-5.235357285E-1
6.686217099E1,-1.625595391E-1,7.012852430E-1,1.658577919E0
6.687013608E1,-2.439880669E-1,8.216834068E-1,3.081821442E0
6.687807065E1,-5.879515409E-1,9.775415659E-1,3.927239418E0
6.688600522E1,-7.199816704E-1,1.063961625E0,3.999323845E0
6.689393979E1,-5.602051020E-1,1.063136935E0,3.339988708E0
6.690184384E1,-4.414533377E-1,1.132225037E0,2.489552498E0
6.690983944E1,-2.608369589E-1,1.261586666E0,1.612222672E0
6.691780453E1,-2.263126075E-1,1.302674294E0,6.545410156E-1
6.692580014E1,-3.580486774E-2,1.271465302E0,-2.806949615E-2
6.693370419E1,1.517300606E-1,1.093288183E0,-2.579059601E-1
6.694160824E1,2.958119512E-1,1.006549120E0,-2.150363922E-1
6.694957333E1,4.632254243E-1,8.010456562E-1,3.254194260E-1
6.695753842E1,2.767916918E-1,1.393601418E0,5.915241241E-1
6.696541196E1,6.220877171E-1,9.160661697E-1,2.424708366E0
6.697328549E1,7.675427198E-1,8.567862511E-1,3.556955338E0
6.698122006E1,6.215450168E-1,6.437971592E-1,4.261637688E0
6.698918515E1,5.476781726E-1,2.225024700E-1,4.807839394E0
6.699711972E1,3.173303604E-2,-3.642592430E-1,5.463508606E0
6.700502377E1,-2.851909399E-1,-8.650856018E-1,6.280443192E0
6.701295834E1,-2.944481373E-1,-1.192060232E0,6.713536263E0
6.702086239E1,-1.255986094E-1,-1.320840359E0,7.050647736E0
6.702885800E1,-7.808136940E-2,-1.135707617E0,7.072497368E0
6.703676205E1,6.130576134E-2,-9.695290327E-1,6.492759705E0
6.704466610E1,1.321352720E-1,-7.296580076E-1,5.420759201E0
6.705257016E1,9.807455540E-2,-5.432187319E-1,3.425079346E0
6.706050473E1,2.400035858E-1,-4.343717098E-1,1.278517723E0
6.706843930E1,3.809304237E-1,-4.402112961E-1,-5.369539261E-1
6.707640439E1,5.820224881E-1,-4.020892382E-1,-1.333630562E0
6.708430844E1,7.130499482E-1,-4.355068207E-1,-1.636634827E0
6.709221249E1,8.526873589E-1,-3.999842405E-1,-1.222061157E0
6.710014706E1,9.901026487E-1,-4.814498425E-1,-7.209949493E-1
6.710814267E1,1.322331667E0,-6.694705486E-1,-1.904077530E-1
6.711604672E1,1.531433821E0,-8.316594362E-1,1.328659058E-1
6.712395077E1,1.624344468E0,-1.011681914E0,2.474441528E-1
6.713188534E1,1.621907115E0,-1.163061023E0,-1.500539780E-1
6.713978940E1,1.218621254E0,-1.185166359E0,-6.906137466E-1
6.714775448E1,9.324043393E-1,-1.231061220E0,-1.185127258E0
6.715562802E1,6.525114179E-1,-1.146259785E0,-1.750815392E0
6.716356259E1,2.872670293E-1,-1.077587366E0,-2.257697582E0
6.717146664E1,-1.395747066E-1,-1.150026560E0,-3.025032997E0
6.717937070E1,-4.230437577E-1,-1.004383087E0,-3.610818863E0
6.718733578E1,-6.057308316E-1,-7.661949396E-1,-3.544319153E0
6.719523984E1,-6.450330019E-1,-4.705585241E-1,-2.974387646E0
6.720314389E1,-5.649188757E-1,-2.602735758E-1,-2.458653927E0
6.721104794E1,-3.333673477E-1,-8.670842648E-2,-2.098762989E0
6.721898251E1,-2.504038811E-1,-9.504497051E-2,-2.317734241E0
6.722691708E1,-2.921960056E-1,9.482622147E-2,-2.597770691E0
6.723488217E1,-4.589443207E-1,2.690862417E-1,-2.361834526E0
6.724281674E1,-5.145273805E-1,4.546819925E-1,-1.865489006E0
6.725072079E1,-4.384793043E-1,5.603584051E-1,-1.860183239E0
6.725862484E1,-3.653505445E-1,5.449894667E-1,-2.369199276E0
6.726658993E1,-3.399623036E-1,6.674381495E-1,-3.125770092E0
6.727449399E1,-4.836620986E-1,6.850904226E-1,-3.657290936E0
6.728239804E1,-9.288914204E-1,1.101298928E0,-4.295054436E0
6.729030209E1,-1.182491779E0,1.398086309E0,-4.755288601E0
6.729820614E1,-1.536804318E0,1.484027147E0,-5.026928425E0
6.730617123E1,-1.606525779E0,1.482042193E0,-5.027538300E0
6.731410580E1,-1.711111546E0,1.427813888E0,-3.912280560E0
6.732200986E1,-1.632404089E0,1.256988168E0,-2.031014919E0
6.732991391E1,-1.360229969E0,1.301134348E0,-2.019491196E-1
6.733781796E1,-1.181279540E0,1.221133113E0,1.789743423E0
6.734581357E1,-9.874936342E-1,1.042216659E0,3.171894073E0
6.735371762E1,-8.865661025E-1,8.951821327E-1,3.618610382E0
6.736159115E1,-9.125438929E-1,7.880996466E-1,3.213841438E0
6.736946469E1,-1.135119081E0,7.785022259E-1,2.351005554E0
6.737739926E1,-1.394719005E0,8.997700214E-1,1.765912056E0
6.738536435E1,-1.580467224E0,9.766266346E-1,1.432712555E0
6.739326840E1,-1.625508666E0,9.470326900E-1,9.226932526E-1
6.740117245E1,-1.450547218E0,9.458916187E-1,3.402652740E-1
6.740913754E1,-1.023603082E0,9.188015461E-1,-1.560306549E-2
6.741704159E1,-9.750893116E-1,9.308307171E-1,-1.494655609E-1
6.742500668E1,-8.592191935E-1,1.046808243E0,-5.436229706E-2
6.743291073E1,-7.550602555E-1,1.138151407E0,2.358713150E-1
6.744078427E1,-7.673649788E-1,1.025406361E0,5.451745987E-1
6.744868832E1,-8.853684068E-1,7.696082592E-1,9.446477890E-1
6.745656186E1,-9.545441270E-1,3.147919178E-1,1.846464157E0
6.746455746E1,-8.750189543E-1,-2.662057877E-1,2.777079582E0
6.747249203E1,-6.369601488E-1,-7.063649893E-1,3.446520805E0
6.748042660E1,-4.266879559E-1,-1.171769500E0,4.322455406E0
6.748833066E1,-1.568872929E-1,-1.480641365E0,5.496460915E0
6.749623471E1,1.649948359E-1,-1.545357585E0,6.348546982E0
6.750419980E1,2.614837289E-1,-1.419230461E0,6.573345184E0
6.751216488E1,2.711751163E-1,-1.318558931E0,6.129710197E0
6.752003842E1,-4.886968434E-2,-1.126622200E0,4.941092491E0
6.752800351E1,-5.521231890E-1,-1.019601464E0,3.527333260E0
6.753593808E1,-9.522689581E-1,-1.010553956E0,1.896734238E0
6.754393368E1,-1.367757559E0,-1.016797423E0,4.937858582E-1
6.755186825E1,-1.684846044E0,-1.071522117E0,-4.509849548E-1
6.755977231E1,-1.869196892E0,-1.102879882E0,-8.088712692E-1
6.756767636E1,-1.966201067E0,-1.204606295E0,-7.982110977E-1
6.757558041E1,-1.835103631E0,-1.400039673E0,-5.728502274E-1
6.758354550E1,-1.682098866E0,-1.504834414E0,-9.801959991E-2
6.759144955E1,-1.686435223E0,-1.453152418E0,3.896770477E-1
6.759935360E1,-1.701755404E0,-1.262395382E0,9.394626617E-1
6.760728818E1,-1.720111012E0,-1.054196477E0,9.178609848E-1
6.761519223E1,-1.575962782E0,-9.211846590E-1,6.441411972E-1
6.762315732E1,-1.365108371E0,-6.643211842E-1,-3.926277161E-3
6.763103085E1,-1.080267549E0,-3.316102028E-1,-7.510938644E-1
6.763893490E1,-9.188295603E-1,-7.205104828E-2,-1.620317459E0
6.764689999E1,-7.096908689E-1,1.433721781E-1,-2.370875835E0
6.765483456E1,-5.612316728E-1,1.658539772E-1,-3.199504375E0
6.766279965E1,-5.056098700E-1,2.103250027E-1,-4.123054981E0
6.767076474E1,-4.972307980E-1,1.721704006E-1,-4.826041222E0
6.767863827E1,-5.025771856E-1,8.799982071E-2,-5.215691566E0
6.768660336E1,-5.157462358E-1,1.692450047E-2,-5.368883133E0
6.769450741E1,-4.299544096E-1,-3.800773621E-2,-5.118093014E0
6.770250302E1,-1.649475098E-1,-3.428639174E-1,-4.867806911E0
6.771046811E1,3.860133886E-2,-4.019813538E-1,-4.136276245E0
6.771834164E1,6.833851337E-3,-3.304951191E-1,-3.038171291E0
6.772630673E1,-2.083246708E-1,-1.579520702E-1,-2.290935040E0
6.773421078E1,-3.951219618E-1,-6.102442741E-3,-2.305572510E0
6.774217587E1,-5.198687315E-1,1.545581818E-1,-2.888095856E0
6.775014096E1,-5.166150331E-1,2.735090256E-1,-3.717120647E0
6.775804501E1,-5.670841336E-1,5.506385565E-1,-4.451289177E0
6.776594906E1,-6.332108974E-1,8.081251383E-1,-4.706024647E0
6.777388363E1,-5.646921992E-1,1.075296164E0,-4.635472775E0
6.778181821E1,-5.671762228E-1,1.244451404E0,-4.003095150E0
6.778978329E1,-5.138404965E-1,1.297122717E0,-2.826240063E0
6.779765683E1,-3.889108896E-1,1.358608723E0,-1.413378716E0
6.780562192E1,-7.517379522E-2,1.274768710E0,4.441652298E-1
6.781352597E1,9.740710258E-3,1.142418146E0,2.045366287E0
6.782149106E1,-8.230042458E-2,1.051514030E0,2.847615242E0
6.782942563E1,-2.301268578E-1,1.003795624E0,3.248762131E0
6.783732968E1,-4.061540961E-1,9.598942995E-1,3.213249207E0
6.784523373E1,-5.733416080E-1,1.159365058E0,2.942297935E0
6.785313778E1,-7.136060596E-1,1.309437513E0,2.746426582E0
6.786107236E1,-8.253939748E-1,1.456872702E0,2.455277443E0
6.786903744E1,-8.404121399E-1,1.561490774E0,1.922806740E0
6.787694150E1,-7.037913799E-1,1.609277487E0,1.534100533E0
6.788484555E1,-5.885061026E-1,1.507920265E0,1.166790009E0
6.789278012E1,-4.977430999E-1,1.277642727E0,8.852615356E-1
6.790077572E1,-3.237355947E-1,1.042757273E0,9.279527664E-1
6.790864926E1,-2.227812409E-1,8.261408806E-1,1.325968742E0
6.791655331E1,-2.027529478E-2,5.968916416E-1,2.040904999E0
6.792451840E1,2.597057819E-1,4.534766674E-1,2.969976425E0
6.793254452E1,5.574927330E-1,5.995824337E-1,4.042277336E0
6.794054013E1,7.942864895E-1,9.115858078E-1,4.615065575E0
6.794844418E1,7.741822004E-1,1.131532669E0,4.674516678E0
6.795631772E1,9.826359749E-1,1.269268751E0,3.971713066E0
6.796419125E1,7.303358316E-1,1.358973980E0,3.197790146E0
6.797209530E1,2.230235338E-1,1.143238068E0,2.595684052E0
6.798009091E1,-3.069301248E-1,6.905722618E-1,2.035350800E0
6.798802548E1,-7.562496066E-1,4.461026192E-2,1.919682503E0
6.799592953E1,-6.920520067E-1,-2.481057644E-1,2.292037010E0
6.800389462E1,-9.891396761E-1,-5.665457249E-1,2.598257065E0
6.801182919E1,-1.293131948E0,-4.780735970E-1,2.752045631E0
6.801982480E1,-7.068025470E-1,-3.683986664E-1,2.783746719E0
6.802772885E1,-6.490330696E-1,-5.677654743E-1,2.364428520E0
6.803563290E1,-2.373006940E-1,-2.664468288E-1,1.527619362E0
6.804353696E1,2.894304395E-1,-4.638996124E-1,2.112674713E-1
6.805147153E1,5.029190779E-1,-3.798785210E-1,-8.196048737E-1
6.805943661E1,3.970572948E-1,-2.964303493E-1,-1.456008911E0
6.806734067E1,1.690416336E-1,-4.026567936E-1,-1.950330734E0
6.807521420E1,-9.217369556E-2,-5.388460159E-1,-2.430644512E0
6.808308774E1,-2.691398859E-1,-7.007074356E-1,-2.640880108E0
6.809102231E1,-3.575622737E-1,-9.434850216E-1,-2.659734726E0
6.809898739E1,-2.308921814E-1,-1.149660110E0,-2.280541420E0
6.810689145E1,-6.454408169E-3,-1.279810309E0,-1.432715893E0
6.811476498E1,1.854705811E-1,-1.399275899E0,-7.023878098E-1
6.812273007E1,2.682103515E-1,-1.469770908E0,-2.140731812E-1
6.813066464E1,1.510652900E-1,-1.582961321E0,-2.801628113E-1
6.813862973E1,-6.685000658E-2,-1.624356031E0,-6.195468903E-1
6.814659482E1,-2.455304563E-1,-1.561676979E0,-1.119616508E0
6.815449887E1,-3.971684575E-1,-1.464699507E0,-1.660685062E0
6.816240292E1,-5.718088150E-1,-1.387229800E0,-2.328797340E0
6.817027646E1,-7.995504141E-1,-1.387982130E0,-2.995468140E0
6.817827206E1,-1.069350958E0,-1.259570599E0,-3.732835293E0
6.818617612E1,-1.307863951E0,-1.079965472E0,-4.249555588E0
6.819408017E1,-1.367656231E0,-1.007774472E0,-4.405266762E0
6.820204526E1,-1.341235757E0,-7.827352285E-1,-4.157675266E0
6.820997983E1,-1.283416748E0,-3.434357643E-1,-3.350946903E0
6.821794491E1,-1.126864910E0,-2.420592308E-2,-2.348633289E0
6.822584897E1,-8.626127243E-1,9.502959251E-2,-1.695311546E0
6.823372250E1,-4.979784191E-1,1.640460491E-1,-1.279627800E0
6.824162655E1,-1.870801747E-1,2.619318962E-1,-1.067736626E0
6.824956112E1,-3.168296814E-2,4.217038155E-1,-7.648220062E-1
6.825755673E1,-1.780395806E-1,5.766780376E-1,-6.996078491E-1
6.826543026E1,1.611447334E-2,5.986382961E-1,-1.470374107E0
6.827333432E1,-7.387640476E-1,7.899339199E-1,-1.740759850E0
6.828129941E1,-1.042837143E0,1.072756767E0,-2.395459652E0
6.828920346E1,-1.119461060E0,1.034477711E0,-3.018172264E0
6.829716855E1,-1.367227077E0,1.326968431E0,-2.817956924E0
6.830507260E1,-1.386064649E0,1.584707260E0,-2.525604248E0
6.831297665E1,-1.329332113E0,1.700557232E0,-2.002820015E0
6.832088071E1,-1.196940899E0,1.850970507E0,-1.349303246E0
6.832878476E1,-9.653767943E-1,1.859874725E0,-5.576047897E-1
6.833678036E1,-6.836703420E-1,1.921385050E0,4.823417664E-1
6.834474545E1,-4.680431485E-1,1.921393394E0,1.299754143E0
6.835264950E1,-3.164136112E-1,2.005181313E0,1.907335281E0
6.836052304E1,-4.321487546E-1,2.046506643E0,2.042698860E0
6.836845761E1,-5.288345814E-1,2.056255341E0,1.750356674E0
6.837642270E1,-7.549740672E-1,2.145620346E0,1.386909485E0
6.838432675E1,-1.019573212E0,2.124438286E0,1.111810684E0
6.839223080E1,-1.093682528E0,1.864898205E0,9.682664871E-1
6.840010434E1,-1.156259775E0,1.628619671E0,1.041798592E0
6.840809994E1,-1.103612900E0,1.347239494E0,1.581888199E0
6.841612607E1,-1.193635702E0,1.051914215E0,2.418559074E0
6.842406064E1,-1.170070410E0,8.815169334E-1,3.164014816E0
6.843199521E1,-1.104956865E0,8.629367352E-1,3.602211952E0
6.843996029E1,-1.119372606E0,8.499319553E-1,3.942167282E0
6.844789487E1,-1.316017151E0,7.196929455E-1,4.177586555E0
6.845589047E1,-1.542340040E0,5.751874447E-1,3.770452499E0
6.846382504E1,-1.844920754E0,2.306518555E-1,3.394766808E0
6.847175961E1,-2.062376022E0,-1.466894150E-1,2.731455803E0
6.847966366E1,-1.852741718E0,-5.779808760E-1,2.261487007E0
6.848756772E1,-2.190289736E0,-9.371407032E-1,2.476704597E0
6.849556332E1,-1.573315620E0,-1.171261787E0,2.693162918E0
6.850352841E1,-9.982928634E-1,-1.477010727E0,3.443825722E0
6.851146298E1,-2.750647664E-1,-1.521644354E0,4.016177177E0
6.851936703E1,1.959174871E-3,-1.525182724E0,4.138918877E0
6.852727109E1,2.987512946E-2,-1.510797977E0,3.822569847E0
6.853526669E1,-3.948946893E-1,-1.383413076E0,2.759630203E0
6.854317074E1,-7.865469456E-1,-1.255860448E0,1.678593636E0
6.855104428E1,-1.008033037E0,-1.182443857E0,1.051237106E0
6.855891781E1,-1.135396719E0,-1.059992194E0,5.852098465E-1
6.856685238E1,-1.258013129E0,-8.394821882E-1,2.807159424E-1
6.857481747E1,-1.196410537E0,-5.604883432E-1,-5.815696716E-2
6.858272153E1,-1.084405184E0,-3.889830112E-1,-4.224290848E-1
6.859059506E1,-8.756168485E-1,-2.025604248E-1,-9.918270111E-1
6.859846860E1,-8.468472958E-1,-3.774404526E-2,-1.529824734E0
6.860640317E1,-8.736300468E-1,1.437566280E-1,-1.814409733E0
6.861439877E1,-6.950471401E-1,2.053034306E-1,-1.994067192E0
6.862227231E1,-5.115560293E-1,1.958696842E-1,-2.018602848E0
6.863017636E1,-2.871493697E-1,2.071175575E-1,-2.081817627E0
6.863814145E1,-3.829014301E-1,2.372269630E-1,-2.313405514E0
6.864604550E1,-4.905112684E-1,3.059113026E-1,-2.569539547E0
6.865404110E1,-4.852958620E-1,2.171883583E-1,-2.802250862E0
6.866194516E1,-4.914674163E-1,1.276137829E-1,-3.054173470E0
6.866984921E1,-4.631701112E-1,-1.137423515E-2,-3.408657551E0
6.867775326E1,-3.888930976E-1,-1.743257046E-1,-3.776849270E0
6.868565732E1,-2.972765267E-1,-3.567216396E-1,-4.182559013E0
6.869365292E1,-1.834887266E-1,-4.391677380E-1,-4.408333778E0
6.870158749E1,-1.198648214E-1,-5.732374191E-1,-4.461733341E0
6.870949154E1,-4.002118856E-2,-6.090642214E-1,-4.268920898E0
6.871739560E1,-1.322659850E-1,-5.475878716E-1,-3.832048893E0
6.872529965E1,-2.438424528E-1,-4.383809566E-1,-3.306257725E0
6.873326474E1,-1.694455892E-1,-3.607180119E-1,-2.829614639E0
6.874119931E1,-1.813383400E-2,-2.712402344E-1,-2.674390316E0
6.874910336E1,4.025197625E-1,-2.828068733E-1,-2.497441292E0
6.875706845E1,8.139694929E-1,-2.700889111E-1,-2.303816795E0
6.876497250E1,8.541101217E-1,-5.415463448E-2,-2.285023212E0
6.877296811E1,8.277400136E-1,1.567749977E-1,-2.385604858E0
6.878093320E1,7.348243594E-1,3.475728035E-1,-2.683248997E0
6.878883725E1,5.228600502E-1,5.139098167E-1,-2.984884739E0
6.879680234E1,2.417635024E-1,7.596275806E-1,-2.942782402E0
6.880470639E1,-5.242100358E-2,1.001313448E0,-2.339712620E0
6.881270199E1,-2.108137608E-1,1.080005884E0,-1.689224243E0
6.882063656E1,-2.054944336E-1,9.539635181E-1,-9.758434296E-1
6.882854062E1,-2.209448814E-2,7.336246967E-1,-3.041992188E-1
6.883644467E1,5.026715994E-2,7.520704269E-1,8.222770691E-2
6.884437924E1,-2.962145209E-2,6.825721264E-1,5.764656067E-1
6.885234433E1,-1.261255741E-1,5.991084576E-1,7.955722809E-1
6.886021786E1,-2.850803733E-1,5.979220867E-1,9.837789536E-1
6.886818295E1,-5.278081298E-1,5.325427055E-1,1.113990784E0
6.887608700E1,-6.144600511E-1,5.027110577E-1,1.405945778E0
6.888402157E1,-5.794904828E-1,4.029424191E-1,1.898726463E0
6.889201718E1,-4.850594997E-1,3.450038433E-1,2.745645523E0
6.889995175E1,-4.682300687E-1,2.666151524E-1,3.489295959E0
6.890782528E1,-2.307084799E-1,3.311076164E-1,4.088672638E0
6.891572934E1,2.066799402E-1,4.877533913E-1,4.250332832E0
6.892366391E1,7.230865955E-1,8.366670609E-1,3.968104362E0
6.893159848E1,1.030835629E0,8.346543312E-1,3.299373627E0
6.893953305E1,1.337804079E0,8.222591877E-1,2.377855301E0
6.894743710E1,1.301822662E0,7.674305439E-1,1.561720848E0
6.895537167E1,1.139401555E0,4.627475739E-1,1.141850471E0
6.896327572E1,9.754914045E-1,2.033767700E-1,1.337425232E0
6.897124081E1,9.100135565E-1,-3.624796867E-2,2.237440109E0
6.897914487E1,8.170019984E-1,-3.253452778E-1,3.481500626E0
6.898704892E1,6.879826188E-1,-2.904629707E-1,4.184728622E0
6.899495297E1,6.235648990E-1,-2.830343246E-1,4.275516510E0
6.900285702E1,6.547563076E-1,-1.999881268E-1,3.917378426E0
6.901085263E1,7.171617150E-1,-1.086683273E-1,3.393413544E0
6.901878720E1,5.578213930E-1,2.715492249E-2,2.267685890E0
6.902669125E1,4.497579336E-1,9.425997734E-2,7.271499634E-1
6.903459530E1,4.333416820E-1,7.114839554E-2,-5.062389374E-1
6.904249936E1,3.771697283E-1,-1.225614548E-2,-1.120633125E0
6.905049496E1,1.628236771E-1,-1.388740540E-1,-1.444687366E0
6.905842953E1,-1.164035201E-1,-2.739117146E-1,-1.692334652E0
6.906633359E1,-2.098682225E-1,-4.721534252E-1,-1.772099972E0
6.907426816E1,-1.569407284E-1,-6.848766804E-1,-1.591951847E0
6.908220273E1,-6.165462732E-2,-8.594986200E-1,-1.218070030E0
6.909016781E1,-5.828386545E-2,-1.011163473E0,-8.129186630E-1
6.909810238E1,3.501960635E-2,-1.062185645E0,-5.433206558E-1
6.910597592E1,-1.539483666E-2,-1.142466426E0,-2.450895309E-1
6.911394101E1,-2.205751538E-1,-1.103840947E0,-1.641798019E-1
6.912184506E1,-4.653967023E-1,-1.038160682E0,-5.482387543E-1
6.912981015E1,-6.681568623E-1,-9.025011063E-1,-1.136029243E0
6.913774472E1,-7.854235172E-1,-8.344619274E-1,-1.805487156E0
6.914564877E1,-9.189897776E-1,-8.222509623E-1,-2.503839493E0
6.915355282E1,-1.271741509E0,-6.671268940E-1,-2.989894867E0
6.916145688E1,-1.147798061E0,-1.052944779E0,-3.658655643E0
6.916942196E1,-1.372382045E0,-8.435227871E-1,-4.084488392E0
6.917735654E1,-1.437585354E0,-9.296278954E-1,-4.250925064E0
6.918526059E1,-1.328312993E0,-9.561175108E-1,-4.077198505E0
6.919319516E1,-8.530267477E-1,-1.104355097E0,-4.034895420E0
6.920112973E1,-6.154185534E-1,-1.169870734E0,-4.217611790E0
6.920912533E1,-6.322033405E-1,-9.816930294E-1,-4.314730167E0
6.921702939E1,-3.460918069E-1,-9.479354620E-1,-3.759235859E0
6.922493344E1,-7.678022981E-1,-5.873605013E-1,-2.132547855E0
6.923283749E1,-1.280778885E0,4.529190063E-2,-5.017337799E-1
6.924074154E1,-1.086386919E0,6.329691410E-2,1.472568512E-2
6.924870663E1,-1.330431938E0,3.282066584E-1,3.042631149E-1
6.925664120E1,-1.852074742E0,7.184785604E-1,2.201786041E-1
6.926451474E1,-1.941749692E0,9.353350401E-1,-3.909206390E-1
6.927238827E1,-2.123569012E0,7.275024652E-1,-1.303903580E0
6.928032284E1,-2.162077904E0,9.387694597E-1,-2.182284832E0
6.928828793E1,-2.359640598E0,9.533721209E-1,-1.916269302E0
6.929616147E1,-2.224363089E0,1.173480511E0,-1.579771996E0
6.930409604E1,-1.924833417E0,1.179983497E0,-1.009522438E0
6.931203061E1,-1.608851910E0,1.374350905E0,-4.555034637E-2
6.931993466E1,-1.152161121E0,1.270695329E0,1.335870743E0
6.932789975E1,-9.333663583E-1,1.863623977E0,3.197641373E0
6.933580380E1,-6.644160748E-1,2.324388981E0,4.903874397E0
6.934370785E1,-3.709300160E-1,2.537726402E0,5.532737732E0
6.935161191E1,-6.508925557E-2,2.775720358E0,5.274022102E0
6.935951596E1,2.446839809E-1,2.865646124E0,4.526780128E0
6.936748105E1,3.149061799E-1,2.911738873E0,3.519520760E0
6.937538510E1,4.669049382E-1,2.676512718E0,2.412156105E0
6.938328915E1,5.279785395E-1,2.289290905E0,1.539341927E0
6.939119321E1,3.486838937E-1,1.843676090E0,1.043307304E0
6.939909726E1,5.302372575E-1,1.288089991E0,8.946447372E-1
6.940706234E1,5.092337728E-1,9.828648567E-1,9.527883530E-1
6.941502743E1,3.293449283E-1,1.023968935E0,1.205165863E0
6.942290097E1,-2.692071795E-1,1.082795858E0,1.665040970E0
6.943086606E1,-7.175757885E-1,8.565909863E-1,2.169853210E0
6.943880063E1,-8.098868728E-1,6.622545719E-1,2.637518883E0
6.944679623E1,-8.170377612E-1,3.348722458E-1,3.276717186E0
6.945470028E1,-1.060486317E0,1.489493847E-1,3.455555916E0
6.946260434E1,-7.257554531E-1,-4.726327658E-1,3.122585297E0
6.947050839E1,-5.701727867E-1,-7.305462360E-1,3.223330498E0
6.947841244E1,-1.324943900E-1,-1.065165997E0,3.505925179E0
6.948637753E1,1.539797783E-1,-1.210530877E0,3.898519516E0
6.949431210E1,1.609642208E-1,-1.294498205E0,3.863013268E0
6.950221615E1,-2.064022422E-1,-1.221837044E0,3.574560165E0
6.951018124E1,-8.642069101E-1,-1.182892203E0,2.935004234E0
6.951811581E1,-1.228773952E0,-9.276276827E-1,2.255418777E0
6.952611142E1,-1.466775060E0,-7.383755445E-1,1.901405334E0
6.953404599E1,-1.382782698E0,-7.058593035E-1,1.443802834E0
6.954191952E1,-9.408414364E-1,-9.716168642E-1,1.526596069E0
6.954982358E1,-8.873945475E-1,-8.922735453E-1,1.964856148E0
6.955775815E1,-5.966416001E-1,-8.225390911E-1,2.352704048E0
6.956575375E1,-2.494474649E-1,-1.056362629E0,2.118978500E0
6.957365780E1,-1.912225336E-1,-9.152580500E-1,1.862673759E0
6.958156186E1,-1.901790947E-1,-8.595261574E-1,1.541528702E0
6.958946591E1,-1.429643333E-1,-1.008793473E0,7.769498825E-1
6.959736996E1,-6.486329436E-1,-5.353494883E-1,-6.724624634E-1
6.960533505E1,-8.822917342E-1,-8.056651354E-1,-1.945848942E0
6.961330014E1,-7.212758064E-1,-6.594157219E-1,-2.531744957E0
6.962120419E1,-8.362615108E-1,-8.186510801E-1,-3.195940018E0
6.962910824E1,-6.792048216E-1,-3.294956684E-1,-3.940626621E0
6.963701230E1,-6.692330837E-1,-5.830179453E-1,-4.540947437E0
6.964497738E1,-6.173330545E-1,-6.445776224E-1,-4.901908398E0
6.965288144E1,-2.726593614E-1,-7.384921312E-1,-5.337455750E0
6.966075497E1,-3.206226230E-1,-7.491115332E-1,-5.606125832E0
6.966865903E1,-2.477928698E-1,-7.418087721E-1,-5.639007092E0
6.967659360E1,-1.225022078E-1,-6.595997810E-1,-5.409494400E0
6.968452817E1,2.330005169E-2,-6.797282696E-1,-5.255153179E0
6.969249325E1,2.671222091E-1,-6.286597252E-1,-4.871510983E0
6.970036679E1,3.291816711E-1,-4.992015362E-1,-4.542673588E0
6.970833188E1,1.981470585E-1,-3.361673355E-1,-4.491082191E0
6.971626645E1,-1.784518957E-1,-8.444452286E-2,-4.684985161E0
6.972423154E1,-5.485776067E-1,2.102682590E-1,-5.007522106E0
6.973216610E1,-6.988677979E-1,4.110736847E-1,-4.949995995E0
6.974007016E1,-7.672872543E-1,5.235974789E-1,-4.341062069E0
6.974803525E1,-6.314479113E-1,5.945434570E-1,-3.509377003E0
6.975596982E1,-4.375153482E-1,6.837375164E-1,-2.689815044E0
6.976396542E1,-3.541039228E-1,7.323820591E-1,-1.979149342E0
6.977186947E1,-3.221360445E-1,7.509036064E-1,-1.089550972E0
6.977980404E1,-2.044556737E-1,7.354397774E-1,-9.247970581E-2
6.978770810E1,-8.898103237E-2,7.627611160E-1,8.979606628E-1
6.979564267E1,-4.669857025E-2,8.499660492E-1,1.512110710E0
6.980360776E1,-3.024524450E-2,9.961938858E-1,1.793600082E0
6.981151181E1,-7.562971115E-2,1.093859196E0,1.702648163E0
6.981944638E1,-1.768898964E-2,1.147810936E0,1.422214508E0
6.982738095E1,-8.014965057E-2,1.049343348E0,8.137760162E-1
6.983531552E1,-1.483163238E-1,9.360306263E-1,5.833339691E-2
6.984328061E1,-2.870625854E-1,8.199911118E-1,-5.907068253E-1
6.985115414E1,-5.246670246E-1,7.878179550E-1,-8.656616211E-1
6.985902768E1,-7.767373323E-1,7.730371952E-1,-7.766494751E-1
6.986690121E1,-9.220802188E-1,5.987691879E-1,-3.936614990E-1
6.987480526E1,-7.106307745E-1,4.639737606E-1,1.697034836E-1
6.988277035E1,-3.207857609E-1,2.832500935E-1,1.197490692E0
6.989070492E1,2.808067799E-1,1.971111298E-1,2.639823914E0
6.989860898E1,1.099967599E0,3.383007050E-1,3.987022400E0
6.990654355E1,1.984615088E0,8.563044071E-1,4.796312332E0
6.991444760E1,2.075007439E0,1.199846268E0,5.275714874E0
6.992244321E1,1.897731066E0,1.558712482E0,5.002649307E0
6.993034726E1,1.177977920E0,1.593043327E0,4.167568207E0
6.993825131E1,2.825428247E-1,1.439630508E0,3.179688454E0
6.994621640E1,-6.244351864E-1,1.300142050E0,2.188096046E0
6.995415097E1,-1.274895787E0,1.087486744E0,1.738142014E0
6.996214657E1,-1.433153152E0,8.212876320E-1,1.878857613E0
6.997011166E1,-1.194133878E0,5.713498592E-1,2.278375626E0
6.997801571E1,-6.342920065E-1,2.937815189E-1,2.720829010E0
6.998598080E1,9.214305878E-2,1.022903919E-1,2.848338127E0
6.999391537E1,5.940192342E-1,-5.814313889E-2,2.721596718E0
7.000194150E1,9.420349002E-1,-2.736990452E-1,2.348390579E0
7.000984555E1,1.108344555E0,-4.737293720E-1,1.709832191E0
7.001774960E1,1.151030779E0,-6.915392876E-1,1.188858986E0
7.002562314E1,1.150153399E0,-8.175134659E-1,1.017045021E0
7.003358822E1,8.515295982E-1,-9.517849684E-1,9.786100388E-1
7.004158383E1,4.336856008E-1,-1.066576481E0,7.289733887E-1
7.004954892E1,-9.483945370E-2,-1.088984132E0,3.191471100E-1
7.005745297E1,-5.403695107E-1,-1.022972822E0,-4.471778870E-3
7.006535702E1,-1.050479174E0,-8.812373877E-1,-2.446165085E-1
7.007329159E1,-1.512447357E0,-7.136209011E-1,-4.301481247E-1
7.008131772E1,-1.790195823E0,-6.291122437E-1,-5.613384247E-1
7.008922177E1,-1.837938428E0,-5.826082230E-1,-6.565685272E-1
7.009709530E1,-1.597645760E0,-5.277030468E-1,-7.250394821E-1
7.010496884E1,-1.274838924E0,-5.842342377E-1,-7.397603989E-1
7.011290341E1,-1.012525916E0,-6.863714457E-1,-9.015731812E-1
7.012089902E1,-7.232244015E-1,-8.508524895E-1,-1.181046486E0
7.012886410E1,-4.798829257E-1,-1.060325623E0,-1.684731007E0
7.013673764E1,-3.359074593E-1,-1.264300942E0,-2.236114025E0
7.014461117E1,-2.995081842E-1,-1.433345914E0,-2.851410866E0
7.015254574E1,-4.009802639E-1,-1.651498795E0,-3.833536625E0
7.016051083E1,-4.160904884E-1,-1.783897519E0,-4.948667526E0
7.016847592E1,-2.225914747E-1,-1.684486151E0,-5.581032753E0
7.017637997E1,-2.084478885E-1,-1.568450332E0,-5.485551834E0
7.018434506E1,-3.828239441E-1,-1.311108947E0,-4.639118671E0
7.019227963E1,-3.693033457E-1,-9.082211256E-1,-3.503615379E0
7.020024472E1,-1.487439275E-1,-4.910111427E-1,-2.564942837E0
7.020817929E1,1.080856919E-1,-1.864969730E-1,-1.990964890E0
7.021608334E1,4.350929558E-1,1.001334190E-1,-1.768874645E0
7.022404843E1,6.025571823E-1,2.880716324E-1,-2.005989552E0
7.023192196E1,6.833586693E-1,3.722388744E-1,-2.557981491E0
7.023991757E1,6.873208284E-1,4.817588329E-1,-3.165847301E0
7.024785214E1,2.953317463E-1,6.801180840E-1,-3.398044109E0
7.025572568E1,-1.875879467E-1,9.488761425E-1,-3.019962788E0
7.026359921E1,-6.763105392E-1,1.257797956E0,-2.311790466E0
7.027153378E1,-1.258292079E0,1.468020439E0,-1.371685028E0
7.027949887E1,-1.467083812E0,1.571722269E0,-5.248937607E-1
7.028740292E1,-1.362336040E0,1.619304657E0,-4.296207428E-2
7.029527646E1,-1.143248916E0,1.728456259E0,3.285169601E-1
7.030318051E1,-8.435225487E-1,1.723418474E0,9.130620956E-1
7.031111508E1,-4.873404503E-1,1.649563789E0,1.612385750E0
7.031914120E1,-1.914342046E-1,1.550381184E0,2.043911934E0
7.032704526E1,1.742390096E-1,1.448051929E0,2.265687943E0
7.033491879E1,4.043826759E-1,1.309357882E0,2.302894592E0
7.034279233E1,6.717470884E-1,1.401753426E0,2.249255180E0
7.035069638E1,5.485152006E-1,1.192934275E0,2.262212753E0
7.035866147E1,3.758284450E-1,1.039168119E0,2.301228523E0
7.036659604E1,-2.329283953E-2,8.285059929E-1,2.303840637E0
7.037450009E1,-5.025755763E-1,7.368636131E-1,2.495108604E0
7.038246518E1,-8.902574778E-1,7.155432701E-1,2.822061539E0
7.039039975E1,-9.289689660E-1,8.959980011E-1,3.193187714E0
7.039836484E1,-1.000924945E0,1.025096178E0,3.601885796E0
7.040623837E1,-1.189031005E0,9.609067440E-1,3.957290649E0
7.041414242E1,-1.209610581E0,8.076777458E-1,4.030472755E0
7.042210751E1,-1.252923608E0,5.040733814E-1,3.639797211E0
7.043001156E1,-1.348961949E0,1.853361130E-1,3.017739296E0
7.043800717E1,-1.461127043E0,-2.479147911E-1,2.364355087E0
7.044591122E1,-1.445133090E0,-6.339664459E-1,2.126296997E0
7.045378476E1,-1.159554839E0,-9.370692968E-1,2.419550896E0
7.046171933E1,-8.405241966E-1,-1.116934180E0,2.833214760E0
7.046965390E1,-4.407244921E-1,-1.276594639E0,3.169357300E0
7.047764950E1,-7.372048497E-2,-1.251550436E0,3.309892654E0
7.048558407E1,9.259586036E-2,-1.243452787E0,3.159905434E0
7.049348813E1,2.141476423E-2,-1.169264078E0,2.665852547E0
7.050139218E1,-2.882351279E-1,-1.149966478E0,1.767513275E0
7.050929623E1,-6.602114439E-1,-1.069627166E0,6.752624512E-1
7.051726132E1,-9.659909010E-1,-9.760015011E-1,-1.591625214E-1
7.052516537E1,-1.250364423E0,-9.423112869E-1,-9.097766876E-1
7.053306943E1,-1.273887515E0,-8.484874964E-1,-1.472002506E0
7.054100400E1,-1.158058763E0,-8.795892000E-1,-1.813467026E0
7.054887753E1,-9.567258954E-1,-8.663975000E-1,-1.942572594E0
7.055690365E1,-7.974908352E-1,-8.520728350E-1,-2.016560078E0
7.056480771E1,-7.336072922E-1,-8.244253397E-1,-1.969976902E0
7.057271176E1,-7.548707724E-1,-7.867196798E-1,-1.933537006E0
7.058064633E1,-7.828845382E-1,-7.536395788E-1,-1.974108219E0
7.058855038E1,-7.826066017E-1,-6.750582457E-1,-2.067027569E0
7.059654599E1,-8.979129791E-1,-6.380068064E-1,-2.185752869E0
7.060448056E1,-9.916571379E-1,-5.477502346E-1,-2.255792141E0
7.061238461E1,-1.016722083E0,-4.627938271E-1,-2.456492424E0
7.062034970E1,-9.347934127E-1,-3.578038216E-1,-2.634378910E0
7.062825375E1,-8.432832956E-1,-3.516325951E-1,-2.887272358E0
7.063621884E1,-8.054809570E-1,-3.240160942E-1,-3.165132999E0
7.064412289E1,-6.654011607E-1,-4.017622471E-1,-3.635630131E0
7.065202694E1,-3.981249332E-1,-4.296431541E-1,-4.056931973E0
7.065993100E1,-2.154347599E-1,-4.472873211E-1,-4.367634296E0
7.066783505E1,-4.515385628E-2,-4.650318623E-1,-4.453111649E0
7.067580014E1,7.258200645E-2,-4.698002338E-1,-4.490678310E0
7.068373471E1,3.270097971E-1,-3.610262871E-1,-4.389343262E0
7.069163876E1,3.901232481E-1,-2.697281837E-1,-4.122911930E0
7.069957333E1,4.772757888E-1,1.138687134E-2,-3.535672188E0
7.070747738E1,4.747045040E-1,3.469924927E-1,-2.766268730E0
7.071547299E1,4.273744822E-1,6.139278412E-1,-1.986383915E0
7.072337704E1,3.631115556E-1,7.882018089E-1,-1.520936012E0
7.073125058E1,2.603314519E-1,8.825821877E-1,-1.273974419E0
7.073921567E1,3.077873588E-1,1.071312189E0,-9.772577286E-1
7.074708920E1,1.134735346E-1,1.116817474E0,-6.678647995E-1
7.075508481E1,-1.386177540E-1,1.224800110E0,-3.964071274E-1
7.076301938E1,-3.764069676E-1,1.407868147E0,-1.796512604E-1
7.077089291E1,-6.500659585E-1,1.734685421E0,5.650520325E-2
7.077876645E1,-9.159862995E-1,1.992204428E0,8.418083191E-2
7.078676205E1,-1.183679223E0,2.189307928E0,-1.340332031E-1
7.079475766E1,-1.283336878E0,2.265861511E0,-6.603918076E-1
7.080266171E1,-1.221619606E0,2.244163990E0,-1.149257660E0
7.081053525E1,-9.121547341E-1,2.150686264E0,-1.151667595E0
7.081837509E1,-3.779385686E-1,1.927962065E0,-6.229772568E-1
7.082627914E1,3.760710955E-1,1.646590948E0,4.427938461E-1
7.083427475E1,1.063556552E0,1.347807407E0,1.622771263E0
7.084217880E1,2.045617819E0,1.015925407E0,3.351233482E0
7.085011337E1,2.942209482E0,6.591966152E-1,5.097373009E0
7.085801742E1,3.520288467E0,3.966238499E-1,6.437030792E0
7.086592148E1,3.694746017E0,3.932995796E-1,6.958694458E0
7.087391708E1,3.330360413E0,7.546706200E-1,6.837972641E0
7.088188217E1,2.708409786E0,1.501725435E0,5.812433243E0
7.088978622E1,1.525737882E0,2.085582972E0,4.230866432E0
7.089769028E1,6.566311121E-1,2.473262310E0,2.729443550E0
7.090559433E1,-1.980594397E-1,2.660327911E0,1.195775986E0
7.091358993E1,-1.039231539E0,2.399567127E0,3.110885620E-1
7.092152451E1,-1.603776813E0,2.013765335E0,3.411836624E-1
7.092942856E1,-1.996133566E0,1.366573334E0,1.279928207E0
7.093736313E1,-2.029278278E0,6.602866650E-1,2.589180946E0
7.094526718E1,-1.520965457E0,6.760358810E-2,3.626282692E0
7.095323227E1,-7.514811754E-1,-2.525405884E-1,4.412463188E0
7.096113632E1,9.991788864E-2,-5.324373245E-1,5.014623642E0
7.096904037E1,9.066358805E-1,-7.224938869E-1,5.125527382E0
7.097694443E1,1.570529103E0,-8.824577332E-1,4.410462379E0
7.098487900E1,1.868593812E0,-1.026300073E0,3.213667870E0
7.099287460E1,1.620035648E0,-9.430265427E-1,1.940925598E0
7.100074814E1,9.929944277E-1,-7.897138596E-1,8.082227707E-1
7.100865219E1,4.542273283E-1,-6.436231136E-1,-1.184082031E-1
7.101652573E1,-1.862382889E-1,-5.540142059E-1,-1.177178383E0
7.102446030E1,-6.074520946E-1,-4.938013554E-1,-2.139518738E0
7.103239487E1,-9.446957707E-1,-5.130717754E-1,-2.845560074E0
7.104035995E1,-1.160158634E0,-5.538532734E-1,-2.995994568E0
7.104829452E1,-1.301139593E0,-6.375982761E-1,-2.715733528E0
7.105622910E1,-1.270797968E0,-7.973630428E-1,-1.955529213E0
7.106413315E1,-1.088096499E0,-9.664518833E-1,-1.229946136E0
7.107212875E1,-6.636614203E-1,-1.228478193E0,-6.460647583E-1
7.108003281E1,-1.610097885E-1,-1.501264453E0,-2.817745209E-1
7.108793686E1,7.105314732E-2,-1.721943498E0,-1.839981079E-1
7.109587143E1,1.016588807E-1,-1.783379674E0,-4.404325485E-1
7.110377548E1,8.310437202E-3,-1.823943138E0,-8.493280411E-1
7.111177109E1,-1.473637819E-1,-1.735525012E0,-1.703838825E0
7.111967514E1,-2.254276276E-1,-1.700303435E0,-3.081864357E0
7.112757919E1,-1.352531314E-1,-1.661309719E0,-4.231329441E0
7.113545273E1,-1.262545586E-1,-1.636677980E0,-5.267422676E0
7.114338730E1,-3.941869736E-2,-1.612895489E0,-5.827510357E0
7.115135239E1,7.854688168E-2,-1.550397038E0,-6.142652512E0
7.115925644E1,3.318138719E-1,-1.487002969E0,-6.361230373E0
7.116712997E1,4.257950783E-1,-1.379373312E0,-5.954641342E0
7.117509506E1,4.082232714E-1,-1.067028880E0,-4.524726868E0
7.118299911E1,1.812350154E-1,-7.540640831E-1,-2.996417046E0
7.119099472E1,1.344227791E-1,-3.092684746E-1,-1.733594418E0
7.119889877E1,2.076014280E-1,-1.778078079E-2,-1.374133110E0
7.120680283E1,2.523424029E-1,1.545054913E-1,-1.759643078E0
7.121470688E1,1.217657328E-1,3.843066692E-1,-2.528934479E0
7.122261093E1,-3.043530285E-1,6.129848957E-1,-3.362017632E0
7.123057602E1,-6.358909607E-1,8.728795052E-1,-3.921590328E0
7.123854111E1,-9.002125859E-1,1.030526876E0,-4.052417278E0
7.124644516E1,-1.088967562E0,1.120384693E0,-3.698294163E0
7.125434921E1,-1.053395271E0,1.090326548E0,-2.819552422E0
7.126228378E1,-8.390313387E-1,1.024744272E0,-1.645338058E0
7.127027939E1,-5.634362698E-1,9.830925465E-1,-3.890018463E-1
7.127824448E1,-4.144042432E-1,9.575080872E-1,1.316679955E0
7.128614853E1,-3.214137554E-1,1.001573324E0,3.058678627E0
7.129405258E1,-3.077792823E-1,1.123183966E0,4.602589607E0
7.130195663E1,-3.237836659E-1,1.276420116E0,5.642241478E0
7.130995224E1,-2.593144774E-1,1.355767250E0,6.250061989E0
7.131785629E1,-9.682247043E-2,1.324154615E0,6.118088722E0
7.132572983E1,-3.368818760E-2,1.238945484E0,5.224300385E0
7.133363388E1,-2.696121335E-1,1.162341595E0,3.633284569E0
7.134156845E1,-8.600284457E-1,1.141167641E0,2.042664528E0
7.134950302E1,-1.591392040E0,1.031077862E0,9.426507950E-1
7.135743759E1,-2.079176664E0,9.748072624E-1,5.677595139E-1
7.136534164E1,-2.158681870E0,1.183706522E0,9.473524094E-1
7.137330673E1,-1.870621443E0,1.378168106E0,2.057551384E0
7.138121078E1,-1.801729798E0,1.048367739E0,3.041644096E0
7.138920639E1,-1.069405317E0,8.501589298E-1,3.748013496E0
7.139714096E1,-9.027067423E-1,1.553394794E-1,4.004308701E0
7.140504501E1,-4.082877934E-1,-4.181535244E-1,4.182193756E0
7.141301010E1,-3.400987983E-1,-1.095281124E0,4.360378265E0
7.142094467E1,-1.461488903E-1,-1.590598941E0,4.756333351E0
7.142894028E1,6.899583340E-2,-1.896903038E0,5.530517578E0
7.143684433E1,3.643484116E-1,-1.904729605E0,6.370038986E0
7.144471786E1,6.069507599E-1,-1.807384372E0,6.823739052E0
7.145262192E1,8.864029050E-1,-1.593150258E0,6.660811424E0
7.146052597E1,1.213521123E0,-1.164118290E0,5.510704994E0
7.146849106E1,1.043420076E0,-1.067046762E0,3.468262672E0
7.147639511E1,5.691283345E-1,-1.039420843E0,1.340847015E0
7.148426864E1,1.782073975E-1,-6.994276047E-1,-1.143379211E0
7.149223373E1,-6.534598470E-1,-8.430609703E-1,-3.309303284E0
7.150013779E1,-9.145265818E-1,-7.312979698E-1,-4.583833694E0
7.150813339E1,-1.409866095E0,-7.497391701E-1,-5.188982964E0
7.151606796E1,-1.756568909E0,-7.177834511E-1,-4.819406986E0
7.152397202E1,-1.862658262E0,-6.473500729E-1,-3.908236027E0
7.153187607E1,-1.721753120E0,-6.356294155E-1,-3.034422398E0
7.153981064E1,-1.390464902E0,-6.994745731E-1,-2.129483700E0
7.154777573E1,-9.474116564E-1,-7.944208384E-1,-1.611054897E0
7.155567978E1,-5.087797642E-1,-8.048807383E-1,-1.336161613E0
7.156355331E1,-1.022183895E-1,-7.955245972E-1,-1.055383682E0
7.157142685E1,2.655357122E-1,-6.560279131E-1,-1.017004967E0
7.157936142E1,5.019834042E-1,-5.536745787E-1,-1.187360764E0
7.158732651E1,6.643576622E-1,-4.302155972E-1,-1.644590855E0
7.159520004E1,7.296134233E-1,-3.368682861E-1,-2.430058956E0
7.160310410E1,5.628203154E-1,-3.008413315E-1,-3.280464172E0
7.161100815E1,3.375217915E-1,-2.430822849E-1,-3.899111748E0
7.161891220E1,-7.202470303E-2,-3.336169720E-1,-4.483612537E0
7.162687729E1,-4.094739556E-1,-3.260934353E-1,-4.763922691E0
7.163481186E1,-7.008834481E-1,-4.065309763E-1,-4.702464104E0
7.164271591E1,-9.042273760E-1,-4.613226652E-1,-4.483703613E0
7.165065048E1,-9.130230546E-1,-4.816942215E-1,-3.992651463E0
7.165855453E1,-7.710665464E-1,-4.885342121E-1,-3.454183578E0
7.166651962E1,-4.434655905E-1,-3.783226013E-1,-2.762207031E0
7.167442368E1,-1.322089434E-1,-2.013645172E-1,-2.224778175E0
7.168232773E1,1.120568514E-1,2.504706383E-2,-1.810153961E0
7.169023178E1,2.012268305E-1,3.024430275E-1,-2.024947166E0
7.169816635E1,1.182841063E-1,4.835350513E-1,-2.810292244E0
7.170613144E1,-8.113169670E-2,6.385965347E-1,-3.966506004E0
7.171403549E1,-3.127156496E-1,8.197252750E-1,-4.843869686E0
7.172190903E1,-7.345886230E-1,9.739913940E-1,-5.167186737E0
7.172981308E1,-1.246010780E0,1.101822138E0,-4.966160297E0
7.173771713E1,-1.635093927E0,1.267792225E0,-4.131114006E0
7.174571274E1,-1.739975929E0,1.312494993E0,-2.747542858E0
7.175367783E1,-1.578411579E0,1.337704182E0,-1.144615173E0
7.176155136E1,-1.115657568E0,1.382869482E0,1.017992973E0
7.176951645E1,-6.210229397E-1,1.410604954E0,3.089653969E0
7.177742050E1,-1.888319254E-1,1.404730082E0,4.718734741E0
7.178541611E1,2.390179634E-1,1.328076839E0,5.553910255E0
7.179335068E1,6.200097799E-1,1.091670752E0,5.567291260E0
7.180125473E1,8.635779619E-1,7.568075657E-1,4.249653816E0
7.180921982E1,8.589276075E-1,5.042521954E-1,2.342226028E0
7.181715439E1,6.127158403E-1,3.285984993E-1,8.062782288E-1
7.182514999E1,-7.215356827E-2,2.300038338E-1,-4.210081100E-1
7.183308456E1,-9.449714422E-1,1.499896049E-1,-8.050212860E-1
7.184101913E1,-1.290208936E0,3.970901966E-1,-2.384147644E-1
7.184889267E1,-1.094300389E0,5.755293369E-1,7.093868256E-1
7.185682724E1,-9.649395943E-2,8.856024742E-1,1.960075378E0
7.186482284E1,9.601315260E-1,1.066442728E0,3.017510414E0
7.187272690E1,1.711050868E0,1.171780348E0,3.736860275E0
7.188060043E1,2.121990204E0,1.188741446E0,4.626352310E0
7.188850448E1,1.618491769E0,8.850739002E-1,5.494029045E0
7.189643906E1,8.983833790E-1,4.844181538E-1,6.381760597E0
7.190437363E1,2.835699320E-1,1.974542141E-1,7.237132072E0
7.191243027E1,-2.733262777E-1,-1.108877659E-1,8.239825249E0
7.192042587E1,-4.828056097E-1,-2.397574186E-1,8.730282784E0
7.192832992E1,-4.990099669E-1,-2.315071821E-1,8.237211227E0
7.193626450E1,-5.186028481E-1,-2.109947205E-1,7.015303612E0
7.194422958E1,-5.259070992E-1,-1.919972897E-1,4.936874390E0
7.195216415E1,-5.185865164E-1,-1.485943794E-1,2.410298347E0
7.196003769E1,-5.059789419E-1,-5.481243134E-2,-5.371856689E-2
7.196800278E1,-4.429866374E-1,-1.505351067E-2,-1.501086712E0
7.197593735E1,-3.426262736E-1,-1.237058640E-2,-2.147428513E0
7.198390243E1,-3.394162059E-1,-2.891373634E-2,-1.727748394E0
7.199180649E1,-3.168770075E-1,-3.891086578E-2,-9.964704514E-1
7.199974106E1,-2.865869999E-1,-1.370329857E-1,-2.808284760E-1
7.200767563E1,-3.817607462E-1,-4.176793098E-1,2.590522766E-1
7.201557968E1,-4.132781327E-1,-2.240693569E-1,3.302383423E-2
7.202357529E1,-8.800402284E-1,-4.345847368E-1,-3.430500031E-1
7.203147934E1,-9.289118648E-1,-6.302310228E-1,-6.734981537E-1
7.203938339E1,-1.071602345E0,-8.445547819E-1,-9.703359604E-1
7.204728744E1,-1.012976766E0,-8.148719072E-1,-1.049811363E0
7.205519150E1,-1.237885952E0,-1.008770347E0,-1.244605064E0
7.206312607E1,-9.308516979E-1,-9.329179525E-1,-1.742932796E0
7.207109116E1,-1.655568480E-1,-1.212822437E0,-7.750797272E-1
7.207899521E1,2.178090811E-1,-1.202852011E0,-2.510487080E0
7.208689926E1,1.245570183E-2,-1.353293180E0,-3.659452915E0
7.209480331E1,-4.184350073E-1,-1.093106031E0,-3.622539043E0
7.210276840E1,-7.857686877E-1,-1.040570498E0,-3.538296223E0
7.211070297E1,-6.513220668E-1,-8.288240433E-1,-3.247607231E0
7.211860702E1,4.749119282E-2,-1.056007743E0,-3.278927326E0
7.212651108E1,1.999911666E-1,-1.000847220E0,-2.837508202E0
7.213441513E1,2.290548682E-1,-9.605101347E-1,-2.511859417E0
7.214238022E1,4.328613281E-1,-9.725468159E-1,-2.469773293E0
7.215025375E1,5.660115480E-1,-8.548910618E-1,-2.653625488E0
7.215815781E1,3.422943950E-1,-6.611704826E-1,-2.802451611E0
7.216609238E1,-8.140921593E-3,-3.928877115E-1,-3.270880222E0
7.217399643E1,-3.556377292E-1,-6.859147549E-2,-3.733313084E0
7.218199203E1,-7.179276347E-1,2.008191347E-1,-3.756734371E0
7.218989609E1,-8.144012690E-1,5.381319523E-1,-3.145644665E0
7.219780014E1,-1.015086055E0,7.313174009E-1,-2.534414768E0
7.220570419E1,-3.596415520E-1,7.576843500E-1,-1.677995682E0
7.221363876E1,-3.696623743E-1,8.880932331E-1,-1.174218178E0
7.222157333E1,-6.477490664E-1,9.732065201E-1,-1.056367874E0
7.222953842E1,-1.335147858E0,9.747002125E-1,-1.157678604E0
7.223744247E1,-1.945660353E0,1.067900658E0,-2.139560223E0
7.224534653E1,-2.245180845E0,6.532502174E-1,-3.128571510E0
7.225325058E1,-2.771873713E0,7.066726685E-1,-2.630162716E0
7.226121567E1,-2.316483974E0,7.896788120E-1,-9.164676666E-1
7.226915024E1,-1.567148924E0,6.641688347E-1,8.743906021E-1
7.227705429E1,-7.070010900E-1,7.400715351E-1,2.475866318E0
7.228495834E1,8.662188053E-2,5.745489597E-1,3.636944771E0
7.229286240E1,5.629907250E-1,4.851622581E-1,3.712604523E0
7.230082748E1,7.499242425E-1,5.255718231E-1,2.791456223E0
7.230873154E1,4.130102396E-1,6.960368156E-1,1.619764328E0
7.231663559E1,-8.172151446E-2,9.405403137E-1,1.051654816E0
7.232460068E1,-6.233680248E-1,1.038666725E0,3.986740112E-1
7.233253525E1,-1.046750784E0,1.059821844E0,2.809419632E-1
7.234050034E1,-1.340602994E0,9.182419777E-1,6.273880005E-1
7.234843490E1,-1.456903219E0,8.167839050E-1,1.477987289E0
7.235633896E1,-1.528841496E0,7.326760292E-1,2.295030594E0
7.236424301E1,-1.710556388E0,9.985849857E-1,2.307671547E0
7.237214706E1,-2.177535057E0,9.286885262E-1,2.134486198E0
7.238014267E1,-2.394119740E0,5.189933777E-1,2.354623795E0
7.238807724E1,-2.450587511E0,3.980759382E-1,2.773014069E0
7.239601181E1,-2.573769331E0,2.566225529E-1,3.639805794E0
7.240394638E1,-2.359448910E0,1.329629421E-1,3.852668762E0
7.241185043E1,-1.938880086E0,-4.272499084E-1,3.330834389E0
7.241984604E1,-1.086054564E0,-8.568378091E-1,3.328854561E0
7.242775009E1,-2.338495851E-1,-1.038683414E0,3.598741531E0
7.243565414E1,5.876990557E-1,-1.229960203E0,3.520283699E0
7.244355820E1,7.833662033E-1,-1.159555674E0,2.909911156E0
7.245149277E1,-4.697945416E-1,-1.043083072E0,1.826589584E0
7.245942734E1,-1.240497112E0,-8.396722674E-1,6.837606430E-1
7.246739242E1,-1.732588768E0,-9.706513286E-1,-8.674812317E-2
7.247526596E1,-1.792604685E0,-1.041406631E0,-6.501607895E-1
7.248323105E1,-1.788644552E0,-1.055380225E0,-6.893138885E-1
7.249113510E1,-1.760066509E0,-9.153755307E-1,-6.991004944E-2
7.249910019E1,-1.533291101E0,-8.024247885E-1,6.650171280E-1
7.250700424E1,-1.340295792E0,-6.717442870E-1,1.587348938E0
7.251487778E1,-1.002666950E0,-6.165764928E-1,2.303586006E0
7.252275131E1,-5.806609988E-1,-4.381398559E-1,2.855646133E0
7.253068588E1,-3.299670219E-1,-3.395795822E-1,2.629672050E0
7.253865097E1,-1.891380548E-1,-2.151025534E-1,2.068404198E0
7.254655502E1,6.358337402E-2,-9.213340282E-2,1.004235268E0
7.255442856E1,-5.558918715E-1,1.875853539E-2,-5.363779068E-1
7.256239364E1,-7.821569443E-1,2.923296690E-1,-2.109018326E0
7.257029770E1,-8.754346967E-1,3.096182346E-1,-3.198998928E0
7.257829330E1,-7.423548698E-1,2.736774683E-1,-3.826376915E0
7.258622787E1,-9.559293389E-1,2.081476450E-1,-4.662304401E0
7.259413193E1,-4.915744364E-1,2.066302299E-1,-4.899414062E0
7.260209702E1,-1.145022511E-1,-7.051289082E-2,-4.629772663E0
7.261000107E1,4.660391808E-2,-1.009757519E-1,-3.845970631E0
7.261799667E1,1.292115450E-2,-6.170988083E-3,-3.464353561E0
7.262590073E1,-2.327990532E-2,5.950760841E-2,-3.142085552E0
7.263377426E1,1.241152883E-1,1.314532757E-1,-2.723636150E0
7.264167831E1,8.749812841E-2,2.791061401E-1,-2.318521023E0
7.264961288E1,-2.493152618E-1,4.246469736E-1,-1.993677616E0
7.265757797E1,-5.271821022E-1,6.211057901E-1,-2.167443275E0
7.266548202E1,-9.279664755E-1,7.488507032E-1,-2.715025902E0
7.267338608E1,-1.085335374E0,7.842614651E-1,-3.354135036E0
7.268132065E1,-1.181731105E0,8.470551968E-1,-3.979825974E0
7.268922470E1,-1.147505999E0,1.005682349E0,-4.377811432E0
7.269722031E1,-9.940620661E-1,1.021399021E0,-4.486480713E0
7.270515488E1,-8.797675371E-1,1.053733230E0,-4.297143459E0
7.271305893E1,-6.735672951E-1,1.026079178E0,-3.843488216E0
7.272099350E1,-5.653207302E-1,9.436252117E-1,-3.058668137E0
7.272889755E1,-4.047021866E-1,7.571651936E-1,-1.833105087E0
7.273689316E1,-1.005960703E-1,7.556648254E-1,1.884164810E-1
7.274482773E1,-3.986096382E-2,9.071528912E-1,1.765521049E0
7.275273178E1,2.739262581E-2,1.063249111E0,3.515241623E0
7.276069687E1,4.938614368E-2,1.112831354E0,4.430492401E0
7.276863144E1,1.526852846E-1,1.186280489E0,4.569751740E0
7.277662704E1,7.716035843E-2,1.198756695E0,4.105335236E0
7.278453110E1,1.072084904E-1,1.144005537E0,3.580698013E0
7.279243515E1,-2.594828606E-3,1.023277760E0,2.808512688E0
7.280033920E1,-5.878877640E-2,8.472507000E-1,1.919600487E0
7.280827377E1,-2.039735317E-1,5.606977940E-1,1.059140205E0
7.281623886E1,-2.774263620E-1,2.160322666E-1,6.131696701E-1
7.282414291E1,-5.107891560E-2,-3.526210785E-3,6.843128204E-1
7.283201645E1,1.112711430E-1,-1.655182838E-1,9.385700226E-1
7.283988998E1,8.226364851E-1,1.713645458E-1,1.760199547E0
7.284782455E1,1.085715890E0,3.142173290E-1,3.128459930E0
7.285572861E1,1.643820643E0,6.153886318E-1,4.091492653E0
7.286366318E1,1.805136681E0,6.724109650E-1,5.036139488E0
7.287156723E1,1.400173903E0,3.614959717E-1,5.359402657E0
7.287953232E1,8.700650930E-1,6.806373596E-3,4.999565125E0
7.288746689E1,4.996285439E-1,-2.292323112E-1,4.876634598E0
7.289546249E1,2.759253979E-1,-4.228537083E-1,5.046943665E0
7.290339706E1,1.633491516E-1,-5.126670599E-1,5.218092918E0
7.291133163E1,1.838687658E-1,-5.082994699E-1,4.587097168E0
7.291929672E1,1.115218401E-1,-4.655201435E-1,3.626625061E0
7.292723129E1,1.726073027E-1,-4.107191563E-1,2.247888565E0
7.293531845E1,1.499879360E-1,-1.999287605E-1,5.342893600E-1
7.294325302E1,-8.423554897E-2,-4.873824120E-2,-4.857292175E-1
7.295118759E1,7.290635109E-1,-5.299551487E-1,-5.044250488E-1
7.295915268E1,3.165431023E-1,-3.415346146E-1,-2.757186890E-1
7.296705673E1,4.167529345E-1,-6.523772478E-1,-8.588027954E-2
7.297505234E1,4.216854572E-1,-7.190161943E-1,-1.477718353E-1
7.298301742E1,2.861528397E-1,-9.521743059E-1,-2.367362976E-1
7.299092148E1,1.192764044E-1,-1.060646057E0,-1.710815430E-1
7.299882553E1,1.364393234E-1,-1.301394701E0,-3.527822495E-1
7.300672958E1,3.576653004E-1,-1.517536640E0,-3.120117188E-1
7.301469467E1,-4.757782817E-1,-1.192446947E0,-1.164676666E0
7.302256821E1,-8.056199551E-2,-1.652457714E0,-1.608542442E0
7.303050278E1,-5.274977088E-1,-1.542729735E0,-2.293928623E0
7.303840683E1,-8.275387287E-1,-1.387238026E0,-2.793335915E0
7.304631088E1,-8.724219203E-1,-1.375329256E0,-3.350995064E0
7.305430649E1,-1.108417511E0,-1.184843659E0,-3.570312500E0
7.306221054E1,-1.050388694E0,-1.144028544E0,-3.838594913E0
7.307008408E1,-7.284333706E-1,-1.158967853E0,-4.004641533E0
7.307798813E1,-7.882831693E-1,-1.089066148E0,-4.187422752E0
7.308589218E1,-7.360271811E-1,-1.022296429E0,-4.161792278E0
7.309388779E1,-8.693273067E-1,-9.177823067E-1,-4.118640423E0
7.310182236E1,-8.968001604E-1,-8.489183187E-1,-3.808830738E0
7.310969589E1,-9.023708701E-1,-7.779041529E-1,-3.316083431E0
7.311759994E1,-9.740229845E-1,-6.316835880E-1,-2.671645164E0
7.312550400E1,-1.132208824E0,-4.292788506E-1,-2.412022114E0
7.313346908E1,-1.299606085E0,-1.404087543E-1,-2.381247044E0
7.314140366E1,-1.214343548E0,2.500178814E-1,-2.509364128E0
7.314930771E1,-1.259705424E0,5.305273533E-1,-3.172026157E0
7.315724228E1,-8.767902851E-1,7.589120865E-1,-3.514385700E0
7.316514633E1,-7.118478417E-1,8.933985233E-1,-3.812850952E0
7.317314194E1,-5.972773433E-1,9.810781479E-1,-4.187245369E0
7.318104599E1,-5.969282389E-1,1.107495546E0,-4.205023766E0
7.318891952E1,-7.582889795E-1,1.088466406E0,-3.756720543E0
7.319679306E1,-8.433964252E-1,1.106696844E0,-3.163458347E0
7.320472763E1,-1.019849896E0,9.632530212E-1,-2.420765400E0
7.321272324E1,-9.992283583E-1,9.158120155E-1,-1.248430252E0
7.322062729E1,-9.206553698E-1,9.570457935E-1,3.534135818E-1
7.322850082E1,-9.660639763E-1,1.114565134E0,1.952224731E0
7.323640488E1,-1.153820276E0,1.252870798E0,2.878951073E0
7.324430893E1,-1.428868651E0,1.379467964E0,3.225331306E0
7.325227402E1,-1.803203821E0,1.474855900E0,3.116580009E0
7.326023910E1,-2.265657187E0,1.627543926E0,3.033478737E0
7.326814316E1,-2.565040588E0,1.686220169E0,2.910409927E0
7.327604721E1,-2.791925907E0,1.675102472E0,2.648860931E0
7.328395126E1,-2.613874912E0,1.620926380E0,2.473905563E0
7.329194687E1,-2.278400421E0,1.510580540E0,2.650751114E0
7.329985092E1,-1.682105303E0,1.214997053E0,3.289055824E0
7.330775497E1,-1.160827994E0,9.208347797E-1,4.020260811E0
7.331565903E1,-9.709900022E-1,9.052641392E-1,4.873409271E0
7.332353256E1,-9.137401581E-1,8.290917873E-1,5.523159981E0
7.333152817E1,-9.669718742E-1,1.045852661E0,5.866762161E0
7.333946274E1,-1.068214417E0,1.097480059E0,5.732518196E0
7.334739731E1,-1.356510520E0,1.058109045E0,4.641866684E0
7.335536240E1,-1.268228650E0,8.774888515E-1,3.752134323E0
7.336329697E1,-1.241622686E0,5.143229961E-1,2.746155739E0
7.337129257E1,-1.191839218E0,1.033544540E-1,2.033225060E0
7.337922714E1,-1.119850159E0,-4.675245285E-1,1.517016411E0
7.338713119E1,-1.092271328E0,-7.889462709E-1,1.452801704E0
7.339509628E1,-7.930899858E-1,-1.160735726E0,1.621788025E0
7.340296982E1,-4.553631544E-1,-1.378352284E0,2.144790649E0
7.341096542E1,-8.775436878E-2,-1.519093752E0,2.785457611E0
7.341893051E1,8.800289035E-2,-1.524750471E0,2.975037575E0
7.342680405E1,1.800226867E-1,-1.538557529E0,2.811115265E0
7.343467758E1,-3.846913576E-2,-1.681305647E0,1.918375015E0
7.344258163E1,-2.128511369E-1,-1.869114757E0,1.040057182E0
7.345054672E1,-7.106097937E-1,-2.114713669E0,-1.721277237E-1
7.345851181E1,-1.227718830E0,-2.223435402E0,-1.563414097E0
7.346638534E1,-1.472821236E0,-2.430739403E0,-2.422677040E0
7.347435043E1,-1.514460325E0,-2.437631369E0,-2.442902088E0
7.348228500E1,-1.510469198E0,-2.384732246E0,-1.888292789E0
7.349028061E1,-1.277138472E0,-2.170246601E0,-5.886363983E-1
7.349815414E1,-9.851595163E-1,-1.981721878E0,3.481264114E-1
7.350602768E1,-5.942966938E-1,-1.801065445E0,7.863864899E-1
7.351393173E1,-2.935801744E-1,-1.518734694E0,6.825704575E-1
7.352186630E1,-1.526761651E-1,-1.210785270E0,-6.206893921E-2
7.352983139E1,-5.912077427E-2,-9.837672710E-1,-8.825035095E-1
7.353779648E1,6.038010120E-2,-7.047497034E-1,-1.909234524E0
7.354570053E1,1.722453833E-1,-4.685847759E-1,-2.936668396E0
7.355360458E1,2.164599895E-1,-2.790973186E-1,-3.739987373E0
7.356150864E1,2.766777873E-1,-1.259274483E-1,-4.370213509E0
7.356950424E1,4.099025726E-1,-1.065602303E-1,-4.971136570E0
7.357746933E1,3.630622029E-1,-6.972432137E-2,-5.387273788E0
7.358537338E1,4.366682172E-1,-1.243536472E-1,-5.609268665E0
7.359327743E1,5.350928307E-1,-2.432365417E-1,-5.622845173E0
7.360118149E1,7.032385468E-1,-2.840497494E-1,-5.413600922E0
7.360917709E1,7.870429754E-1,-2.916915417E-1,-4.909785748E0
7.361708114E1,8.658432364E-1,-2.601654530E-1,-4.269240379E0
7.362498520E1,1.110395074E0,-1.702675819E-1,-3.482016087E0
7.363288925E1,1.072242022E0,-1.917607784E-1,-2.729680061E0
7.364082382E1,9.215415120E-1,-2.795934677E-2,-2.382234573E0
7.364875839E1,6.653584242E-1,2.470643520E-1,-1.977921486E0
7.365672348E1,-2.417612076E-2,5.496821404E-1,-1.722878456E0
7.366462753E1,-4.367417395E-1,9.876446724E-1,-2.107726097E0
7.367253158E1,1.558327675E-1,7.880184650E-1,-2.046009541E0
7.368046616E1,-1.211313248E0,1.545396805E0,-3.080367088E0
7.368843124E1,-1.469498634E0,1.437507868E0,-2.937563419E0
7.369636581E1,-1.376054883E0,1.664176941E0,-2.351547718E0
7.370430038E1,-1.405352831E0,1.430802345E0,-2.002408504E0
7.371226547E1,-1.083707929E0,1.432540655E0,-1.395778656E0
7.372023056E1,-1.039185882E0,1.443860531E0,-4.339418411E-1
7.372819565E1,-9.564738870E-1,1.440021515E0,8.492155075E-1
7.373613022E1,-8.718959093E-1,1.562805176E0,1.621915817E0
7.374400375E1,-7.622817755E-1,1.553647280E0,2.651015282E0
7.375190781E1,-6.246568561E-1,1.660645008E0,3.525278091E0
7.375984238E1,-5.996044278E-1,1.642737627E0,3.537058830E0
7.376780746E1,-7.234215140E-1,1.544298172E0,3.060666084E0
7.377571152E1,-6.696984768E-1,1.537057877E0,2.266324043E0
7.378358505E1,-7.610509396E-1,1.450375557E0,1.415678024E0
7.379148910E1,-7.780354619E-1,1.481360435E0,8.518581390E-1
7.379945419E1,-1.056938887E0,9.596078396E-1,2.171106339E-1
7.380738876E1,-8.775994778E-1,9.342770576E-1,2.243518829E-2
7.381535385E1,-9.498735070E-1,7.198066711E-1,2.575025558E-1
7.382322739E1,-7.561483383E-1,6.916506290E-1,7.677793503E-1
7.383116196E1,-6.051617861E-2,9.549338818E-1,1.628016472E0
7.383909653E1,6.762712598E-1,9.348490238E-1,2.821395874E0
7.384703110E1,1.417951941E0,8.011000156E-1,3.927604675E0
7.385496567E1,2.189796925E0,7.116467953E-1,5.414573669E0
7.386286972E1,2.158772707E0,5.644319057E-1,6.336247444E0
7.387083481E1,1.822279096E0,3.568506241E-1,6.726804733E0
7.387876938E1,1.474985361E0,9.937953949E-2,6.544158936E0
7.388676498E1,9.921494722E-1,-2.490177155E-1,6.150885582E0
7.389469955E1,8.912513256E-1,-1.485285759E-1,5.998455048E0
7.390257309E1,5.775342584E-1,-1.150817871E-1,5.704166412E0
7.391044662E1,5.457875729E-1,-3.642439842E-2,5.162659645E0
7.391838119E1,8.117234707E-1,-3.409624100E-2,3.828664780E0
7.392631576E1,1.016084433E0,-1.429843903E-2,2.236468315E0
7.393431137E1,9.760998487E-1,2.229642868E-2,9.301643372E-1
7.394218490E1,9.725945592E-1,-7.481098175E-3,-4.190692902E-1
7.395005844E1,1.214786530E0,-1.448402405E-1,-1.417609215E0
7.395799301E1,1.552206874E0,-3.683874607E-1,-1.900678158E0
7.396592758E1,1.561860085E0,-4.947402477E-1,-2.158907890E0
7.397389267E1,1.430478811E0,-5.696558952E-1,-2.321156979E0
7.398179672E1,1.177856565E0,-6.719839573E-1,-2.351828098E0
7.398970077E1,1.030135751E0,-7.623140812E-1,-2.239617825E0
7.399760483E1,8.973791599E-1,-8.035794497E-1,-1.686715126E0
7.400556992E1,6.278395653E-1,-8.630285263E-1,-1.221719742E0
7.401353500E1,3.932678699E-1,-8.808734417E-1,-9.108743668E-1
7.402143906E1,2.989073992E-1,-9.030314684E-1,-8.655271530E-1
7.402934311E1,2.798438668E-1,-8.722704649E-1,-1.109053612E0
7.403736923E1,1.604296565E-1,-8.223593235E-1,-1.391886711E0
7.404530380E1,-1.518368721E-3,-6.830673218E-1,-1.537302971E0
7.405326889E1,-2.634515464E-1,-5.341162682E-1,-1.908629417E0
7.406114242E1,-6.069322824E-1,-4.316306114E-1,-2.542119980E0
7.406910751E1,-1.101549745E0,-6.502752304E-1,-3.378100395E0
7.407698105E1,-1.069282532E0,-3.252201080E-1,-4.366459846E0
7.408494614E1,-1.589872003E0,-4.490876198E-1,-4.945704460E0
7.409291122E1,-1.557877064E0,-4.135868549E-1,-4.772273540E0
7.410081528E1,-1.631478310E0,-3.342711926E-1,-4.272920132E0
7.410871933E1,-1.677894473E0,-1.946415901E-1,-3.645717144E0
7.411665390E1,-1.523753047E0,-7.068467140E-2,-2.758388996E0
7.412458847E1,-1.096255660E0,1.969468594E-1,-1.559652805E0
7.413252304E1,-5.827696919E-1,5.336894989E-1,-1.302328110E-1
7.414042709E1,-3.556326032E-1,7.131452560E-1,7.967777252E-1
7.414839218E1,-4.282294214E-1,9.525356293E-1,1.057249069E0
7.415626572E1,-5.529017448E-1,1.107927561E0,2.668142319E-1
7.416426132E1,-6.263886094E-1,8.778398037E-1,-1.101164818E0
7.417219589E1,4.014883637E-1,6.460437775E-1,-2.397485256E0
7.418009994E1,-4.011985362E-1,1.181437969E-1,-3.451547146E0
7.418806503E1,-2.301328659E0,7.664828300E-1,-4.730132580E0
7.419596908E1,-2.657094717E0,7.402298450E-1,-4.744174004E0
7.420393417E1,-2.237112999E0,4.866204262E-1,-4.645847321E0
7.421189926E1,-2.061497211E0,1.516454220E-1,-3.881802082E0
7.421977280E1,-2.064189196E0,1.968469620E-1,-2.843223572E0
7.422767685E1,-1.955613256E0,3.567631245E-1,-1.196410179E0
7.423558090E1,-1.725023270E0,3.453633785E-1,9.680919647E-1
7.424354599E1,-1.132185340E0,4.493751526E-1,3.283706665E0
7.425145004E1,-6.402722597E-1,4.179852009E-1,5.147680283E0
7.425938461E1,-4.411018789E-1,4.877624512E-1,6.067048073E0
7.426728867E1,-4.094914794E-1,5.401165485E-1,6.067354202E0
7.427519272E1,-6.736466885E-1,4.939587116E-1,4.988418579E0
7.428318832E1,-8.713427782E-1,5.027523041E-1,3.904622078E0
7.429109238E1,-1.335657001E0,5.145804882E-1,2.766112328E0
7.429896591E1,-1.676450491E0,4.277527332E-1,1.886768341E0
7.430686996E1,-1.908311367E0,3.219466209E-1,1.145302773E0
7.431480453E1,-2.119912863E0,2.303161621E-1,7.095327377E-1
7.432276962E1,-2.196299791E0,2.992429733E-1,4.666080475E-1
7.433067368E1,-2.271878004E0,4.417243004E-1,6.960258484E-1
7.433854721E1,-2.475766182E0,4.004895687E-1,1.083026886E0
7.434642074E1,-2.304692745E0,3.240215778E-1,1.222812653E0
7.435438583E1,-2.463443279E0,-1.926434040E-1,1.480198860E0
7.436235092E1,-2.392133474E0,-4.864981174E-1,2.125863075E0
7.437025497E1,-2.293173313E0,-8.132122755E-1,2.840303421E0
7.437818954E1,-1.945729017E0,-1.011828780E0,3.779720306E0
7.438609360E1,-1.634652376E0,-9.313176870E-1,4.439666748E0
7.439402817E1,-9.829121828E-1,-9.848195314E-1,4.978506088E0
7.440199326E1,-7.473902106E-1,-8.684207201E-1,4.906246185E0
7.440989731E1,-6.556147337E-1,-6.403840780E-1,4.134428978E0
7.441780136E1,-6.261386871E-1,-4.068319798E-1,3.060636520E0
7.442567490E1,-7.061635256E-1,-2.299301624E-1,2.109114647E0
7.443360947E1,-1.057689309E0,-6.185936928E-2,1.022858620E0
7.444157455E1,-1.410309672E0,-5.021595955E-2,-1.414585114E-2
7.444947861E1,-1.552234292E0,-3.651642799E-2,-1.133917809E0
7.445735214E1,-1.715835810E0,-1.833164692E-1,-2.088615894E0
7.446522568E1,-1.720263481E0,-3.200128078E-1,-2.733467102E0
7.447316025E1,-1.674925447E0,-4.587233067E-1,-2.833597660E0
7.448115585E1,-1.609930038E0,-5.058343410E-1,-2.432633877E0
7.448905990E1,-1.424611568E0,-5.466355085E-1,-1.705734253E0
7.449696396E1,-1.056104064E0,-6.244924068E-1,-1.099743843E0
7.450483749E1,-4.716698825E-1,-6.277830601E-1,-5.477371216E-1
7.451277206E1,-1.446866989E-1,-5.443961620E-1,-1.736507416E-1
7.452070663E1,-1.517069340E-1,-3.241887093E-1,-3.246488571E-1
7.452867172E1,-4.434780180E-1,-6.800794601E-2,-9.712696075E-1
7.453657577E1,-5.410320759E-1,4.198122025E-2,-1.704045296E0
7.454447983E1,-6.097941995E-1,6.487178802E-2,-2.669857025E0
7.455235336E1,-8.768864274E-1,3.974771500E-2,-3.584289074E0
7.456031845E1,-1.135606289E0,-6.194925308E-2,-4.531532288E0
7.456828354E1,-1.234404802E0,-2.286264896E-1,-5.236926556E0
7.457615707E1,-1.210109830E0,-4.229806662E-1,-5.706064701E0
7.458406113E1,-1.181586266E0,-5.774646997E-1,-5.940051079E0
7.459196518E1,-9.014883637E-1,-6.895647049E-1,-5.830798149E0
7.459996078E1,-4.560966492E-1,-7.485263348E-1,-5.098221302E0
7.460789535E1,-1.888334751E-1,-6.523972750E-1,-4.419301510E0
7.461579941E1,7.959723473E-2,-4.786391258E-1,-3.522134304E0
7.462376450E1,1.732586622E-1,-2.723544836E-1,-2.592329979E0
7.463166855E1,2.259582281E-1,8.915996552E-2,-1.945164204E0
7.463963364E1,4.110784531E-1,2.403810024E-1,-1.735680580E0
7.464759872E1,6.230676174E-2,5.401830673E-1,-2.740186214E0
7.465547226E1,-3.820824027E-1,7.910525799E-1,-3.918442249E0
7.466334579E1,-8.826618791E-1,9.847478867E-1,-4.896802425E0
7.467131088E1,-1.192959070E0,1.012083292E0,-5.436211586E0
7.467924545E1,-1.373205543E0,1.091405869E0,-5.398871422E0
7.468721054E1,-1.466792226E0,1.076690435E0,-4.458309650E0
7.469508408E1,-1.613901377E0,9.403865337E-1,-3.188975811E0
7.470298813E1,-9.469739199E-1,8.066945076E-1,-1.176974297E0
7.471092270E1,-2.740058303E-1,7.730491161E-1,1.500416756E0
7.471888779E1,2.288280725E-1,8.329892159E-1,4.461312294E0
7.472679184E1,6.030796766E-1,9.990465641E-1,6.571574211E0
7.473466537E1,5.708998442E-1,1.081386566E0,7.363031387E0
7.474256943E1,4.292755127E-1,1.099432468E0,7.060764313E0
7.475047348E1,2.389922142E-1,9.603090286E-1,5.332008362E0
7.475843857E1,2.128814459E-1,8.558568954E-1,3.376652718E0
7.476634262E1,-2.839958668E-2,9.470212460E-1,2.115250587E0
7.477424667E1,-2.846702337E-1,1.009761333E0,1.040309906E0
7.478215073E1,-2.929069996E-1,1.077710629E0,4.299259186E-1
7.479008530E1,-2.000269890E-1,1.007834673E0,2.237796783E-1
7.479805038E1,3.566086292E-2,8.938124180E-1,4.611463547E-1
7.480595444E1,4.022482634E-1,8.926906586E-1,9.515962601E-1
7.481385849E1,7.912987471E-1,1.124295473E0,1.614202499E0
7.482176254E1,1.079799771E0,1.332220554E0,2.536003113E0
7.482966660E1,1.548532009E0,1.131841660E0,3.948054314E0
7.483763168E1,2.027541161E0,1.161664248E0,5.159058571E0
7.484562729E1,2.039021730E0,8.609161377E-1,5.868204117E0
7.485359238E1,1.716382265E0,5.752964020E-1,6.094596863E0
7.486149643E1,1.121024728E0,3.430856466E-1,5.854650497E0
7.486940048E1,7.305212021E-1,2.012038231E-2,5.329839706E0
7.487733505E1,4.718191624E-1,-1.916722059E-1,4.696722031E0
7.488523910E1,3.066916466E-1,-3.276858330E-1,4.037107468E0
7.489314316E1,1.547410488E-1,-4.245959520E-1,3.188832283E0
7.490104721E1,6.057882309E-2,-5.071403980E-1,2.279010773E0
7.490898178E1,-4.757285118E-2,-4.706946611E-1,1.451289177E0
7.491691635E1,-1.720801592E-1,-4.896942377E-1,5.470294952E-1
7.492488144E1,-3.626092076E-1,-5.303648710E-1,-2.046165466E-1
7.493275497E1,-5.397129655E-1,-5.792448521E-1,-7.064323425E-1
7.494065903E1,-5.396212935E-1,-6.916524172E-1,-9.127159119E-1
7.494859360E1,-4.293904305E-1,-8.472316265E-1,-8.596553802E-1
7.495655868E1,-3.521670699E-1,-8.834267855E-1,-3.732032776E-1
7.496446274E1,-1.872860789E-1,-8.593670130E-1,1.572027206E-1
7.497233627E1,-2.409780025E-2,-8.667018414E-1,6.461782455E-1
7.498020981E1,7.579958439E-2,-7.909978628E-1,7.186717987E-1
7.498817490E1,6.396210194E-2,-7.768374681E-1,3.775444031E-1
7.499617050E1,4.993093014E-2,-7.630237341E-1,1.064195633E-1
7.500407455E1,-1.521717906E-1,-7.654707432E-1,-3.749074936E-1
7.501197861E1,-3.698267341E-1,-8.018131852E-1,-9.513988495E-1
7.501994369E1,-6.924003363E-1,-7.525450587E-1,-1.631961346E0
7.502784775E1,-8.513488770E-1,-6.828348637E-1,-2.312098980E0
7.503584335E1,-9.592202306E-1,-6.085677147E-1,-3.085349560E0
7.504377792E1,-1.188531756E0,-5.963811874E-1,-3.769808292E0
7.505168198E1,-1.242220640E0,-5.759814978E-1,-4.339063168E0
7.505964706E1,-1.158117294E0,-6.139084697E-1,-4.797809124E0
7.506755112E1,-1.017270565E0,-4.906690121E-1,-4.856432438E0
7.507554672E1,-1.113047838E0,-3.059452772E-1,-4.476664066E0
7.508345077E1,-1.094108343E0,-9.491837025E-2,-4.041430950E0
7.509135483E1,-7.841110229E-1,1.741113663E-1,-3.263297081E0
7.509925888E1,-5.372081995E-1,4.180734158E-1,-2.314631462E0
7.510716293E1,-3.501350284E-1,5.422183275E-1,-1.520671844E0
7.511512802E1,-3.357754946E-1,6.983708143E-1,-1.144669533E0
7.512300156E1,-5.755303502E-1,7.870546579E-1,-1.442696571E0
7.513090561E1,-7.473196983E-1,1.025224686E0,-2.198641300E0
7.513880966E1,-7.504832149E-1,9.717357159E-1,-2.751997948E0
7.514671371E1,-7.889928818E-1,1.070568085E0,-3.210623741E0
7.515467880E1,-4.742155671E-1,1.050278544E0,-3.393234253E0
7.516255234E1,-7.955974340E-1,8.164544106E-1,-3.702328682E0
7.517048691E1,-1.114275455E0,1.244303823E0,-4.276515484E0
7.517842148E1,-1.413153887E0,1.283268213E0,-4.214203358E0
7.518632553E1,-1.145705223E0,1.305427432E0,-3.432789803E0
7.519432114E1,-8.737092018E-1,1.006011724E0,-1.931136131E0
7.520222519E1,-4.848471284E-1,1.148113847E0,-1.891975403E-1
7.521009872E1,-3.867569864E-1,1.185944319E0,1.326871872E0
7.521797226E1,-1.575540751E-1,1.346050620E0,2.457551003E0
7.522590683E1,-6.056903303E-2,1.410694599E0,3.002471924E0
7.523387192E1,-5.486033857E-2,1.393956780E0,3.282887459E0
7.524177597E1,-2.041635662E-1,1.366039276E0,3.263594627E0
7.524964951E1,-3.877760172E-1,1.334804177E0,2.793825150E0
7.525761459E1,-6.132519245E-1,1.270271897E0,2.191124916E0
7.526554916E1,-8.804635406E-1,1.242455125E0,1.773474693E0
7.527351425E1,-1.020053267E0,1.157726407E0,1.425115585E0
7.528147934E1,-1.055925846E0,1.042731285E0,1.159330368E0
7.528941391E1,-1.009078383E0,9.238899946E-1,9.879274368E-1
7.529734848E1,-9.480823874E-1,8.223618269E-1,1.164156914E0
7.530525253E1,-7.002099752E-1,8.815091848E-1,1.603178024E0
7.531318710E1,-5.808098316E-1,1.051535606E0,2.207680702E0
7.532115219E1,-9.104812145E-1,1.016962171E0,3.016399384E0
7.532908676E1,-9.322193861E-1,9.582569599E-1,3.453178406E0
7.533705185E1,-1.093445301E0,7.475482225E-1,3.811306953E0
7.534498642E1,-1.297308445E0,5.154163837E-1,4.271038055E0
7.535298202E1,-1.304409504E0,-4.360103607E-2,4.305876732E0
7.536091660E1,-9.819302559E-1,-6.140426397E-1,4.112256050E0
7.536882065E1,-4.875873029E-1,-9.978274107E-1,4.020173073E0
7.537678574E1,-1.059717685E-1,-1.213887453E0,4.107511520E0
7.538468979E1,2.031472325E-1,-1.204635262E0,4.253890991E0
7.539265488E1,3.839185238E-1,-1.146604776E0,4.286178589E0
7.540058945E1,3.742105663E-1,-1.001072168E0,3.994378090E0
7.540852402E1,1.857349724E-1,-9.971240163E-1,3.213859558E0
7.541642807E1,3.997289389E-2,-1.027787209E0,2.263479233E0
7.542433212E1,-1.638179123E-1,-1.063761950E0,1.538605690E0
7.543229721E1,-3.678693175E-1,-9.957485795E-1,1.194824219E0
7.544023178E1,-5.233368874E-1,-9.202928543E-1,9.808950424E-1
7.544813583E1,-4.457639456E-1,-4.842032194E-1,9.208555222E-1
7.545603989E1,-5.675035119E-1,-4.287116528E-1,9.188280106E-1
7.546397446E1,-4.900841415E-1,-1.422916651E-1,7.593841553E-1
7.547193954E1,-5.117236376E-1,1.711192131E-1,4.043750763E-1
7.547987411E1,-5.785988569E-1,4.371330738E-1,-9.119796753E-2
7.548777817E1,-7.437777519E-1,6.261441708E-1,-6.078968048E-1
7.549565170E1,-8.454613686E-1,7.645710707E-1,-1.387629509E0
7.550358627E1,-8.069541454E-1,8.209341764E-1,-2.188646793E0
7.551155136E1,-7.930173278E-1,8.340687752E-1,-3.056592464E0
7.551945541E1,-7.050916553E-1,7.618033886E-1,-3.680225372E0
7.552735947E1,-5.679184198E-1,5.889955759E-1,-4.167267323E0
7.553529404E1,-4.123203456E-1,3.280886412E-1,-4.543939590E0
7.554322861E1,-2.169837356E-1,1.420202255E-1,-4.554368496E0
7.555116318E1,-7.005244493E-2,-7.601952553E-2,-4.016725063E0
7.555909775E1,-1.277527809E-1,-8.741986752E-2,-3.321063042E0
7.556700180E1,-4.204094410E-2,-4.320514202E-2,-2.639453411E0
7.557496689E1,1.004511714E-1,-1.460051537E-1,-2.050785065E0
7.558290146E1,2.070611119E-1,-1.288123131E-1,-1.401709557E0
7.559086655E1,3.597462177E-2,-1.112490892E-1,-1.227808952E0
7.559883163E1,-7.860583067E-2,-7.707619667E-2,-1.500167847E0
7.560673569E1,-2.795610428E-1,-9.177947044E-2,-2.246573925E0
7.561463974E1,-3.632145524E-1,-1.215000153E-1,-3.546253681E0
7.562257431E1,-4.188684225E-1,-1.102219820E-1,-5.047053337E0
7.563053940E1,-4.044818282E-1,4.205036163E-2,-6.115126610E0
7.563844345E1,-3.829264045E-1,1.805233955E-1,-6.711105347E0
7.564634750E1,-2.527375817E-1,3.249349594E-1,-7.010477066E0
7.565425156E1,-3.298879862E-1,4.974954128E-1,-6.863464355E0
7.566215561E1,-5.170775652E-1,6.436553001E-1,-6.418383598E0
7.567015121E1,-6.914568543E-1,8.526247740E-1,-5.572432041E0
7.567805527E1,-5.938513279E-1,9.475744963E-1,-3.943221569E0
7.568595932E1,-4.891424179E-1,9.167240858E-1,-2.155262470E0
7.569389389E1,-3.020455837E-1,9.960545301E-1,-7.064466476E-1
7.570179794E1,-6.570792198E-2,1.156017184E0,8.591642380E-1
7.570979355E1,4.843020439E-2,1.390097141E0,2.149289131E0
7.571769760E1,-1.985239983E-2,1.543945193E0,2.889132500E0
7.572560165E1,-6.763625145E-2,1.562279582E0,3.164912224E0
7.573347519E1,-7.365453243E-2,1.533239841E0,2.792379379E0
7.574140976E1,-8.072626591E-2,1.418737888E0,2.380832672E0
7.574937485E1,-1.611262560E-1,1.375320196E0,2.050565720E0
7.575727890E1,-1.572139263E-1,1.283471346E0,1.837301254E0
7.576515243E1,-1.037760973E-1,1.136411667E0,1.626270294E0
7.577302597E1,-2.012076378E-1,7.774212360E-1,1.479595184E0
7.578096054E1,-5.954861641E-2,4.553139210E-1,1.555105209E0
7.578895614E1,5.509996414E-2,2.360985279E-1,1.943054199E0
7.579692123E1,6.053812504E-1,3.165740967E-1,3.002710342E0
7.580479477E1,9.487191439E-1,6.197156906E-1,4.049205780E0
7.581279037E1,9.870082140E-1,8.703362942E-1,5.093449593E0
7.582069443E1,1.159266233E0,1.062642813E0,5.324725151E0
7.582869003E1,1.231204629E0,1.071801662E0,5.159659386E0
7.583659408E1,1.229295850E0,9.974260330E-1,4.979970932E0
7.584452866E1,1.081734776E0,7.562804222E-1,4.856319427E0
7.585240219E1,9.106184244E-1,3.047134876E-1,5.139356613E0
7.586033676E1,8.549038172E-1,-7.038044930E-2,5.212582588E0
7.586830185E1,8.068547249E-1,-3.129771948E-1,4.852164268E0
7.587614952E1,1.003304124E0,-5.506690741E-1,4.267230988E0
7.588402305E1,1.039988756E0,-7.269525528E-1,3.625805855E0
7.589198814E1,1.045274258E0,-8.255363703E-1,3.010325432E0
7.589986168E1,8.731062412E-1,-9.340534210E-1,2.436908722E0
7.590782676E1,5.646561384E-1,-1.072136521E0,1.923786163E0
7.591576133E1,2.088226080E-1,-1.146071553E0,1.445119858E0
7.592366539E1,-1.643167734E-1,-1.225992203E0,1.162683487E0
7.593156944E1,-4.561401606E-1,-1.284369946E0,9.300804138E-1
7.593950401E1,-5.632053614E-1,-1.304196239E0,7.319049835E-1
7.594749962E1,-4.900109768E-1,-1.233131170E0,6.362743378E-1
7.595537315E1,-3.227728605E-1,-1.335234165E0,1.044178009E-1
7.596330772E1,-1.705826521E-1,-1.281491876E0,-6.441907883E-1
7.597124229E1,-1.568293571E-1,-1.251159072E0,-1.408197403E0
7.597914634E1,-1.583322287E-1,-1.162125349E0,-1.924609184E0
7.598711143E1,-2.523849010E-1,-1.126749396E0,-2.384455204E0
7.599501548E1,-3.124164343E-1,-1.065924168E0,-2.687748432E0
7.600291954E1,-3.005382419E-1,-9.921397567E-1,-2.892603397E0
7.601088462E1,-2.017445564E-1,-8.910446167E-1,-2.924389362E0
7.601878868E1,9.833562374E-2,-8.683072925E-1,-2.797366619E0
7.602678428E1,1.303544641E-1,-8.938984871E-1,-2.608849525E0
7.603468834E1,1.617860794E-2,-7.234895229E-1,-2.739222050E0
7.604259239E1,-4.680797458E-1,-6.123242378E-1,-3.023295403E0
7.605052696E1,-8.659210801E-1,-5.694591999E-1,-3.395974159E0
7.605846153E1,-1.152288437E0,-4.553714991E-1,-3.834078312E0
7.606642662E1,-1.334404707E0,-3.803995848E-1,-4.081289768E0
7.607433067E1,-1.376349211E0,-3.250926733E-1,-4.243663311E0
7.608226524E1,-1.263876200E0,-1.234953403E-1,-4.345491409E0
7.609023033E1,-1.064083934E0,8.777451515E-2,-4.145514011E0
7.609816490E1,-8.394080400E-1,2.879860401E-1,-3.780506134E0
7.610616050E1,-5.253785253E-1,4.488569498E-1,-3.453853130E0
7.611412559E1,-1.682296395E-1,6.675486565E-1,-3.418800831E0
7.612199913E1,1.410025358E-1,7.465871572E-1,-3.418985367E0
7.612996422E1,2.408764958E-1,8.679668903E-1,-3.207683086E0
7.613783775E1,2.206369638E-1,1.020861030E0,-2.744469643E0
7.614580284E1,-1.985437572E-1,1.260331035E0,-2.428954601E0
7.615373741E1,-5.381155610E-1,1.380559206E0,-2.198347569E0
7.616164146E1,-6.269017458E-1,1.544385552E0,-2.231957436E0
7.616960655E1,-7.110839486E-1,1.668635011E0,-2.257187843E0
7.617751060E1,-8.104515076E-1,1.640036702E0,-2.052024364E0
7.618547569E1,-8.890818954E-1,1.608182073E0,-1.631490707E0
7.619334922E1,-9.170945883E-1,1.744105101E0,-1.077294350E0
7.620125328E1,-1.071246624E0,1.662902951E0,-3.373661041E-1
7.620915733E1,-1.135872364E0,1.582186103E0,3.899183273E-1
7.621706138E1,-1.005944014E0,1.579160571E0,1.207822800E0
7.622502647E1,-9.067361355E-1,1.575372934E0,2.121012688E0
7.623296104E1,-9.306336641E-1,1.488029242E0,3.127382278E0
7.624086509E1,-8.289595246E-1,1.432330132E0,3.916073799E0
7.624876915E1,-5.869191885E-1,1.330940127E0,4.724637032E0
7.625667320E1,-5.737652779E-1,1.149985313E0,5.223122597E0
7.626463829E1,-5.731539726E-1,1.014376163E0,5.002872467E0
7.627251182E1,-4.817231297E-1,8.121478558E-1,4.367414474E0
7.628041588E1,-4.454059899E-1,4.531881809E-1,3.598650932E0
7.628838096E1,-4.640403390E-1,2.032951117E-1,2.858446121E0
7.629631553E1,-5.280606151E-1,6.825590134E-2,2.423873901E0
7.630428062E1,-4.757018983E-1,9.683024883E-2,2.100331306E0
7.631221519E1,-4.725573659E-1,4.541903734E-1,1.980244637E0
7.632014976E1,-7.893512845E-1,6.843140125E-1,1.899094582E0
7.632805381E1,-1.159719467E0,5.999457836E-1,1.943117142E0
7.633595787E1,-1.252605438E0,2.795753479E-1,2.053652763E0
7.634392296E1,-1.201223850E0,6.292450428E-2,2.257626534E0
7.635185752E1,-1.291342139E0,-1.200780869E-1,2.598601341E0
7.635976158E1,-1.343781948E0,-3.562150002E-1,2.856166840E0
7.636772667E1,-9.723393321E-1,-6.407926083E-1,2.939111710E0
7.637563072E1,-2.396289110E-1,-8.025538921E-1,3.198728561E0
7.638359581E1,4.677999020E-1,-8.662554026E-1,3.402557373E0
7.639156089E1,7.239692211E-1,-7.774679661E-1,3.371266365E0
7.639943443E1,6.764040589E-1,-6.730769873E-1,2.981119156E0
7.640736900E1,4.504882693E-1,-5.428892374E-1,2.163569450E0
7.641527305E1,2.913951874E-1,-5.270464420E-1,1.264243126E0
7.642326866E1,5.174764991E-2,-5.766420364E-1,2.418861389E-1
7.643123375E1,-1.350721717E-1,-5.623576641E-1,-6.597585678E-1
7.643910728E1,-1.982242912E-1,-6.496610641E-1,-1.278785706E0
7.644707237E1,-9.493987262E-2,-7.033544779E-1,-1.642371178E0
7.645500694E1,7.704605162E-2,-7.571153641E-1,-1.844435215E0
7.646297203E1,1.254604310E-1,-7.805804014E-1,-1.771883965E0
7.647093712E1,1.506772935E-1,-7.217297554E-1,-1.505030632E0
7.647881065E1,2.352164835E-1,-6.713054180E-1,-1.313941956E0
7.648671470E1,3.126842976E-1,-6.041448116E-1,-1.195005417E0
7.649464927E1,4.438546896E-1,-5.200324059E-1,-1.205253601E0
7.650264488E1,4.228594899E-1,-3.736242056E-1,-1.441931725E0
7.651051841E1,3.378027380E-1,-1.920578480E-1,-1.979153156E0
7.651842247E1,2.041599751E-1,-5.136716366E-2,-2.671028614E0
7.652638755E1,8.789657056E-2,5.910742283E-2,-3.242470741E0
7.653426109E1,-1.700572520E-1,1.007772684E-1,-3.744151115E0
7.654225670E1,-4.046242833E-1,1.027570963E-1,-4.559226990E0
7.655022178E1,-5.636533499E-1,1.268076897E-2,-5.214130402E0
7.655809532E1,-6.846851707E-1,-1.523423195E-2,-5.431752205E0
7.656606041E1,-6.902273297E-1,-4.606735706E-2,-5.234412193E0
7.657393394E1,-4.811618328E-1,8.061921597E-2,-4.592882633E0
7.658192955E1,-8.257094771E-2,1.298688650E-1,-3.683795452E0
7.658989463E1,1.929823309E-1,2.529073954E-1,-2.896563530E0
7.659776817E1,2.262825668E-1,5.142298937E-1,-2.223155022E0
7.660567222E1,2.902509570E-1,7.655614614E-1,-1.735062599E0
7.661360679E1,2.876119018E-1,8.917746544E-1,-1.323727608E0
7.662157188E1,3.404138684E-1,1.097543359E0,-1.130636215E0
7.662947593E1,1.595102251E-1,1.118364334E0,-1.533847809E0
7.663734947E1,-1.258647144E-1,1.253349662E0,-2.020462990E0
7.664525352E1,-3.476960659E-1,1.383844852E0,-2.469697952E0
7.665315757E1,-5.240780115E-1,1.521256804E0,-2.908575058E0
7.666112266E1,-5.279743671E-1,1.435722113E0,-3.036251068E0
7.666902672E1,-4.386741817E-1,1.372686028E0,-2.575799942E0
7.667693077E1,-4.297453463E-1,1.316728354E0,-1.848893642E0
7.668480430E1,-3.734068871E-1,1.245525360E0,-1.058469772E0
7.669273887E1,-3.385783434E-1,1.299104095E0,-1.324071884E-1
7.670070396E1,-2.301467657E-1,1.381611347E0,1.051427841E0
7.670860801E1,1.070375443E-1,1.520718813E0,2.246960640E0
7.671651207E1,2.496855259E-1,1.674294114E0,3.356712341E0
7.672441612E1,3.284469843E-1,1.894458652E0,3.805072784E0
7.673235069E1,2.554045320E-1,1.962338328E0,3.707332611E0
7.674028526E1,1.668548584E-1,1.896960258E0,2.972648621E0
7.674825035E1,3.620958328E-2,1.807011247E0,2.242445946E0
7.675618492E1,-1.659277081E-1,1.595987558E0,1.866983414E0
7.676415001E1,-3.853441179E-1,1.318872213E0,1.792115211E0
7.677208458E1,-5.001366735E-1,9.900529385E-1,1.854413986E0
7.678004966E1,-4.770156443E-1,6.039967537E-1,2.007926941E0
7.678798423E1,-1.756418347E-1,2.473735809E-1,2.426748276E0
7.679591880E1,1.184626818E-1,8.743405342E-2,3.092882156E0
7.680382286E1,5.944353342E-1,2.296714783E-1,4.114562988E0
7.681169639E1,8.193230629E-1,8.270785809E-1,4.640778542E0
7.681969200E1,5.816565752E-1,8.376986980E-1,4.663248062E0
7.682762657E1,6.822823286E-1,7.586336136E-1,4.249692917E0
7.683553062E1,5.627087951E-1,8.860647678E-1,3.625341415E0
7.684346519E1,1.680868864E-1,9.214487076E-1,3.157414436E0
7.685136924E1,-2.568098307E-1,7.109017372E-1,2.889945984E0
7.685933433E1,-4.921602011E-1,2.445654869E-1,2.685441971E0
7.686723838E1,-4.950781167E-1,-1.986405849E-1,2.583771706E0
7.687511192E1,-4.625007212E-1,-4.457757473E-1,2.754300117E0
7.688298546E1,-4.481951594E-1,-5.871359110E-1,2.643365860E0
7.689088951E1,-5.691168904E-1,-5.228646994E-1,2.220984459E0
7.689885460E1,9.059602022E-2,-6.041291952E-1,1.906772614E0
7.690681968E1,1.871560812E-1,-6.815917492E-1,1.483062744E0
7.691472374E1,2.998675108E-1,-6.815590858E-1,1.191634178E0
7.692268882E1,4.727678299E-1,-8.057912588E-1,7.500839233E-1
7.693062339E1,5.613679886E-1,-8.402639627E-1,3.807611465E-1
7.693858848E1,3.351262510E-1,-8.887292147E-1,-3.868293762E-2
7.694649254E1,4.644596577E-2,-1.009629726E0,-8.509435654E-1
7.695439659E1,-1.664507985E-1,-1.252963066E0,-1.824409485E0
7.696230064E1,-2.428739667E-1,-1.348183274E0,-2.477274895E0
7.697023521E1,-4.558187127E-1,-1.401402831E0,-2.604206562E0
7.697816978E1,-6.329592466E-1,-1.460948229E0,-2.290086269E0
7.698610435E1,-5.722569227E-1,-1.604658842E0,-1.878526211E0
7.699400840E1,-5.236790776E-1,-1.700508595E0,-1.327047348E0
7.700197349E1,-4.840444326E-1,-1.842437506E0,-7.043485641E-1
7.700990806E1,-4.739334583E-1,-1.907929301E0,-3.846826553E-1
7.701787315E1,-4.405646324E-1,-1.982644081E0,-6.383152008E-1
7.702583824E1,-5.878794789E-1,-1.953189611E0,-1.145118713E0
7.703374229E1,-7.643030882E-1,-1.914388418E0,-1.891667366E0
7.704164634E1,-8.954646587E-1,-1.714278579E0,-2.650847912E0
7.704958091E1,-1.054975271E0,-1.557655811E0,-3.367448807E0
7.705754600E1,-1.138282537E0,-1.314381123E0,-4.401172161E0
7.706548057E1,-1.192867756E0,-1.104487658E0,-5.400412560E0
7.707338462E1,-1.323845983E0,-1.020199895E0,-6.097686291E0
7.708131920E1,-1.322591186E0,-9.934417009E-1,-6.519954681E0
7.708922325E1,-1.072659492E0,-9.686905146E-1,-6.370918274E0
7.709721885E1,-8.595200777E-1,-8.352580070E-1,-5.654115677E0
7.710515342E1,-9.877542853E-1,-8.589754105E-1,-4.565371990E0
7.711308799E1,-5.958379507E-1,-7.316644192E-1,-2.855510712E0
7.712099205E1,-2.466508150E-1,-4.721524715E-1,-5.901298523E-1
7.712889610E1,-1.182727814E-1,-2.048876286E-1,1.063767433E0
7.713689171E1,-2.839079499E-1,9.008467197E-2,1.570136070E0
7.714482628E1,-5.226457119E-1,3.742054701E-1,1.316377640E0
7.715273033E1,-8.596537709E-1,5.502796173E-1,6.536388397E-2
7.716066490E1,-1.067557096E0,5.939028263E-1,-1.710927963E0
7.716856895E1,-1.173779607E0,5.937018394E-1,-2.999647141E0
7.717653404E1,-1.384815216E0,6.369667053E-1,-3.622949600E0
7.718443809E1,-1.611193299E0,7.083544731E-1,-3.403802395E0
7.719231163E1,-1.659745216E0,7.579512596E-1,-2.493311882E0
7.720018516E1,-1.434482694E0,9.158852100E-1,-1.335899353E0
7.720811973E1,-1.345301270E0,1.081316710E0,7.244873047E-2
7.721608482E1,-1.129903674E0,1.194827080E0,1.411817551E0
7.722398887E1,-8.700898886E-1,1.218995571E0,2.261646271E0
7.723192344E1,-5.109912753E-1,1.323618889E0,3.224147797E0
7.723985801E1,-3.334295154E-1,1.444791555E0,4.079496384E0
7.724776207E1,-3.000747561E-1,1.538347244E0,4.486665726E0
7.725575767E1,-6.092723608E-1,1.488880157E0,4.405078888E0
7.726366172E1,-7.728401423E-1,1.434812069E0,4.043166161E0
7.727153526E1,-1.013951898E0,1.234108210E0,3.470660210E0
7.727943931E1,-1.128115177E0,1.052657843E0,2.796492577E0
7.728734336E1,-1.166392803E0,9.372918606E-1,2.309521675E0
7.729530845E1,-1.137585759E0,8.833656311E-1,2.082756996E0
7.730321251E1,-1.040912509E0,1.045744181E0,1.838011742E0
7.731108604E1,-1.207160234E0,1.101332188E0,1.512315750E0
7.731895958E1,-1.550979376E0,8.124728203E-1,1.077561378E0
7.732689415E1,-1.770391226E0,2.438056469E-1,8.330945969E-1
7.733485923E1,-1.834742546E0,6.760096550E-2,1.034917831E0
7.734273277E1,-1.826315403E0,-4.011368752E-2,1.422797203E0
7.735063682E1,-1.890696883E0,-2.287895679E-1,1.967974663E0
7.735860191E1,-1.485086560E0,-3.917927742E-1,2.583602905E0
7.736650596E1,-9.989044666E-1,-4.113860130E-1,3.331875801E0
7.737450157E1,-4.108565450E-1,-2.212632895E-1,4.203309059E0
7.738246666E1,-3.722748160E-2,7.695817947E-2,4.645391464E0
7.739034019E1,1.435657442E-1,2.867941856E-1,4.384324074E0
7.739824424E1,1.306378990E-1,4.624395370E-1,3.814291954E0
7.740617881E1,6.688767672E-2,5.860018730E-1,2.901836395E0
7.741414390E1,-5.833853781E-2,6.180713177E-1,1.845932961E0
7.742204796E1,-3.804967403E-1,5.547206402E-1,6.449928284E-1
7.742995201E1,-6.401506662E-1,3.443756104E-1,-9.130506516E-1
7.743785606E1,-8.154627681E-1,6.656193733E-2,-2.235610008E0
7.744576011E1,-9.475829601E-1,-2.305485010E-1,-2.968164444E0
7.745375572E1,-9.262364507E-1,-4.266281128E-1,-2.992359638E0
7.746172081E1,-9.236057997E-1,-5.494734049E-1,-2.392842293E0
7.746962486E1,-8.156355619E-1,-6.668694019E-1,-1.565476418E0
7.747758995E1,-7.015255094E-1,-7.098988295E-1,-6.971883774E-1
7.748552452E1,-6.204463243E-1,-6.008632183E-1,-1.168642044E-1
7.749352012E1,-4.974316359E-1,-5.529394150E-1,1.668834686E-2
7.750145469E1,-3.714950085E-1,-4.405100346E-1,-3.077383041E-1
7.750932823E1,-3.911555111E-1,-3.094931841E-1,-9.790668488E-1
7.751723228E1,-3.799768686E-1,-1.732085943E-1,-1.670065880E0
7.752513633E1,-4.195679426E-1,-1.356613636E-2,-2.618070602E0
7.753310142E1,-4.505794644E-1,9.419119358E-2,-3.536042213E0
7.754100547E1,-5.636133552E-1,1.089475155E-1,-4.171078205E0
7.754887901E1,-5.605017543E-1,6.221139431E-2,-4.696125984E0
7.755684410E1,-5.897650123E-1,-5.105471611E-2,-5.011070728E0
7.756474815E1,-2.848932147E-1,-1.250103712E-1,-4.890949249E0
7.757274376E1,-5.647793412E-2,-2.075622082E-1,-4.539736271E0
7.758067833E1,-7.247008383E-2,-3.002834320E-2,-3.636168003E0
7.758858238E1,2.553870529E-2,5.996584892E-3,-2.565269947E0
7.759645591E1,1.929635853E-1,2.766244411E-1,-1.677947044E0
7.760439048E1,2.142247558E-1,5.008864403E-1,-9.375848770E-1
7.761235557E1,1.842230409E-1,6.329860687E-1,-7.458829880E-1
7.762025962E1,1.085895300E-1,7.757220268E-1,-1.058314323E0
7.762813316E1,-5.517601967E-2,9.848115444E-1,-1.454071999E0
7.763603721E1,-2.442476600E-1,1.336590052E0,-1.947989941E0
7.764397178E1,-2.950752676E-1,1.392595768E0,-2.600013256E0
7.765193687E1,-2.027993053E-1,1.337861061E0,-3.324884892E0
7.765990196E1,-3.101619184E-1,1.264569283E0,-3.544531822E0
7.766777549E1,-5.136163831E-1,1.141964436E0,-3.092435837E0
7.767574058E1,-7.368150949E-1,1.020836592E0,-2.158429623E0
7.768367515E1,-6.971477866E-1,8.179254532E-1,-1.425469398E0
7.769160972E1,-4.532651603E-1,7.084903717E-1,2.326965332E-3
7.769951378E1,-2.873760462E-1,7.182316780E-1,1.794678688E0
7.770738731E1,-7.037788630E-2,8.748717308E-1,3.423363686E0
7.771529136E1,-1.832836866E-2,8.663032055E-1,4.368102074E0
7.772319542E1,1.227285266E-1,8.297333717E-1,4.642351151E0
7.773116050E1,1.533831358E-1,8.041579723E-1,4.145216942E0
7.773906456E1,6.124693155E-2,7.185595036E-1,3.505068779E0
7.774693809E1,3.007078171E-2,6.587402821E-1,2.840613365E0
7.775481163E1,7.997500896E-2,5.694777966E-1,2.505120277E0
7.776277672E1,2.065578103E-1,5.564770699E-1,2.408726692E0
7.777074180E1,4.022385478E-1,5.991747379E-1,2.265499115E0
7.777864586E1,8.134658337E-1,8.478155136E-1,1.821898460E0
7.778654991E1,8.447620869E-1,7.926232815E-1,1.197643280E0
7.779445396E1,8.489456773E-1,2.938063145E-1,9.348564148E-1
7.780235801E1,1.008025646E0,2.824926376E-2,6.599187851E-1
7.781032310E1,7.786552906E-1,-1.349515915E-1,7.052755356E-1
7.781822715E1,5.552605391E-1,-4.823427200E-1,1.418922424E0
7.782610069E1,3.790226579E-1,-8.321924210E-1,2.437705994E0
7.783406578E1,4.553632736E-1,-9.807360172E-1,3.798292160E0
7.784196983E1,5.430524349E-1,-9.146339893E-1,4.812462807E0
7.784993492E1,6.319017410E-1,-8.246774673E-1,5.329115868E0
7.785780845E1,6.927427649E-1,-7.596676350E-1,5.189421654E0
7.786571251E1,5.762057304E-1,-6.829519272E-1,4.333607674E0
7.787367759E1,3.423975110E-1,-5.646829605E-1,3.075390816E0
7.788158165E1,4.509896040E-2,-4.072566032E-1,1.972961426E0
7.788957725E1,-3.390765786E-1,-3.002860546E-1,7.227020264E-1
7.789754234E1,-5.268994570E-1,-3.338496685E-1,-4.633760452E-1
7.790541588E1,-6.317743659E-1,-4.958596230E-1,-1.522279263E0
7.791331993E1,-7.097578049E-1,-6.036567688E-1,-2.133517742E0
7.792125450E1,-6.769130230E-1,-7.976789474E-1,-2.441504002E0
7.792925010E1,-3.885340989E-1,-9.929847717E-1,-2.323208809E0
7.793718467E1,-2.041855454E-1,-1.175933838E0,-2.106070042E0
7.794508873E1,-1.922722459E-1,-1.237474561E0,-1.926500320E0
7.795305381E1,-3.019167185E-1,-1.332803488E0,-1.704377174E0
7.796095787E1,-3.788424432E-1,-1.360742450E0,-1.573304653E0
7.796895347E1,-4.986608624E-1,-1.346396327E0,-1.764350414E0
7.797685752E1,-6.094671488E-1,-1.244999051E0,-2.131621361E0
7.798476158E1,-8.382556438E-1,-1.044541955E0,-2.414378166E0
7.799266563E1,-1.086231947E0,-7.132486105E-1,-2.692086697E0
7.800060020E1,-1.233024836E0,-3.994858265E-1,-3.067786217E0
7.800853477E1,-1.314992785E0,-2.332391739E-1,-3.481413364E0
7.801649986E1,-1.471430779E0,-4.585075378E-2,-3.997445583E0
7.802440391E1,-1.621569872E0,-6.564950943E-2,-4.422311306E0
7.803233848E1,-1.641888618E0,-2.008283138E-1,-4.521697044E0
7.804024254E1,-1.891523123E0,-2.415754795E-1,-4.199995041E0
7.804820762E1,-2.038796425E0,-1.781258583E-1,-3.631913662E0
7.805611168E1,-1.928847432E0,-2.274429798E-1,-3.329201221E0
7.806401573E1,-1.670156002E0,-2.305860519E-1,-2.973052979E0
7.807191978E1,-1.582552791E0,8.788132668E-2,-2.360085487E0
7.807982383E1,-1.505619049E0,3.900341988E-1,-1.789146900E0
7.808778892E1,-1.198287964E0,6.474797726E-1,-1.786649227E0
7.809569297E1,-8.194394708E-1,9.390249252E-1,-2.067091465E0
7.810359703E1,-6.468861103E-1,1.244853497E0,-2.388017654E0
7.811150108E1,-5.650221109E-1,1.526610374E0,-2.625878334E0
7.811940513E1,-4.891861379E-1,1.666479349E0,-2.773818016E0
7.812737022E1,-4.892800152E-1,1.590899944E0,-2.941968441E0
7.813527427E1,-3.852514923E-1,1.525612354E0,-3.217238426E0
7.814314781E1,-4.377468526E-1,1.402270555E0,-3.241197109E0
7.815105186E1,-6.984732151E-1,1.307776451E0,-3.002650261E0
7.815895591E1,-9.127280712E-1,1.129656076E0,-2.277160168E0
7.816692100E1,-9.247438908E-1,1.011466980E0,-1.398705482E0
7.817488609E1,-8.466723561E-1,8.102979660E-1,-1.557760239E-1
7.818275962E1,-8.085911870E-1,6.921446323E-1,1.011424065E0
7.819066368E1,-7.231528163E-1,8.174500465E-1,2.050640106E0
7.819856773E1,-7.538028955E-1,9.941368103E-1,2.960197449E0
7.820653282E1,-7.274335623E-1,1.228036165E0,3.649926186E0
7.821446739E1,-6.324484348E-1,1.319621444E0,3.745554924E0
7.822237144E1,-4.545991421E-1,1.366318345E0,3.383819580E0
7.823033653E1,-3.843537569E-1,1.308594704E0,2.737627029E0
7.823824058E1,-3.799485862E-1,1.118938446E0,2.401495934E0
7.824623619E1,-5.012229681E-1,8.498351574E-1,2.171059608E0
7.825420128E1,-6.817910075E-1,6.291251183E-1,2.093035698E0
7.826210533E1,-8.593585491E-1,3.806989193E-1,2.399020195E0
7.827000938E1,-1.109411359E0,4.058575630E-1,3.112470627E0
7.827791343E1,-1.126061916E0,7.468611002E-1,3.689538002E0
7.828590904E1,-1.377042651E0,7.911822796E-1,3.691075325E0
7.829381309E1,-1.623741627E0,4.448052645E-1,3.591741562E0
7.830168663E1,-7.642098665E-1,-1.714468002E-2,3.593189240E0
7.830956016E1,-1.253843069E0,-2.853022814E-1,3.691027641E0
7.831749473E1,-6.514832973E-1,-7.264848948E-1,3.801537514E0
7.832545982E1,-5.555429459E-1,-1.095160127E0,4.388893127E0
7.833336387E1,-2.553936243E-1,-1.176174879E0,4.832527161E0
7.834126793E1,1.978887171E-1,-1.335241795E0,5.180109024E0
7.834917198E1,6.241361499E-1,-1.297450542E0,5.333604813E0
7.835707603E1,6.717118621E-1,-1.014677763E0,5.209690094E0
7.836504112E1,6.087392569E-1,-5.485301018E-1,4.636842728E0
7.837300621E1,5.292003751E-1,-2.020498514E-1,3.955314636E0
7.838091026E1,3.147668839E-1,9.155392647E-2,2.851853371E0
7.838878380E1,-1.229763925E-1,2.210723162E-1,1.152602196E0
7.839671836E1,-6.027146578E-1,1.607340574E-1,-5.017290115E-1
7.840468345E1,-1.240566611E0,-4.075431824E-2,-2.198262691E0
7.841258751E1,-1.650995493E0,-1.764140129E-1,-3.414556026E0
7.842046104E1,-1.818484902E0,-4.973881245E-1,-3.740199566E0
7.842839561E1,-1.617005825E0,-6.320363283E-1,-3.235127449E0
7.843626915E1,-1.285515666E0,-7.632150650E-1,-2.097367287E0
7.844426475E1,-7.555748820E-1,-8.679667711E-1,-9.163179398E-1
7.845216880E1,-4.456686676E-1,-8.463071585E-1,1.790037155E-1
7.846004234E1,-2.180615664E-1,-5.691449642E-1,7.022209167E-1
7.846800743E1,-1.828548610E-1,-4.025436640E-1,5.129709244E-1
7.847591148E1,-2.362122834E-1,-1.112560034E-1,-2.779655457E-1
7.848387657E1,-2.234376967E-1,1.566563845E-1,-1.119724274E0
7.849175010E1,-2.711674869E-1,4.527206421E-1,-2.058054924E0
7.849965416E1,-3.509001434E-1,7.320319414E-1,-2.837100029E0
7.850761924E1,-4.456413984E-1,8.710823059E-1,-3.455096245E0
7.851552330E1,-4.544290900E-1,8.414677382E-1,-4.146831512E0
7.852348838E1,-6.699388027E-1,7.532260418E-1,-4.574844837E0
7.853142296E1,-9.550744295E-1,6.560187340E-1,-4.638766766E0
7.853935752E1,-1.113537550E0,5.813686848E-1,-4.580345154E0
7.854726158E1,-1.038134933E0,3.889955282E-1,-4.363621712E0
7.855516563E1,-4.255514443E-1,1.284118891E-1,-3.770791531E0
7.856313072E1,-3.978466988E-2,9.544277191E-2,-2.310927391E0
7.857106529E1,-1.606324315E-2,3.251283169E-1,-1.034640312E0
7.857896934E1,5.224603415E-2,5.513532162E-1,-2.430143356E-1
7.858693443E1,5.707406998E-2,6.998426914E-1,-1.818866730E-1
7.859483848E1,2.284318209E-2,8.111174107E-1,-4.876842499E-1
7.860280357E1,-1.599604487E-1,1.205120444E0,-1.037603378E0
7.861076866E1,-2.377415895E-1,1.341133118E0,-2.162747383E0
7.861867271E1,-1.505907774E-1,1.337510705E0,-3.436895847E0
7.862657676E1,-4.218948185E-1,1.404753566E0,-4.176209927E0
7.863451133E1,-2.450621128E-1,1.163639665E0,-4.420111656E0
7.864247642E1,-7.102026939E-1,1.163912773E0,-4.159708977E0
7.865034996E1,-7.999364734E-1,1.062146902E0,-3.374685287E0
7.865825401E1,-8.326708674E-1,9.839034081E-1,-2.454942226E0
7.866621910E1,-8.052873015E-1,9.694547653E-1,-1.031581879E0
7.867412315E1,-6.023948789E-1,9.779477119E-1,9.454250336E-1
7.868211876E1,-2.665110826E-1,1.004869580E0,2.996045113E0
7.869005333E1,-1.236562729E-1,1.077430248E0,4.443971634E0
7.869798790E1,8.798485994E-2,1.208049059E0,5.373937607E0
7.870589195E1,2.106999755E-1,1.184196949E0,5.379624367E0
7.871379600E1,1.474510431E-1,1.042054296E0,4.579772949E0
7.872176109E1,8.670747280E-2,8.461170197E-1,3.504753113E0
7.872969566E1,-1.434926391E-1,7.682607174E-1,2.691983223E0
7.873763023E1,-3.129832745E-1,6.200444698E-1,2.359804153E0
7.874559532E1,-2.150859237E-1,3.940985203E-1,2.009767532E0
7.875349937E1,2.544600368E-1,2.750430107E-1,1.553205490E0
7.876146446E1,7.061060667E-1,5.495598316E-1,1.381834030E0
7.876942955E1,6.514025331E-1,5.229585171E-1,1.534162521E0
7.877730308E1,9.590904117E-1,4.062066078E-1,1.636261940E0
7.878517662E1,1.305833817E0,3.264355659E-1,1.698326111E0
7.879317222E1,1.188135743E0,-1.243114471E-3,2.517179489E0
7.880116783E1,7.862672806E-1,-2.163219452E-1,3.847654343E0
7.880907188E1,4.636597633E-1,-3.876091242E-1,4.886651039E0
7.881697593E1,1.732604504E-1,-6.555320024E-1,5.802598000E0
7.882487999E1,1.135764122E-1,-7.862074375E-1,6.165611267E0
7.883281456E1,-2.531622052E-1,-7.719044685E-1,5.735024452E0
7.884071861E1,1.746590137E-1,-9.684907198E-1,4.657759666E0
7.884868370E1,6.690955162E-2,-8.435125351E-1,3.176417351E0
7.885658775E1,1.461312175E-1,-7.234793901E-1,1.885731697E0
7.886449180E1,1.929546595E-1,-7.124305964E-1,8.036413193E-1
7.887242637E1,2.683312297E-1,-7.094864845E-1,-6.141080856E-1
7.888039146E1,2.212347388E-1,-6.639575958E-1,-1.994710922E0
7.888829551E1,7.350277901E-2,-6.560540199E-1,-2.849750042E0
7.889619957E1,-3.908467293E-2,-7.754379511E-1,-3.282441139E0
7.890410362E1,6.282234192E-2,-8.606901169E-1,-2.962347507E0
7.891200767E1,7.241013050E-1,-1.130683184E0,-2.146466732E0
7.892000328E1,9.414045215E-1,-1.108893156E0,-1.458200455E0
7.892790733E1,9.500029683E-1,-1.059596300E0,-6.711454391E-1
7.893578086E1,1.050963044E0,-9.552397728E-1,-1.218128204E-1
7.894368492E1,1.018354893E0,-9.859923124E-1,-5.393505096E-2
7.895161949E1,8.594742417E-1,-9.224615097E-1,-4.387683868E-1
7.895961509E1,4.522881508E-1,-1.079062223E0,-1.174587250E0
7.896748863E1,-9.430706501E-3,-1.272227287E0,-2.102059841E0
7.897536216E1,-3.516508937E-1,-1.328479767E0,-2.779592037E0
7.898323570E1,-7.852210999E-1,-1.367466211E0,-3.041272640E0
7.899117027E1,-1.080052614E0,-1.303371906E0,-2.861743927E0
7.899913536E1,-1.335515857E0,-1.149722695E0,-2.505882740E0
7.900703941E1,-1.495737553E0,-8.409570456E-1,-1.905654430E0
7.901494346E1,-1.456493855E0,-6.361832619E-1,-1.750159264E0
7.902281700E1,-1.318334579E0,-4.367638826E-1,-1.892935276E0
7.903075157E1,-1.181289554E0,-3.801022768E-1,-2.442733288E0
7.903871666E1,-9.415909052E-1,-7.489776611E-2,-3.199886799E0
7.904662071E1,-7.266259193E-1,1.586415768E-1,-3.365441799E0
7.905452476E1,-7.606021166E-1,5.208797455E-1,-3.693678379E0
7.906242881E1,-1.032350183E0,5.431789160E-1,-4.521790504E0
7.907036338E1,-5.525044203E-1,1.079039335E0,-4.810549259E0
7.907832847E1,-7.261629701E-1,1.157741427E0,-5.434097767E0
7.908620201E1,-8.880088925E-1,1.397593141E0,-5.027378082E0
7.909410606E1,-9.453741908E-1,1.478965044E0,-4.922823906E0
7.910201011E1,-9.433758259E-1,1.566419601E0,-4.512430668E0
7.910991417E1,-1.189491868E0,1.500344515E0,-4.096214294E0
7.911787925E1,-1.454716206E0,1.474500656E0,-3.209475040E0
7.912581382E1,-1.807684898E0,1.366811991E0,-1.919287682E0
7.913374839E1,-1.883646727E0,1.255876422E0,-5.323457718E-1
7.914171348E1,-1.842243671E0,1.244429231E0,8.873872757E-1
7.914961754E1,-1.692001581E0,1.209980726E0,2.795500755E0
7.915758262E1,-1.482777596E0,1.204570532E0,4.310157776E0
7.916554771E1,-1.159467697E0,1.164132118E0,4.869885445E0
7.917345176E1,-8.816273808E-1,1.177305102E0,4.780349731E0
7.918138633E1,-7.063385844E-1,1.237714648E0,4.246012688E0
7.918929039E1,-6.538251638E-1,1.298185587E0,3.316599846E0
7.919728599E1,-5.907251835E-1,1.506260395E0,2.271576881E0
7.920519005E1,-6.195292473E-1,1.602112293E0,1.404166222E0
7.921306358E1,-7.468185425E-1,1.683301210E0,5.721693039E-1
7.922093712E1,-9.333038926E-1,1.620080709E0,-1.182661057E-1
7.922887168E1,-1.083350420E0,1.448717833E0,-4.591426849E-1
7.923683677E1,-1.176486850E0,1.157392502E0,-3.649797440E-1
7.924471031E1,-1.220182300E0,9.362001419E-1,6.459178925E-1
7.925264488E1,-1.057233095E0,6.501975060E-1,2.208535194E0
7.926057945E1,-6.211810112E-1,4.796581268E-1,3.619484901E0
7.926851402E1,-1.979593188E-2,5.670502186E-1,5.315222740E0
7.927647911E1,-8.438695222E-2,6.010532379E-1,6.375549316E0
7.928438316E1,-3.741777241E-1,5.277999640E-1,6.264459610E0
7.929225670E1,-5.602678061E-1,3.552616835E-1,5.005638123E0
7.930016075E1,-8.246171474E-1,1.861014366E-1,3.568317413E0
7.930809532E1,-1.269208550E0,5.216073990E-2,2.368490219E0
7.931606041E1,-1.405455232E0,-9.853482246E-2,1.710444450E0
7.932396446E1,-1.194356680E0,-2.893608809E-1,1.288846016E0
7.933183799E1,-7.192800641E-1,-4.290487766E-1,1.255014420E0
7.933971153E1,-2.373190224E-1,-4.815883636E-1,1.393382072E0
7.934764610E1,2.483150959E-1,-5.851305723E-1,1.715820312E0
7.935561119E1,3.105543256E-1,-6.101145744E-1,1.714869499E0
7.936351524E1,1.048209593E-1,-5.831663609E-1,1.191280365E0
7.937138878E1,-2.778939903E-1,-7.010108232E-1,6.508789062E-1
7.937929283E1,-6.787296534E-1,-7.852892876E-1,1.800756454E-1
7.938719688E1,-1.147983789E0,-8.868371248E-1,-3.024950027E-1
7.939516197E1,-1.346298099E0,-9.679161310E-1,-5.885267258E-1
7.940306602E1,-1.322722912E0,-9.618662596E-1,-6.736831665E-1
7.941093956E1,-1.194226027E0,-9.845060110E-1,-6.061449051E-1
7.941890464E1,-9.132632017E-1,-9.446425438E-1,-7.234754562E-1
7.942677818E1,-6.489686966E-1,-8.913794756E-1,-1.147449493E0
7.943477378E1,-3.951723874E-1,-8.121808767E-1,-1.540575981E0
7.944264732E1,-2.124807537E-1,-6.714556217E-1,-1.921848297E0
7.945055137E1,-7.232055813E-2,-5.647760630E-1,-2.326745987E0
7.945848594E1,1.717928052E-2,-3.898104429E-1,-2.855684280E0
7.946642051E1,1.328668445E-1,-2.029385567E-1,-3.322137833E0
7.947438560E1,3.155243993E-1,-1.039297581E-1,-3.654462814E0
7.948232017E1,4.225685894E-1,-1.866357327E-1,-3.929208279E0
7.949025474E1,4.354502261E-1,-2.113851309E-1,-4.414523602E0
7.949815880E1,3.512336910E-1,-3.025957346E-1,-4.557835579E0
7.950609336E1,3.310624659E-1,-3.744895458E-1,-4.104136944E0
7.951402794E1,3.350699842E-1,-2.486532927E-1,-3.249389172E0
7.952199302E1,3.116081953E-1,-1.332246065E-1,-2.045819283E0
7.952986656E1,3.288660347E-1,3.921401501E-2,-1.016660690E0
7.953783165E1,4.299218059E-1,1.658253670E-1,-2.208538055E-1
7.954576622E1,3.109059036E-1,2.454712391E-1,6.253242493E-2
7.955373130E1,1.619152129E-1,4.016510248E-1,-3.532361984E-1
7.956163536E1,-3.140980005E-2,6.080298424E-1,-1.465353966E0
7.956953941E1,-1.223087907E-1,7.273875475E-1,-2.473503113E0
7.957744346E1,-2.295855135E-1,8.747184277E-1,-3.692612171E0
7.958534752E1,-3.989048600E-1,1.036247253E0,-4.783267021E0
7.959334312E1,-4.284661114E-1,1.157786012E0,-5.683773041E0
7.960124717E1,-4.770813882E-1,1.244960904E0,-5.995645523E0
7.960915123E1,-4.718921781E-1,1.301873088E0,-5.511776447E0
7.961705528E1,-3.182086349E-1,1.385285497E0,-4.039779186E0
7.962495933E1,-2.892886400E-1,1.383754134E0,-2.440820694E0
7.963295494E1,-2.223792672E-1,1.282786131E0,-4.149360657E-1
7.964085899E1,-1.072425544E-1,1.250436425E0,1.605596542E0
7.964876304E1,1.843941212E-2,1.220022559E0,3.624196053E0
7.965666710E1,-1.300370693E-2,1.251200676E0,5.289857864E0
7.966457115E1,-1.580379009E-1,1.374387503E0,6.437996864E0
7.967256675E1,-3.929466903E-1,1.461187363E0,6.410947800E0
7.968050132E1,-5.554642677E-1,1.316473842E0,5.224204063E0
7.968840538E1,-4.490003586E-1,1.160780191E0,3.903664589E0
7.969637046E1,-4.711667299E-1,1.205572248E0,2.606690407E0
7.970430504E1,-5.433709621E-1,1.174645901E0,1.571594238E0
7.971227012E1,-3.115833998E-1,1.102360964E0,8.572320938E-1
7.972020469E1,-1.183717251E-1,9.950323105E-1,7.059497833E-1
7.972813926E1,3.623574972E-2,8.751330376E-1,1.090966225E0
7.973607383E1,-4.116344452E-2,6.539022923E-1,1.423312187E0
7.974400840E1,-1.014411449E-3,4.887754917E-1,1.683694839E0
7.975197349E1,2.285193205E-1,4.472358227E-1,2.536168098E0
7.975987755E1,6.955736279E-1,5.421013832E-1,3.722387314E0
7.976778160E1,9.396429062E-1,8.796191216E-1,4.697353363E0
7.977565513E1,8.259849548E-1,8.480725288E-1,4.940770149E0
7.978358970E1,1.095417023E0,8.877761364E-1,4.446014404E0
7.979155479E1,7.828811407E-1,8.178858757E-1,3.282822609E0
7.979945884E1,5.075014830E-1,6.437394619E-1,2.431557655E0
7.980736290E1,1.341342926E-1,2.550992966E-1,1.823855400E0
7.981526695E1,-1.275336742E-2,-2.585787773E-1,1.873940468E0
7.982329307E1,-6.149494648E-2,-7.606776953E-1,2.460116386E0
7.983128868E1,-2.129274011E-1,-1.042640328E0,2.598622322E0
7.983919273E1,-2.609667778E-1,-1.157746315E0,2.411254883E0
7.984715782E1,-7.880526781E-2,-1.292841077E0,2.054140091E0
7.985509239E1,3.947327733E-1,-1.336506963E0,1.769040108E0
7.986299644E1,8.484612107E-1,-1.445705414E0,1.429320335E0
7.987096153E1,1.139337540E0,-1.413485289E0,8.053646088E-1
7.987886558E1,9.022946954E-1,-1.295139194E0,5.749988556E-2
7.988676963E1,5.248407125E-1,-1.123066783E0,-5.635881424E-1
7.989467369E1,1.498910189E-1,-1.015222549E0,-1.046751022E0
7.990254722E1,-1.132652760E-1,-9.626355171E-1,-1.743916512E0
7.991054283E1,-2.817224264E-1,-9.383413792E-1,-2.317621231E0
7.991844688E1,-3.046256900E-1,-8.291314840E-1,-2.637000561E0
7.992647300E1,-3.000724316E-1,-7.097470760E-1,-3.070936680E0
7.993437706E1,-4.105198383E-2,-5.442687273E-1,-3.639688969E0
7.994228111E1,2.943074703E-1,-4.949034452E-1,-3.973031998E0
7.995027672E1,3.822545409E-1,-4.563547373E-1,-4.027772427E0
7.995824180E1,4.513612986E-1,-4.114125967E-1,-3.906799316E0
7.996605430E1,5.279997587E-1,-4.645164013E-1,-3.849451065E0
7.997395836E1,5.115065575E-1,-5.064647198E-1,-3.686826229E0
7.998186241E1,4.051745534E-1,-5.675269365E-1,-3.229947090E0
7.998982750E1,1.721611619E-1,-5.870420933E-1,-2.404121399E0
7.999773155E1,-2.158588767E-1,-5.670406818E-1,-1.781056404E0
8.000563560E1,-4.708150625E-1,-5.498600006E-1,-1.714043617E0
8.001353965E1,-8.944647908E-1,-5.166467428E-1,-1.805755138E0
8.002147422E1,-1.215551138E0,-4.452452660E-1,-2.328908920E0
8.002943931E1,-1.474544168E0,-3.692994118E-1,-3.366659164E0
8.003740440E1,-1.815161228E0,-1.652653217E-1,-4.177762985E0
8.004533897E1,-1.554696798E0,-1.821385622E-1,-4.822780609E0
8.005324302E1,-1.498144507E0,6.321418285E-2,-5.752181053E0
8.006117759E1,-1.297900677E0,1.169719696E-1,-6.147945404E0
8.006911216E1,-1.219116569E0,2.011206150E-1,-6.198072433E0
8.007707725E1,-9.025813937E-1,3.288706541E-1,-5.938302994E0
8.008501182E1,-5.320211649E-1,2.728326321E-1,-5.198738575E0
8.009297691E1,-2.596005797E-1,3.675025702E-1,-4.015096664E0
8.010088096E1,-3.834213614E-1,6.065832376E-1,-2.501320362E0
8.010884605E1,-6.208086014E-1,6.543326378E-1,-1.183694839E0
8.011678062E1,-7.815440893E-1,7.447552681E-1,-3.462762833E-1
8.012471519E1,-1.004289389E0,8.805847168E-1,4.489593506E-1
8.013261924E1,-1.417467356E0,1.157007813E0,1.209323883E0
8.014055381E1,-1.662001014E0,1.317370057E0,1.456561089E0
8.014851890E1,-1.539642811E0,1.416132331E0,1.200062752E0
8.015642296E1,-1.330513716E0,1.428282857E0,8.394498825E-1
8.016432701E1,-1.149798632E0,1.516502261E0,6.707286835E-1
8.017223106E1,-1.127496123E0,1.583190441E0,8.536872864E-1
8.018016563E1,-1.070171595E0,1.552466750E0,1.246322632E0
8.018813072E1,-9.955689907E-1,1.502008319E0,1.977647781E0
8.019600425E1,-1.015470266E0,1.457549691E0,2.646982193E0
8.020387779E1,-9.648765922E-1,1.311615348E0,3.112470627E0
8.021178184E1,-8.723629713E-1,1.134664178E0,3.482148170E0
8.021971641E1,-7.847635746E-1,1.022886157E0,4.289870262E0
8.022768150E1,-8.449293375E-1,8.871366978E-1,4.994712830E0
8.023555504E1,-8.378525972E-1,7.628003359E-1,5.293214798E0
8.024345909E1,-7.279867530E-1,5.852092505E-1,5.283987999E0
8.025142418E1,-6.755536795E-1,4.927681684E-1,4.974906921E0
8.025935875E1,-6.475765705E-1,7.011893988E-1,4.485253334E0
8.026732383E1,-8.148438334E-1,8.310669661E-1,3.760266304E0
8.027525840E1,-1.125253558E0,6.733617783E-1,2.610061646E0
8.028316246E1,-1.299381733E0,5.111105442E-1,1.532199860E0
8.029106651E1,-2.008413315E0,1.795738935E-1,9.565067291E-1
8.029897056E1,-2.016976357E0,-9.449172020E-2,6.308345795E-1
8.030696617E1,-1.800719619E0,-5.595904589E-1,1.205374718E0
8.031490074E1,-1.805959105E0,-7.985401750E-1,2.898271561E0
8.032277427E1,-1.438600063E0,-7.938552499E-1,4.222034454E0
8.033073936E1,-7.422876358E-1,-9.153444767E-1,5.417178154E0
8.033861290E1,-1.535655260E-1,-1.002855182E0,5.847971916E0
8.034657798E1,-2.109062672E-2,-9.044219851E-1,5.868111610E0
8.035454307E1,-4.412377477E-1,-7.849029899E-1,5.402210236E0
8.036241661E1,-8.398138285E-1,-8.749036193E-1,4.428853989E0
8.037038170E1,-1.173812985E0,-1.007311821E0,3.108503342E0
8.037828575E1,-1.481513262E0,-1.078537703E0,1.728671074E0
8.038628135E1,-1.699669123E0,-9.782509804E-1,8.050670624E-1
8.039424644E1,-1.860223055E0,-8.723480701E-1,-1.634426117E-1
8.040211998E1,-1.619237542E0,-7.944141626E-1,-9.526538849E-1
8.041002403E1,-1.317001939E0,-7.076908946E-1,-1.345415115E0
8.041792808E1,-1.009284616E0,-5.290148258E-1,-1.516872406E0
8.042592369E1,-7.559630275E-1,-3.760207891E-1,-1.618348122E0
8.043382774E1,-5.452678800E-1,-2.208786011E-1,-1.670784950E0
8.044170128E1,-4.302671552E-1,-1.008832455E-1,-1.630863190E0
8.044960533E1,-2.911113501E-1,-2.231645584E-2,-1.526477814E0
8.045750938E1,-1.993941218E-1,-8.336782455E-3,-1.723235130E0
8.046550499E1,-6.673745811E-2,2.278351784E-2,-2.136582851E0
8.047343956E1,-4.204252362E-2,-4.326188564E-2,-2.551068306E0
8.048134361E1,-1.024806499E-1,-5.808949471E-2,-3.076795101E0
8.048924766E1,-2.804590762E-1,-1.470798254E-1,-3.658597469E0
8.049715172E1,-4.722853303E-1,-2.575660944E-1,-4.208288670E0
8.050511680E1,-6.984730959E-1,-3.115631342E-1,-4.797964096E0
8.051302086E1,-9.623379707E-1,-3.193093538E-1,-5.255680084E0
8.052092491E1,-1.018745542E0,-3.499408960E-1,-5.581903934E0
8.052879844E1,-8.632616997E-1,-3.956195116E-1,-5.695781708E0
8.053673301E1,-5.138331056E-1,-3.935755491E-1,-5.575771809E0
8.054466758E1,-2.173099369E-1,-2.960284948E-1,-4.908130169E0
8.055263267E1,-8.661684394E-2,-1.409674883E-1,-4.116048813E0
8.056056724E1,-1.038938761E-2,1.142077446E-1,-3.117149353E0
8.056847130E1,1.842513084E-1,3.412007093E-1,-2.411139965E0
8.057637535E1,3.280730247E-1,4.563909769E-1,-2.231414318E0
8.058437095E1,2.608482242E-1,5.709364414E-1,-2.427292347E0
8.059227501E1,1.219482422E-1,8.126163483E-1,-3.106678963E0
8.060014854E1,-3.552509248E-1,1.100840211E0,-3.885002136E0
8.060802208E1,-6.047911048E-1,1.284733772E0,-4.232374191E0
8.061595665E1,-8.119612932E-1,1.449670434E0,-4.324817657E0
8.062389122E1,-8.641414642E-1,1.526159763E0,-3.503611565E0
8.063182579E1,-8.579748273E-1,1.524707675E0,-2.058306694E0
8.063972984E1,-7.898271680E-1,1.547660112E0,-8.061637878E-1
8.064769493E1,-4.297420979E-1,1.368544102E0,9.466276169E-1
8.065559898E1,7.133620977E-2,1.151125789E0,2.882169724E0
8.066356407E1,2.731885910E-1,9.575766325E-1,4.630517960E0
8.067149864E1,2.431831956E-1,8.452203274E-1,5.633305550E0
8.067940269E1,3.684294224E-2,8.384394646E-1,6.183922768E0
8.068736778E1,-2.561225295E-1,8.604055643E-1,5.473136902E0
8.069524131E1,-4.075092077E-1,8.754868507E-1,4.033716202E0
8.070323692E1,-4.757596254E-1,9.875187874E-1,2.592133522E0
8.071120201E1,-4.026023149E-1,1.008027315E0,1.388294220E0
8.071907554E1,-2.206310034E-1,1.034115314E0,6.934471130E-1
8.072697960E1,2.844262123E-2,9.562399387E-1,7.115516663E-1
8.073488365E1,4.020266533E-1,9.674098492E-1,1.440443993E0
8.074287925E1,6.068208218E-1,1.027074814E0,2.099770546E0
8.075078331E1,6.509844065E-1,8.754639626E-1,2.624814987E0
8.075865684E1,9.165045023E-1,7.141051292E-1,3.174667358E0
8.076656089E1,9.808368683E-1,5.890831947E-1,4.196527481E0
8.077446495E1,8.146947622E-1,2.570738792E-1,5.545719147E0
8.078243004E1,6.355118752E-1,-1.267565489E-1,6.479115486E0
8.079033409E1,6.375092268E-1,-5.157201290E-1,7.181758881E0
8.079823814E1,7.306032181E-1,-7.943780422E-1,7.250056267E0
8.080614219E1,8.853507042E-1,-8.827906847E-1,7.137838364E0
8.081404625E1,7.800811529E-1,-8.447017670E-1,6.554419518E0
8.082201133E1,8.582237959E-1,-8.152313232E-1,5.155216217E0
8.083003746E1,8.346291780E-1,-7.699207067E-1,3.218072891E0
8.083794151E1,8.655006886E-1,-7.517936230E-1,1.321810722E0
8.084587608E1,7.907340527E-1,-6.571620703E-1,-2.585792542E-2
8.085378013E1,5.838325024E-1,-5.513207912E-1,-1.053791046E0
8.086171470E1,3.745336533E-1,-5.259871483E-1,-1.500675201E0
8.086964927E1,2.018170357E-1,-5.606679916E-1,-1.631908894E0
8.087755333E1,2.136307955E-2,-5.829408169E-1,-1.732138634E0
8.088545738E1,-1.803851128E-1,-6.224720478E-1,-1.801794529E0
8.089339195E1,-2.054290771E-1,-7.391444445E-1,-1.796844482E0
8.090135704E1,-6.362491846E-2,-8.230700493E-1,-1.812711239E0
8.090926109E1,2.068600059E-1,-8.789900541E-1,-2.022815704E0
8.091722791E1,4.159092307E-1,-9.079314470E-1,-2.301994801E0
8.092522351E1,5.777187347E-1,-9.584109783E-1,-2.322655678E0
8.093312756E1,5.179600716E-1,-1.034544349E0,-2.448565483E0
8.094109265E1,4.610383511E-1,-1.034834981E0,-2.743990898E0
8.094899670E1,2.366338372E-1,-9.962083101E-1,-3.000408649E0
8.095690076E1,-9.174722433E-2,-9.696604013E-1,-3.390168667E0
8.096480481E1,-4.381871223E-1,-1.001202106E0,-4.085735798E0
8.097270886E1,-7.089921832E-1,-1.052112341E0,-4.702132702E0
8.098067395E1,-9.630763531E-1,-1.028546095E0,-5.036500454E0
8.098857800E1,-1.127105236E0,-8.687407970E-1,-5.031813622E0
8.099648206E1,-1.059009790E0,-4.931086302E-1,-4.762043476E0
8.100438611E1,-1.157159686E0,-2.014180422E-1,-3.824583054E0
8.101229016E1,-1.211886883E0,-4.376724958E-1,-4.223472595E0
8.102028577E1,-4.090307057E-1,-2.603268623E-1,-3.170558453E0
8.102825086E1,-3.233999014E-3,-3.659878969E-1,-2.303496361E0
8.103615491E1,2.245003283E-1,-1.011713743E-1,-1.876728535E0
8.104405896E1,1.589983702E-3,3.553903103E-2,-2.218134880E0
8.105196301E1,-3.611299098E-1,1.981201172E-1,-3.186705112E0
8.105995862E1,-4.238396585E-1,3.641990423E-1,-3.963862419E0
8.106786267E1,-6.351689696E-1,6.092618704E-1,-4.371607304E0
8.107573621E1,-6.879984140E-1,8.948141336E-1,-4.542488575E0
8.108370130E1,-8.385577202E-1,1.224410057E0,-4.857524872E0
8.109163586E1,-1.009163976E0,1.418546319E0,-4.582309723E0
8.109963147E1,-1.062902808E0,1.675461769E0,-3.541150570E0
8.110756604E1,-1.007151127E0,1.788925886E0,-2.257769108E0
8.111550061E1,-8.663628101E-1,1.838069081E0,-4.801874161E-1
8.112346570E1,-6.572945714E-1,1.748355627E0,1.351663589E0
8.113136975E1,-5.122225285E-1,1.683621645E0,2.700401306E0
8.113933484E1,-3.484615684E-1,1.623905063E0,3.828681946E0
8.114726941E1,-3.278683722E-1,1.602708459E0,4.356425285E0
8.115517346E1,-4.111636877E-1,1.517702818E0,4.185862541E0
8.116313855E1,-5.672082305E-1,1.373008609E0,3.841840744E0
8.117104260E1,-7.675899863E-1,1.421487570E0,3.430218697E0
8.117903821E1,-1.047797322E0,1.425914049E0,2.890028000E0
8.118700330E1,-1.122354984E0,1.321319103E0,2.494744301E0
8.119487683E1,-1.064189196E0,1.156059265E0,2.260464668E0
8.120275037E1,-1.049546480E0,1.000467300E0,2.186488152E0
8.121068494E1,-1.106558323E0,7.903285027E-1,2.288574219E0
8.121865002E1,-1.026373029E0,6.889724731E-1,2.328509331E0
8.122655408E1,-9.833178520E-1,6.899104118E-1,2.526083946E0
8.123442761E1,-8.411471844E-1,8.755149841E-1,3.011548042E0
8.124230115E1,-1.001670599E0,5.518648624E-1,3.297016144E0
8.125023572E1,-9.249065518E-1,3.096281290E-1,3.558172226E0
8.125820081E1,-9.432054162E-1,-4.778897762E-2,3.973281860E0
8.126610486E1,-9.405684471E-1,-4.781376123E-1,4.332345009E0
8.127397839E1,-9.934343696E-1,-8.307317495E-1,4.506877899E0
8.128188245E1,-8.472175598E-1,-1.184369564E0,4.646680832E0
8.128978650E1,-5.709325075E-1,-1.476292491E0,4.719546318E0
8.129775159E1,-3.693787456E-1,-1.583978653E0,4.788455963E0
8.130571668E1,-3.304427862E-1,-1.577120662E0,4.606548309E0
8.131359021E1,-4.394477010E-1,-1.443734288E0,3.915412903E0
8.132155530E1,-6.897733212E-1,-1.230553865E0,2.932888985E0
8.132945935E1,-9.439872503E-1,-9.682478309E-1,2.091052055E0
8.133742444E1,-1.243185520E0,-7.504037619E-1,1.562924385E0
8.134532849E1,-1.463007092E0,-5.687384605E-1,7.484569550E-1
8.135326306E1,-1.568490028E0,-5.073903799E-1,-1.747694016E-1
8.136122815E1,-1.535102606E0,-4.946911335E-1,-1.046439171E0
8.136913220E1,-1.337084293E0,-5.188772678E-1,-1.345296860E0
8.137709729E1,-1.556319118E0,-3.911545277E-1,-1.634478569E0
8.138506238E1,-1.391591787E0,-3.327326775E-1,-2.047993660E0
8.139293591E1,-1.382712722E0,-3.115887642E-1,-2.492661953E0
8.140080945E1,-1.175971031E0,-2.848880291E-1,-3.066622734E0
8.140874402E1,-8.572452664E-1,-2.885961533E-1,-3.417987823E0
8.141670911E1,-3.570927978E-1,-4.084186554E-1,-3.465462685E0
8.142461316E1,1.426892728E-2,-2.823166847E-1,-3.216298103E0
8.143251721E1,1.904802322E-1,-1.749895811E-1,-2.916802406E0
8.144042127E1,3.922033012E-1,-8.527112007E-2,-2.660079479E0
8.144829480E1,4.500315785E-1,-1.963758469E-2,-2.677724361E0
8.145625989E1,4.102524221E-1,5.310308933E-2,-2.919141293E0
8.146422498E1,3.041385412E-1,5.469226837E-2,-3.420078754E0
8.147212903E1,1.121626645E-1,1.371028423E-1,-4.208897114E0
8.148003308E1,-1.665496826E-2,1.428390741E-1,-4.769240856E0
8.148793714E1,-1.494434476E-1,1.370261908E-1,-5.161398411E0
8.149590222E1,-1.121897697E-1,1.647275686E-1,-5.400019646E0
8.150386731E1,-7.804544270E-2,2.809345722E-1,-5.370434284E0
8.151177136E1,-6.454449892E-2,4.365348816E-1,-5.087080002E0
8.151967542E1,3.059253097E-2,6.067261696E-1,-4.966387749E0
8.152760999E1,3.104946613E-1,6.609086990E-1,-4.931445599E0
8.153557507E1,4.685773849E-1,6.898269653E-1,-4.833613396E0
8.154347913E1,6.904971600E-1,8.168739080E-1,-4.486315727E0
8.155135266E1,7.355106473E-1,9.665476084E-1,-3.535361767E0
8.155925672E1,6.462374330E-1,1.013464570E0,-2.430775642E0
8.156716077E1,4.926910996E-1,1.066013932E0,-1.918893814E0
8.157515637E1,-6.580531597E-3,1.089507818E0,-1.736177921E0
8.158312146E1,-5.788272619E-1,1.090676188E0,-1.473828316E0
8.159102551E1,-1.002983928E0,1.073861122E0,-1.161587715E0
8.159892957E1,-1.261042476E0,1.119402766E0,-5.628643036E-1
8.160686414E1,-1.222396970E0,1.123858690E0,6.136693954E-1
8.161482922E1,-1.064956069E0,1.162086487E0,1.791476250E0
8.162273328E1,-9.192363620E-1,1.145862341E0,2.566345215E0
8.163060681E1,-6.964589953E-1,1.132836580E0,3.058985710E0
8.163848035E1,-5.477666855E-1,1.218775749E0,3.403729439E0
8.164641492E1,-4.518556595E-1,1.270212770E0,3.625108719E0
8.165438001E1,-2.314784527E-1,1.418368101E0,3.531275749E0
8.166228406E1,-6.579953432E-2,1.530051351E0,3.366752625E0
8.167015759E1,3.843170404E-2,1.406801343E0,3.507225990E0
8.167806165E1,1.811728477E-1,1.231033921E0,3.650620461E0
8.168596570E1,4.868520498E-1,1.038020730E0,3.717885971E0
8.169393079E1,6.334257126E-1,9.185976982E-1,3.873126984E0
8.170186536E1,7.832964659E-1,6.763509512E-1,4.352490425E0
8.170979993E1,1.061210871E0,4.940664768E-1,4.714661598E0
8.171770398E1,1.219364524E0,5.907624960E-1,4.769144058E0
8.172557752E1,1.207923055E0,9.859758615E-1,4.550051689E0
8.173357312E1,9.356696606E-1,7.305337191E-1,4.500542641E0
8.174150769E1,1.126686215E0,7.082598209E-1,3.986280441E0
8.174941174E1,8.938461542E-1,6.439666748E-1,3.270500183E0
8.175737683E1,6.196854115E-1,2.999746799E-1,3.051787376E0
8.176528089E1,2.481858730E-1,-1.346609592E-1,2.801060677E0
8.177321546E1,5.181980133E-2,-4.770015478E-1,2.508678436E0
8.178118054E1,-1.512404084E-1,-7.107440233E-1,2.669643402E0
8.178908460E1,-3.481995463E-1,-7.112354040E-1,2.980588913E0
8.179698865E1,-3.949710727E-1,-6.914513111E-1,3.176908493E0
8.180492322E1,-5.161738396E-2,-7.271960974E-1,2.879590988E0
8.181285779E1,3.587031960E-1,-7.917741537E-1,2.110028267E0
8.182082288E1,4.924104214E-1,-8.031271696E-1,1.390392303E0
8.182872693E1,4.718634486E-1,-6.521885395E-1,4.132041931E-1
8.183669202E1,4.836742282E-1,-5.555142164E-1,-6.474971771E-1
8.184459607E1,2.968316078E-1,-5.404329300E-1,-1.580085278E0
8.185259168E1,1.165590286E-1,-5.467016697E-1,-2.217773914E0
8.186049573E1,-3.940218687E-2,-6.289726496E-1,-2.752824306E0
8.186839978E1,-1.201205850E-1,-7.536673546E-1,-2.939963341E0
8.187630383E1,-1.631257534E-1,-8.461209536E-1,-2.742649555E0
8.188420789E1,-1.977767944E-1,-9.759585857E-1,-2.386967182E0
8.189220349E1,-1.346378326E-1,-1.168609381E0,-2.016485691E0
8.190010755E1,1.134054661E-1,-1.335937023E0,-1.591307163E0
8.190798108E1,-3.965270519E-2,-1.549054861E0,-1.493173599E0
8.191585462E1,4.274609089E-1,-1.602653623E0,-1.680803776E0
8.192381970E1,4.778109789E-1,-1.530686378E0,-1.730461121E0
8.193184583E1,2.705796957E-1,-1.269883156E0,-1.996272087E0
8.193981091E1,1.837112308E-1,-1.103253603E0,-2.250912189E0
8.194768445E1,3.476279974E-2,-9.920622706E-1,-2.844194412E0
8.195564954E1,-1.842164397E-1,-9.092937708E-1,-3.541168213E0
8.196352307E1,-6.209917665E-1,-7.545202971E-1,-4.344850540E0
8.197148816E1,-9.846293926E-1,-7.217402458E-1,-5.205019474E0
8.197942273E1,-1.371741176E0,-7.499951124E-1,-6.043424606E0
8.198732678E1,-1.673402429E0,-5.938006639E-1,-6.396355629E0
8.199523084E1,-1.963386655E0,-5.148187876E-1,-5.784315109E0
8.200310437E1,-1.595842004E0,-7.249844074E-2,-3.793026924E0
8.201113049E1,-1.182303190E0,3.951410055E-1,-1.695626736E0
8.201903455E1,-3.918549418E-1,5.261415243E-1,-3.991012573E-1
8.202693860E1,2.159371376E-1,7.185379267E-1,-6.416034698E-2
8.203490369E1,4.166359901E-1,8.840556145E-1,-9.447669983E-2
8.204283826E1,1.842554808E-1,8.638054132E-1,-4.414415359E-1
8.205083386E1,-1.423369646E-1,1.002144814E0,-1.233267784E0
8.205879895E1,-4.133766294E-1,1.004420400E0,-2.154077530E0
8.206670300E1,-9.966948628E-1,1.097065449E0,-2.990424156E0
8.207460706E1,-1.718985796E0,1.147294283E0,-3.511356831E0
8.208248059E1,-2.022996426E0,1.174173355E0,-3.410169125E0
8.209044568E1,-2.071128130E0,1.152486086E0,-2.383299828E0
8.209841077E1,-1.783684254E0,1.116283894E0,-8.140974045E-1
8.210628430E1,-1.543114185E0,1.161404371E0,6.844673157E-1
8.211415784E1,-1.275199294E0,1.220430613E0,2.040364265E0
8.212209241E1,-7.203705311E-1,1.248735189E0,4.094809532E0
8.213005750E1,-2.694911659E-1,1.300217390E0,5.958922386E0
8.213793103E1,-1.729689986E-1,1.361885548E0,6.588182449E0
8.214583508E1,-2.256754637E-1,1.395705462E0,5.718340874E0
8.215380017E1,-3.972820938E-1,1.349709511E0,4.011746407E0
8.216170422E1,-7.691176534E-1,1.348556280E0,2.346597672E0
8.216969983E1,-8.668380380E-1,1.215180635E0,1.151816368E0
8.217760388E1,-9.053696990E-1,1.066444159E0,3.007450104E-1
8.218550794E1,-9.838317037E-1,9.183459282E-1,2.106466293E-1
8.219341199E1,-1.103246093E0,7.056443691E-1,7.929134369E-1
8.220134656E1,-1.209154487E0,5.071763992E-1,1.708680153E0
8.220931165E1,-1.235885501E0,4.137926102E-1,2.996901512E0
8.221721570E1,-1.224045873E0,4.268789291E-1,3.681699753E0
8.222511975E1,-1.320873499E0,3.885412216E-1,4.079030037E0
8.223302380E1,-1.288993597E0,1.397182941E-1,4.524979591E0
8.224092786E1,-1.276651144E0,-4.409813881E-2,4.604826927E0
8.224892346E1,-1.528898478E0,-3.090837002E-1,4.276087761E0
8.225682752E1,-1.492366076E0,-3.248698711E-1,3.449490547E0
8.226473157E1,-1.262754560E0,-7.091118097E-1,2.791202545E0
8.227260510E1,-1.114493012E0,-7.523163557E-1,2.457797050E0
8.228053967E1,-7.229037285E-1,-8.091093302E-1,2.191569328E0
8.228850476E1,-4.985853434E-1,-7.580568790E-1,1.742299080E0
8.229640881E1,-3.959525824E-1,-7.430355549E-1,9.607515335E-1
8.230431287E1,-6.255427599E-1,-7.768700123E-1,3.124666214E-1
8.231227796E1,-9.057222605E-1,-9.186857939E-1,-1.082830429E-1
8.232018201E1,-1.421490788E0,-1.104854465E0,-6.624984741E-1
8.232817761E1,-1.886282444E0,-1.279207945E0,-1.280714989E0
8.233608167E1,-2.363480806E0,-1.389383674E0,-1.735179424E0
8.234395520E1,-2.674906492E0,-1.506692171E0,-1.733690262E0
8.235185925E1,-2.670324326E0,-1.455385685E0,-1.023962021E0
8.235976331E1,-2.448975801E0,-1.479280949E0,-1.656503677E-1
8.236772839E1,-1.933526754E0,-1.396367311E0,4.171657562E-1
8.237569348E1,-1.187785029E0,-1.159587979E0,6.560554504E-1
8.238359754E1,-6.032717228E-1,-8.353388309E-1,3.818845749E-1
8.239147107E1,5.041599274E-2,-5.177292824E-1,-1.050786972E-1
8.239940564E1,5.597218275E-1,-2.586600780E-1,-8.297424316E-1
8.240737073E1,1.049502373E0,8.494138718E-2,-1.905184746E0
8.241530530E1,1.358839035E0,2.585089207E-1,-2.824950695E0
8.242320935E1,1.481777906E0,3.770005703E-1,-3.302638054E0
8.243117444E1,1.479462147E0,3.997988701E-1,-3.511093140E0
8.243907849E1,1.352884889E0,3.727695942E-1,-3.693733215E0
8.244707410E1,1.103674769E0,3.439304829E-1,-4.094065666E0
8.245500867E1,8.352413774E-1,2.314486504E-1,-4.331239223E0
8.246294324E1,4.820857942E-1,9.787225723E-2,-4.280813217E0
8.247090833E1,3.004353642E-1,-3.341174126E-2,-3.902033329E0
8.247884290E1,9.207832813E-2,-7.939076424E-2,-3.060265064E0
8.248683850E1,8.007549495E-2,4.386425018E-3,-2.530616760E0
8.249477307E1,-1.953849494E-1,4.963994026E-2,-2.364672661E0
8.250270764E1,-3.312060535E-1,2.308032513E-1,-2.658969879E0
8.251061170E1,-2.574404180E-1,2.759194374E-1,-3.208660126E0
8.251851575E1,-2.209767699E-1,4.432492256E-1,-3.602136612E0
8.252648084E1,-1.444248557E-1,6.319217682E-1,-3.965846062E0
8.253441541E1,-3.059349358E-1,8.916654587E-1,-4.355802536E0
8.254231946E1,-3.556923270E-1,1.004464865E0,-4.567216873E0
8.255028455E1,-3.913411498E-1,1.095439672E0,-4.475851059E0
8.255815808E1,-4.922730923E-1,1.321067333E0,-3.763609886E0
8.256615369E1,-5.369759798E-1,1.533969164E0,-2.563367367E0
8.257408826E1,-4.866268635E-1,1.649931669E0,-1.403163910E0
8.258196179E1,-3.131508827E-1,1.610176563E0,-9.547424316E-2
8.258992688E1,-2.514170110E-1,1.512838364E0,1.044856071E0
8.259780042E1,-1.233823001E-1,1.384616375E0,1.882039070E0
8.260579602E1,3.508436680E-2,1.317557573E0,2.655865669E0
8.261376111E1,-3.240108490E-2,1.282814980E0,3.380360603E0
8.262169568E1,-1.239459515E-1,1.226103306E0,3.916646957E0
8.262966077E1,-1.002234519E-1,1.182729959E0,4.135794640E0
8.263756482E1,4.302647710E-2,1.116722345E0,3.738507271E0
8.264552991E1,1.966633201E-1,9.679055214E-1,3.038524628E0
8.265349500E1,1.814700961E-1,9.473290443E-1,2.367905617E0
8.266136853E1,1.433820426E-1,9.000856876E-1,1.684981346E0
8.266927258E1,1.248623431E-1,7.582826614E-1,1.428337097E0
8.267720715E1,2.308375835E-1,5.768330097E-1,1.384862900E0
8.268514172E1,2.927679420E-1,4.566628933E-1,1.439518929E0
8.269310681E1,4.061979651E-1,3.450925350E-1,1.325940132E0
8.270098035E1,6.028960943E-1,4.523091316E-1,1.380279541E0
8.270885388E1,7.243424654E-1,8.790242672E-1,1.487654686E0
8.271678845E1,8.728277683E-1,9.065251350E-1,1.705099106E0
8.272475354E1,1.345107079E0,9.292185307E-1,1.897555351E0
8.273268811E1,1.783025026E0,7.496373653E-1,2.372158051E0
8.274059216E1,1.631156802E0,4.128518105E-1,3.114787102E0
8.274855725E1,1.437862158E0,1.925137043E-1,3.838504791E0
8.275643079E1,1.349470377E0,-9.392189980E-2,4.725000381E0
8.276439588E1,1.157501936E0,-2.658145428E-1,5.714634895E0
8.277236096E1,9.354858398E-1,-3.775067329E-1,6.053915977E0
8.278026502E1,8.773565888E-1,-4.129905701E-1,5.837724686E0
8.278816907E1,9.520800710E-1,-4.874410629E-1,4.755202293E0
8.279607312E1,1.003271937E0,-6.013360023E-1,3.206380844E0
8.280406873E1,8.221466541E-1,-5.999710560E-1,1.648893356E0
8.281194226E1,5.940134525E-1,-6.733820438E-1,4.281988144E-1
8.281984631E1,3.644185662E-1,-7.379755974E-1,-7.610025406E-1
8.282781140E1,2.072899044E-1,-9.446702003E-1,-1.917628288E0
8.283574597E1,-1.834543794E-1,-9.601454735E-1,-2.554156780E0
8.284374158E1,-4.496868253E-1,-1.031666279E0,-2.969362259E0
8.285164563E1,-5.937350392E-1,-9.467805624E-1,-2.970787048E0
8.285958020E1,-3.333747089E-1,-1.005243301E0,-2.894007683E0
8.286745374E1,-5.665805936E-2,-1.031749725E0,-2.847244263E0
8.287538831E1,2.056109905E-2,-9.727771282E-1,-2.822183132E0
8.288335339E1,1.018523276E-1,-9.717767239E-1,-2.907468796E0
8.289125745E1,-2.015143633E-3,-1.032914519E0,-3.088804722E0
8.289913098E1,-1.426095665E-1,-1.145730019E0,-3.353827477E0
8.290703504E1,-4.250446558E-1,-1.324571848E0,-3.767136574E0
8.291496961E1,-8.108539581E-1,-1.514259338E0,-4.195151806E0
8.292293469E1,-1.141153216E0,-1.567093611E0,-4.458864689E0
8.293080823E1,-1.373967886E0,-1.519129753E0,-4.475140572E0
8.293871228E1,-1.568284869E0,-1.438278437E0,-4.214059353E0
8.294670789E1,-1.587927341E0,-1.247658372E0,-3.779833317E0
8.295464246E1,-1.478401899E0,-9.282120466E-1,-3.086628914E0
8.296260755E1,-1.137964487E0,-6.430271864E-1,-1.883569717E0
8.297051160E1,-7.178063989E-1,-2.485599518E-1,-3.946218491E-1
8.297838513E1,-4.932144284E-1,9.213733673E-2,4.104862213E-1
8.298625867E1,-3.217635751E-1,3.317058086E-1,3.242111206E-1
8.299419324E1,-2.004370391E-1,4.523830414E-1,-4.160518646E-1
8.300215833E1,-4.327886999E-1,4.635763168E-1,-1.421643257E0
8.301006238E1,-7.699097395E-1,5.607769489E-1,-2.309322834E0
8.301796643E1,-1.085173368E0,6.219134331E-1,-3.498962402E0
8.302587048E1,-9.702461958E-1,7.139706612E-1,-4.237778187E0
8.303380505E1,-1.065573454E0,9.358472824E-1,-4.446349144E0
8.304177014E1,-8.347308636E-1,1.181745768E0,-3.899432182E0
8.304967420E1,-5.349610448E-1,1.279759884E0,-2.682425022E0
8.305754773E1,-2.636306882E-1,1.333698273E0,-1.105763435E0
8.306545178E1,-2.381533384E-2,1.248354197E0,4.355049133E-2
8.307338635E1,2.333747447E-1,8.984634876E-1,1.578424454E0
8.308135144E1,3.348757029E-1,8.124437332E-1,3.262576103E0
8.308922498E1,4.984835684E-1,7.748479843E-1,4.512934685E0
8.309712903E1,4.221642911E-1,8.397765160E-1,5.446599960E0
8.310509412E1,1.934109926E-1,9.233806133E-1,6.262376785E0
8.311302869E1,-1.178878546E-1,1.021101952E0,6.224633217E0
8.312099378E1,-3.478958905E-1,1.194227934E0,5.316389084E0
8.312889783E1,-4.166211188E-1,1.199889898E0,3.906190872E0
8.313677136E1,-6.139974594E-1,1.251586676E0,2.443599701E0
8.314467542E1,-9.414497614E-1,1.242619276E0,1.024764061E0
8.315257947E1,-1.138084173E0,1.126793146E0,2.033491135E-1
8.316057507E1,-1.398684621E0,8.956489563E-1,-2.946224213E-1
8.316847913E1,-1.464629292E0,4.679567814E-1,-2.425556183E-1
8.317638318E1,-1.921335578E0,9.565186501E-1,2.540111542E-2
8.318434827E1,-2.227849483E0,7.793195248E-1,8.672046661E-1
8.319222180E1,-2.144737720E0,8.264021873E-1,1.460053444E0
8.320024793E1,-2.454659700E0,5.636663437E-1,1.350452423E0
8.320812146E1,-2.795849800E0,6.825275421E-1,1.080255508E0
8.321599500E1,-3.273386955E0,8.205554485E-1,3.527908325E-1
8.322389905E1,-3.355714083E0,8.038415909E-1,-3.725576401E-1
8.323180310E1,-3.227358341E0,5.772838593E-1,-5.099287033E-1
8.323976819E1,-2.928798914E0,2.080261707E-1,-3.624687195E-1
8.324767224E1,-2.578920841E0,-2.766478062E-1,4.000282288E-1
8.325557630E1,-2.222025156E0,-7.603015900E-1,1.406124115E0
8.326348035E1,-2.013129950E0,-1.188804150E0,2.011553764E0
8.327141492E1,-1.685174823E0,-1.602827549E0,2.562704086E0
8.327938001E1,-1.704852462E0,-1.811753750E0,2.954684258E0
8.328728406E1,-1.875104070E0,-1.781229973E0,3.084450722E0
8.329515759E1,-2.038491488E0,-1.700657845E0,2.824054718E0
8.330303113E1,-1.912362337E0,-1.609348774E0,2.270016670E0
8.331096570E1,-1.516366959E0,-1.587157488E0,1.686244011E0
8.331893079E1,-1.251806140E0,-1.545646429E0,1.300071716E0
8.332683484E1,-9.820371270E-1,-1.398769379E0,9.126663208E-1
8.333473889E1,-8.184678555E-1,-1.220306635E0,6.417102814E-1
8.334270398E1,-8.206468225E-1,-9.818249941E-1,2.354536057E-1
8.335060803E1,-8.448679447E-1,-7.836737633E-1,-2.917089462E-1
8.335857312E1,-8.342114687E-1,-6.288350821E-1,-8.809080124E-1
8.336647717E1,-7.725192308E-1,-4.812247753E-1,-1.500333786E0
8.337438123E1,-6.662873030E-1,-3.726257086E-1,-2.016211033E0
8.338234631E1,-4.501736164E-1,-3.186873198E-1,-2.409651279E0
8.339025037E1,-2.717802227E-1,-3.705130816E-1,-2.530279160E0
8.339824597E1,-2.281603962E-1,-4.381686449E-1,-2.657261372E0
8.340621106E1,-1.682239771E-1,-4.002026320E-1,-3.027657986E0
8.341411511E1,7.432159781E-2,-4.131443501E-1,-3.079270840E0
8.342204968E1,4.416021705E-1,-4.490818977E-1,-2.592241764E0
8.342998425E1,6.188071370E-1,-3.350452185E-1,-1.973214626E0
8.343794934E1,5.272505283E-1,-2.107083797E-1,-1.448695183E0
8.344588391E1,2.759861350E-1,-3.323054314E-2,-8.675384521E-1
8.345378796E1,2.271313071E-1,5.554223061E-2,-5.908565521E-1
8.346175305E1,1.662500501E-1,8.582878113E-2,-1.132090569E0
8.346965711E1,-8.540374041E-2,2.085957527E-1,-1.814373493E0
8.347762219E1,-5.488529205E-1,3.595863581E-1,-2.836660385E0
8.348552625E1,-8.786681890E-1,5.629388094E-1,-3.734663963E0
8.349343030E1,-1.035303831E0,7.499080896E-1,-4.334708691E0
8.350133435E1,-1.010758281E0,9.434043169E-1,-4.620604992E0
8.350926892E1,-9.488330483E-1,1.061463356E0,-4.592998028E0
8.351723401E1,-9.328729510E-1,1.149730921E0,-4.283305168E0
8.352513806E1,-1.001511812E0,1.168328762E0,-3.862199783E0
8.353304212E1,-9.175435901E-1,1.146723509E0,-3.190973759E0
8.354094617E1,-6.083921194E-1,1.157002211E0,-1.841506958E0
8.354888074E1,-4.404864311E-1,1.220726967E0,-4.823837280E-1
8.355681531E1,-4.592715502E-1,1.309287071E0,8.471622467E-1
8.356474988E1,-4.900293350E-1,1.364636898E0,1.781967163E0
8.357268445E1,-4.576029181E-1,1.330421925E0,2.272727966E0
8.358064954E1,-4.588294625E-1,1.236158133E0,2.149717331E0
8.358858411E1,-4.430128932E-1,1.155993700E0,1.658074379E0
8.359654920E1,-4.409628510E-1,1.030610323E0,1.390706062E0
8.360451428E1,-4.650522470E-1,8.823153973E-1,1.010883331E0
8.361238782E1,-3.062788844E-1,7.679054737E-1,5.898857117E-1
8.362026135E1,-1.466307044E-1,6.943018436E-1,9.598731995E-2
8.362816541E1,-1.465613246E-1,6.032822132E-1,-2.845697403E-1
8.363613049E1,-1.585800052E-1,5.188488960E-1,-4.932250977E-1
8.364409558E1,-2.060174942E-1,4.044342041E-1,-4.794359207E-1
8.365196912E1,-1.807801723E-1,2.718601227E-1,1.561679840E-1
8.365987317E1,-1.719355583E-2,1.906230450E-1,1.168446541E0
8.366777722E1,1.566677094E-1,3.169178963E-1,2.271174431E0
8.367574231E1,2.679654360E-1,5.958888531E-1,3.702027321E0
8.368364636E1,2.060688734E-1,7.483420372E-1,4.645828247E0
8.369151990E1,1.178267002E-1,8.349668980E-1,4.853094101E0
8.369939343E1,-9.869241714E-2,1.083397627E0,4.511980057E0
8.370732800E1,-3.823209405E-1,8.118720055E-1,3.897171974E0
8.371529309E1,-6.429797411E-1,3.462667465E-1,3.505947113E0
8.372316663E1,-6.545606852E-1,-1.167249680E-1,2.801820755E0
8.373107068E1,-6.240503788E-1,-5.897258520E-1,2.647965431E0
8.373897473E1,-8.440620899E-1,-7.202727795E-1,3.285504341E0
8.374687878E1,-6.813923717E-1,-7.801160812E-1,3.984356880E0
8.375484387E1,-2.153887451E-1,-8.314276934E-1,4.585646629E0
8.376277844E1,2.300354242E-1,-8.315995932E-1,4.697379112E0
8.377071301E1,4.513096213E-1,-7.636859417E-1,3.930689812E0
8.377861707E1,5.097577572E-1,-6.924006939E-1,2.928987503E0
8.378655164E1,5.927706361E-1,-5.852423906E-1,1.622158051E0
8.379451672E1,5.329174399E-1,-5.197296143E-1,6.362037659E-1
8.380242078E1,4.223852158E-1,-4.870429039E-1,-4.510459900E-1
8.381029431E1,3.770334125E-1,-5.030388832E-1,-1.286499977E0
8.381816785E1,4.597204924E-1,-6.481660604E-1,-2.016676903E0
8.382610242E1,5.391374230E-1,-8.181053400E-1,-2.366772175E0
8.383403699E1,4.683449268E-1,-9.151473045E-1,-2.440410614E0
8.384197156E1,4.035132527E-1,-9.612076283E-1,-2.468970776E0
8.384987561E1,4.150062203E-1,-1.084715605E0,-2.383733273E0
8.385777966E1,3.047006726E-1,-1.251226425E0,-2.263566494E0
8.386571423E1,1.191577911E-1,-1.341516256E0,-2.119469166E0
8.387364880E1,-1.424977481E-1,-1.345671058E0,-2.151906490E0
8.388158338E1,-3.637189865E-1,-1.246751904E0,-2.283669949E0
8.388948743E1,-5.657057762E-1,-1.172066212E0,-2.466897011E0
8.389745252E1,-8.819977045E-1,-1.012168884E0,-2.823641300E0
8.390535657E1,-1.233944178E0,-9.178160429E-1,-3.157752991E0
8.391335217E1,-1.471480131E0,-7.963120937E-1,-3.220803738E0
8.392125623E1,-1.586482763E0,-6.597807407E-1,-3.266706944E0
8.392916028E1,-1.597363591E0,-4.030370712E-1,-3.079996109E0
8.393703381E1,-1.485978961E0,-1.697319746E-1,-2.866635799E0
8.394496839E1,-1.142740607E0,6.257140636E-2,-2.654674530E0
8.395296399E1,-1.000372767E0,1.689198017E-1,-2.554102898E0
8.396089856E1,-7.863826752E-1,3.507820368E-1,-2.679444790E0
8.396880261E1,-5.720224977E-1,5.389989614E-1,-2.520278454E0
8.397676770E1,-3.085745573E-1,6.846495867E-1,-2.319064617E0
8.398464124E1,-2.944794297E-1,8.073065281E-1,-2.482024193E0
8.399263684E1,-3.634226918E-1,1.010119438E0,-2.829960823E0
8.400054089E1,-4.623963833E-1,1.217420936E0,-3.384480000E0
8.400844495E1,-5.810329318E-1,1.247047067E0,-3.968747616E0
8.401631848E1,-6.501014233E-1,1.332836032E0,-4.107564449E0
8.402425305E1,-7.548490167E-1,1.363841653E0,-3.844864368E0
8.403221814E1,-8.923951983E-1,1.233101845E0,-3.353741169E0
8.404009168E1,-8.791687489E-1,1.141935110E0,-2.830117702E0
8.404802625E1,-9.620639682E-1,1.115182161E0,-1.713983536E0
8.405599133E1,-9.941486120E-1,1.167239189E0,-4.320812225E-1
8.406389539E1,-9.962210059E-1,1.186312675E0,7.937126160E-1
8.407189099E1,-7.623702288E-1,1.144002676E0,2.169703484E0
8.407985608E1,-5.422824621E-1,1.194175243E0,3.304059029E0
8.408772962E1,-4.884349108E-1,1.158240795E0,3.941476822E0
8.409560315E1,-5.445907116E-1,1.077875376E0,3.963682175E0
8.410353772E1,-4.219802618E-1,1.219093323E0,3.543128014E0
8.411150281E1,-6.560640335E-1,1.177633047E0,3.170064926E0
8.411940686E1,-7.105773091E-1,1.111890793E0,2.581151962E0
8.412731091E1,-7.107847929E-1,8.922336102E-1,2.230224609E0
8.413521497E1,-9.299734235E-1,6.562557220E-1,1.905797005E0
8.414314954E1,-1.161399603E0,4.561052322E-1,1.527596474E0
8.415111462E1,-1.256607771E0,1.483955383E-1,1.370224953E0
8.415898816E1,-1.327956200E0,-5.810928345E-2,1.772882462E0
8.416689221E1,-1.297346234E0,5.466389656E-2,2.482840538E0
8.417485730E1,-1.390889168E0,2.435736656E-1,3.355732918E0
8.418276135E1,-1.620856047E0,1.117815971E-1,3.789379120E0
8.419075696E1,-1.734887600E0,-1.593861580E-1,3.864885330E0
8.419872205E1,-1.786537170E0,-3.800696135E-1,3.707830429E0
8.420662610E1,-1.721889853E0,-5.021581650E-1,3.371885300E0
8.421459119E1,-1.567174911E0,-6.382874250E-1,3.173825264E0
8.422246472E1,-1.232732892E0,-8.833454847E-1,2.899468422E0
8.423042981E1,-7.901609540E-1,-1.057513952E0,2.726107597E0
8.423839490E1,-4.170794487E-1,-1.145852923E0,2.650796890E0
8.424626843E1,-2.142543793E-1,-1.230836511E0,2.402729034E0
8.425414197E1,-3.430933356E-1,-1.134906650E0,1.792766571E0
8.426210706E1,-6.989927292E-1,-1.102115631E0,1.105054855E0
8.427010266E1,-1.041298628E0,-1.193778634E0,5.767650604E-1
8.427806775E1,-1.473899603E0,-1.255889893E0,1.225757599E-2
8.428594128E1,-1.593176842E0,-1.246478796E0,-3.804016113E-1
8.429384534E1,-1.580641150E0,-1.253943920E0,-5.040903091E-1
8.430177991E1,-1.466179132E0,-1.161463261E0,-4.425430298E-1
8.430974500E1,-1.262674332E0,-1.066206813E0,-2.030658722E-1
8.431771008E1,-1.205422640E0,-9.692789316E-1,1.932334900E-1
8.432561414E1,-1.135896325E0,-8.051376343E-1,4.771347046E-1
8.433351819E1,-9.250617027E-1,-6.111398935E-1,3.697633743E-1
8.434142224E1,-6.768954992E-1,-5.319511890E-1,-2.570781708E-1
8.434944836E1,-2.953851223E-1,-3.695187569E-1,-9.227218628E-1
8.435735242E1,-9.775750339E-2,-2.387655973E-1,-1.719913960E0
8.436522595E1,-3.253923357E-2,-2.532589436E-2,-2.630845070E0
8.437309949E1,2.587930858E-2,1.645315886E-1,-3.528962135E0
8.438106458E1,1.051527560E-1,3.015025854E-1,-4.153676510E0
8.438902966E1,1.123171374E-1,4.564425945E-1,-4.641715527E0
8.439696423E1,2.097137719E-1,5.238728523E-1,-5.404853821E0
8.440486829E1,3.337677419E-1,5.504287481E-1,-5.957252502E0
8.441283338E1,4.015695453E-1,5.139896870E-1,-6.177123547E0
8.442070691E1,4.484657943E-1,4.587359428E-1,-5.985651016E0
8.442870252E1,4.346112013E-1,5.229998827E-1,-5.143743038E0
8.443666760E1,4.971788228E-1,5.280116796E-1,-3.921599388E0
8.444457166E1,6.777612567E-1,5.497813225E-1,-2.840575695E0
8.445253674E1,6.315085888E-1,5.077221394E-1,-1.892771721E0
8.446044080E1,3.085175157E-1,6.041250229E-1,-1.338547707E0
8.446840589E1,-3.379471600E-2,7.462940216E-1,-1.138479233E0
8.447637097E1,-7.767634094E-2,8.268711567E-1,-1.149399757E0
8.448424451E1,-9.956467152E-2,9.608669281E-1,-1.366465569E0
8.449220960E1,-2.336357236E-1,1.211795568E0,-1.542762756E0
8.450014417E1,-6.130372286E-1,1.441467524E0,-2.134048939E0
8.450810925E1,-7.069293261E-1,1.498955846E0,-2.451646805E0
8.451601331E1,-8.347289562E-1,1.567258716E0,-2.319578648E0
8.452388684E1,-9.903432131E-1,1.616168499E0,-1.334014893E0
8.453176038E1,-1.049283981E0,1.531858921E0,-2.739191055E-1
8.453969495E1,-1.098961830E0,1.426929474E0,9.646606445E-1
8.454766004E1,-1.054460526E0,1.304772615E0,2.477795601E0
8.455556409E1,-8.773257732E-1,1.185828924E0,4.122049332E0
8.456343762E1,-9.256113172E-1,1.167560577E0,5.087032318E0
8.457134168E1,-9.339618683E-1,1.068708658E0,5.711287498E0
8.457927625E1,-8.997979164E-1,9.571611881E-1,5.438461304E0
8.458724133E1,-1.025241256E0,8.974838257E-1,4.524201393E0
8.459514539E1,-1.158893466E0,9.012064934E-1,3.221959114E0
8.460304944E1,-1.118598938E0,9.324278831E-1,2.029406548E0
8.461101453E1,-9.448897839E-1,9.253988266E-1,1.005137444E0
8.461891858E1,-6.336011887E-1,7.995769978E-1,5.421934128E-1
8.462688367E1,-2.239467204E-1,6.488389969E-1,3.977966309E-1
8.463478772E1,4.471236467E-2,6.307702065E-1,8.274679184E-1
8.464266126E1,3.922781944E-1,8.074154854E-1,1.336696625E0
8.465056531E1,8.766767383E-1,1.134162664E0,1.962999344E0
8.465846936E1,8.962763548E-1,1.222018719E0,2.791193008E0
8.466643445E1,1.159195423E0,1.251648426E0,3.496318817E0
8.467433850E1,1.112110972E0,1.224122763E0,3.871038437E0
8.468221204E1,8.200159073E-1,7.173073292E-1,3.898820877E0
8.469011609E1,5.802612901E-1,2.381401062E-1,4.052142143E0
8.469805066E1,3.273662925E-1,-4.930810928E-1,3.856273651E0
8.470601575E1,4.315757155E-1,-1.202853799E0,3.586586952E0
8.471391980E1,8.279751539E-1,-1.646699190E0,3.195577621E0
8.472179334E1,1.027300358E0,-1.729357839E0,2.604375839E0
8.472969739E1,1.138005495E0,-1.706665993E0,1.935262680E0
8.473760144E1,1.362728596E0,-1.641161680E0,1.393494606E0
8.474559705E1,1.590508819E0,-1.618952870E0,3.730936050E-1
8.475347058E1,1.930935264E0,-1.489819765E0,-9.392185211E-1
8.476137464E1,1.949735165E0,-1.563743591E0,-2.202111721E0
8.476927869E1,1.461454630E0,-1.577862501E0,-3.129285812E0
8.477718274E1,1.133507729E0,-1.335046053E0,-4.322902679E0
8.478514783E1,7.819707394E-1,-1.397159934E0,-4.755864620E0
8.479308240E1,2.996895909E-1,-1.607022405E0,-4.816968918E0
8.480098645E1,-7.803222537E-2,-1.550844193E0,-4.122209072E0
8.480895154E1,-6.506609917E-2,-1.621085286E0,-2.861411095E0
8.481682507E1,-1.759877950E-1,-1.713601112E0,-1.893727303E0
8.482479016E1,-5.297751427E-1,-1.550353527E0,-1.137396812E0
8.483275525E1,-1.331085086E0,-1.491961718E0,-9.486656189E-1
8.484068982E1,-1.355915546E0,-9.025537968E-1,-5.414991379E-1
8.484859387E1,-2.918537140E0,-1.961037040E0,-1.430007935E0
8.485646741E1,-2.744333982E0,-1.510473251E0,-5.142955780E-1
8.486443250E1,-3.316614628E0,-1.572487593E0,5.179882050E-2
8.487233655E1,-3.145183802E0,-1.128459454E0,6.109972000E-1
8.488021008E1,-2.854548454E0,-6.934638023E-1,1.443437576E0
8.488811414E1,-2.617643833E0,-2.053989172E-1,2.087147713E0
8.489601819E1,-2.305764914E0,1.876151562E-1,1.820390701E0
8.490398328E1,-2.043344498E0,5.638579130E-1,1.123934746E0
8.491188733E1,-1.784929037E0,8.279871941E-1,-9.761810303E-3
8.491979138E1,-1.565890670E0,1.102901816E0,-1.022255898E0
8.492769544E1,-1.399426103E0,1.294468522E0,-1.914927959E0
8.493559949E1,-1.127575636E0,1.377964735E0,-3.005243301E0
8.494359509E1,-1.010240555E0,1.290842772E0,-4.047204494E0
8.495149915E1,-1.008969665E0,1.266746402E0,-4.847900391E0
8.495943372E1,-1.132477164E0,1.100426555E0,-5.466601372E0
8.496733777E1,-1.135457158E0,1.132871151E0,-5.466055393E0
8.497524182E1,-1.251093268E0,1.188554287E0,-4.577193260E0
8.498323743E1,-1.093523026E0,1.269278884E0,-3.778391838E0
8.499114148E1,-9.937133193E-1,1.301329017E0,-3.178956985E0
8.499901502E1,-9.146267176E-1,1.292921066E0,-2.613489151E0
8.500691907E1,-7.751258612E-1,1.191032171E0,-1.667850494E0
8.501485364E1,-1.062845707E0,1.011128187E0,-7.039985657E-1
8.502281873E1,-1.270452857E0,1.004393339E0,4.486570358E-1
8.503072278E1,-1.368609905E0,9.810628891E-1,1.672902107E0
8.503859631E1,-1.405552030E0,9.759147167E-1,2.600144386E0
8.504650037E1,-1.395267487E0,9.123153687E-1,3.506398201E0
8.505440442E1,-1.428271651E0,9.498302937E-1,3.884887695E0
8.506240002E1,-1.402656198E0,1.006258011E0,3.873387337E0
8.507030408E1,-1.301674128E0,1.040854454E0,3.421283722E0
8.507817761E1,-1.123610973E0,1.014373541E0,2.506879807E0
8.508608167E1,-9.531783462E-1,1.112771749E0,1.656682968E0
8.509398572E1,-8.192139268E-1,1.084024191E0,1.091844559E0
8.510195081E1,-7.599490881E-1,1.111522675E0,4.474754333E-1
8.510985486E1,-8.527847528E-1,1.015849352E0,-1.322736740E-1
8.511775891E1,-8.853448033E-1,7.591798306E-1,-1.694269180E-1
8.512566296E1,-1.028047204E0,5.679183006E-1,4.534721375E-1
8.513359754E1,-1.025789499E0,5.364990234E-1,1.517737389E0
8.514159314E1,-7.657017708E-1,6.629927158E-1,2.768385887E0
8.514946668E1,-7.042909861E-1,6.733765602E-1,3.519845009E0
8.515737073E1,-5.811756849E-1,4.030618668E-1,3.894025803E0
8.516527478E1,-2.216611952E-1,1.281764507E-1,3.597351074E0
8.517320935E1,-8.348532021E-2,-1.005208492E-1,2.982661247E0
8.518117444E1,-1.146391034E-3,-3.119032383E-1,2.721436501E0
8.518907849E1,4.182624817E-2,-4.613691568E-1,2.841261864E0
8.519695203E1,1.389034986E-1,-4.533559084E-1,3.187438965E0
8.520485608E1,2.460998595E-1,-3.958362341E-1,3.582448006E0
8.521276013E1,2.843548656E-1,-4.444795847E-1,3.660232544E0
8.522072522E1,1.734921336E-2,-3.836213350E-1,2.940374374E0
8.522862927E1,-3.395315111E-1,-3.519812822E-1,2.091788292E0
8.523653333E1,-8.079091311E-1,-4.069315195E-1,1.435379028E0
8.524449841E1,-1.278184891E0,-4.385876656E-1,8.130645752E-1
8.525240247E1,-1.664183974E0,-4.446644783E-1,3.013000488E-1
8.526036755E1,-1.820090771E0,-5.681513548E-1,-1.051464081E-1
8.526830212E1,-1.856159925E0,-6.550450325E-1,-5.167121887E-1
8.527617566E1,-1.684526443E0,-8.164705038E-1,-7.853393555E-1
8.528404920E1,-1.272450924E0,-9.454295635E-1,-8.928146362E-1
8.529198377E1,-9.862501621E-1,-1.051374912E0,-8.892297745E-1
8.529997937E1,-7.452641129E-1,-9.528192282E-1,-7.168340683E-1
8.530785291E1,-4.891581833E-1,-8.008534908E-1,-6.364078522E-1
8.531578748E1,-2.532092929E-1,-5.808713436E-1,-6.229600906E-1
8.532375256E1,-1.905551255E-1,-3.302892447E-1,-8.341636658E-1
8.533171765E1,-1.410601437E-1,-9.971344471E-2,-1.228786469E0
8.533968274E1,7.695257664E-4,7.681584358E-2,-1.789981842E0
8.534764783E1,1.149789095E-1,2.022343874E-1,-2.390469551E0
8.535558240E1,1.872314215E-1,2.830342054E-1,-2.882188320E0
8.536348645E1,1.305132210E-1,3.564947844E-1,-3.420628548E0
8.537142102E1,2.180147171E-2,3.269675970E-1,-3.959957123E0
8.537938611E1,-9.284819663E-2,2.816832066E-1,-4.464582443E0
8.538729016E1,-2.282809317E-1,1.872444153E-1,-4.907850742E0
8.539516370E1,-1.948872060E-1,6.538558006E-2,-5.218384266E0
8.540306775E1,-1.551320106E-1,-1.309474707E-1,-5.379502296E0
8.541100232E1,-3.705504537E-2,-2.349476814E-1,-5.647119999E0
8.541896741E1,1.335370541E-2,-3.574203253E-1,-5.866267204E0
8.542687146E1,-6.130832434E-2,-5.679488182E-2,-6.080567360E0
8.543474500E1,-1.179421246E-1,2.482476234E-1,-6.034540176E0
8.544264905E1,7.156670094E-3,6.973992586E-1,-5.757027626E0
8.545055310E1,1.374466419E-1,8.356242180E-1,-4.685111046E0
8.545851819E1,3.054935336E-1,1.033251643E0,-3.402696133E0
8.546642224E1,4.040684104E-1,1.099002361E0,-2.495555401E0
8.547429578E1,1.508898735E-1,1.079052210E0,-1.640094757E0
8.548226086E1,-2.103843093E-1,1.056103706E0,-1.188038826E0
8.549019544E1,-7.694926858E-1,9.452341795E-1,-1.127536774E0
8.549816052E1,-1.087444067E0,8.112647533E-1,-9.440536499E-1
8.550603406E1,-1.292693138E0,7.233426571E-1,-4.468755722E-1
8.551396863E1,-1.416975141E0,8.052530289E-1,3.586387634E-1
8.552187268E1,-1.392710209E0,1.047697544E0,1.129467010E0
8.552980725E1,-1.178984046E0,1.312517643E0,1.998157501E0
8.553777234E1,-9.182465076E-1,1.483569860E0,2.641951561E0
8.554567639E1,-6.025294065E-1,1.563342333E0,2.929972649E0
8.555354993E1,-3.532072902E-1,1.614131689E0,3.180591583E0
8.556145398E1,-7.938420773E-2,1.463836908E0,3.534961700E0
8.556938855E1,-2.949643135E-2,1.341481686E0,3.624132156E0
8.557735364E1,-1.720864773E-1,1.260118484E0,3.629904747E0
8.558525769E1,-3.467702866E-1,1.143814802E0,3.415593147E0
8.559313123E1,-4.195142984E-1,1.065287352E0,3.086289406E0
8.560100476E1,-4.782739878E-1,9.486882687E-1,2.974675179E0
8.560893933E1,-4.974324703E-1,8.743784428E-1,2.967443466E0
8.561690442E1,-3.651901484E-1,8.540892601E-1,2.952202797E0
8.562477796E1,-1.596655846E-1,1.132535458E0,2.735132217E0
8.563271252E1,-1.509885788E-1,1.447154760E0,2.521716118E0
8.564067761E1,3.439571857E-1,1.531566620E0,2.292828560E0
8.564855115E1,9.526367188E-1,1.611149311E0,2.215404510E0
8.565651624E1,1.097025514E0,1.370944023E0,2.836326599E0
8.566448132E1,1.262986422E0,9.218997955E-1,3.813707352E0
8.567235486E1,1.674619436E0,2.751023769E-1,4.930133820E0
8.568025891E1,1.721605420E0,-1.327333450E-1,6.106957436E0
8.568819348E1,1.500237703E0,-3.406201601E-1,7.125318527E0
8.569615857E1,1.309512734E0,-4.699972868E-1,7.305273056E0
8.570406262E1,1.281431794E0,-5.910241604E-1,6.417499542E0
8.571196668E1,1.179425359E0,-6.275839806E-1,4.749343872E0
8.571987073E1,9.791967869E-1,-6.915657520E-1,2.863538742E0
8.572780530E1,7.403644323E-1,-7.038967609E-1,6.432189941E-1
8.573577039E1,3.951137066E-1,-7.853295803E-1,-9.368352890E-1
8.574367444E1,1.716845036E-1,-8.636764288E-1,-1.927183628E0
8.575157849E1,7.067644596E-2,-9.850504398E-1,-2.372532845E0
8.575948255E1,-9.444689751E-2,-1.036894321E0,-2.452610016E0
8.576741712E1,-1.127703190E-1,-1.127544045E0,-2.010198116E0
8.577538220E1,-1.713229418E-1,-1.158307195E0,-1.534256458E0
8.578328626E1,-1.102524996E-1,-1.149958134E0,-1.291528702E0
8.579119031E1,3.353035450E-2,-1.224151850E0,-1.056034088E0
8.579909436E1,2.620873451E-1,-1.352622747E0,-5.638399124E-1
8.580702893E1,1.251409054E-1,-1.204809308E0,-2.760229111E-1
8.581499402E1,-9.225022793E-2,-9.603049755E-1,-7.471237183E-1
8.582289807E1,-1.123372316E-1,-9.352394342E-1,-1.252113342E0
8.583077161E1,-2.233748436E-1,-9.114289284E-1,-1.679100990E0
8.583864514E1,-4.646975398E-1,-8.370699883E-1,-2.246784687E0
8.584657971E1,-6.341214180E-1,-8.471549749E-1,-2.921613216E0
8.585451428E1,-7.950182557E-1,-8.516907692E-1,-3.660730839E0
8.586238782E1,-9.890029430E-1,-1.066463947E0,-4.296792507E0
8.587029187E1,-1.391836166E0,-1.007137179E0,-4.860877514E0
8.587819592E1,-1.474670291E0,-9.802645445E-1,-4.960911274E0
8.588609998E1,-1.409701467E0,-8.041232824E-1,-4.771496773E0
8.589406506E1,-1.397619843E0,-6.201260090E-1,-4.634507179E0
8.590196912E1,-1.039950490E0,-4.094891548E-1,-4.354971886E0
8.590990369E1,-4.712164402E-1,-9.407925606E-2,-3.796325684E0
8.591786878E1,-2.154806852E-1,3.194103241E-1,-3.522717953E0
8.592574231E1,-5.226874352E-2,7.271877527E-1,-3.658762932E0
8.593366479E1,-9.515404701E-3,1.012237072E0,-3.898142338E0
8.594156884E1,5.942499638E-2,1.121589303E0,-4.475622177E0
8.594947289E1,1.027501822E-1,1.191624284E0,-4.839083672E0
8.595737695E1,-3.957605362E-2,1.171131730E0,-5.180850983E0
8.596528100E1,-2.976528406E-1,1.040479422E0,-5.276955605E0
8.597324609E1,-7.149562836E-1,1.127927303E0,-4.994177341E0
8.598121118E1,-1.161000490E0,1.077324867E0,-4.151253223E0
8.598908471E1,-1.225386858E0,1.158465624E0,-3.180000305E0
8.599698876E1,-1.002961874E0,9.400515556E-1,-1.554821014E0
8.600492333E1,-7.754706144E-1,1.043801188E0,2.790355682E-1
8.601288842E1,-7.165063620E-1,1.069012642E0,2.309172630E0
8.602079247E1,-6.517736912E-1,1.262337327E0,3.421650887E0
8.602869653E1,-6.662439704E-1,1.394243956E0,3.726296425E0
8.603660058E1,-8.757788539E-1,1.534061313E0,3.729890823E0
8.604453515E1,-1.063180327E0,1.684450388E0,3.262890816E0
8.605250024E1,-1.142485380E0,1.755771399E0,2.643841743E0
8.606040429E1,-1.347227812E0,1.769207954E0,2.017686844E0
8.606827783E1,-1.491740584E0,1.800724983E0,1.307240486E0
8.607618188E1,-1.469092846E0,1.607172728E0,1.037766457E0
8.608405541E1,-1.400602102E0,1.472663403E0,1.474596024E0
8.609202050E1,-1.335472465E0,1.144620180E0,2.504893303E0
8.609998559E1,-1.310923100E0,7.743899822E-1,3.446149826E0
8.610785912E1,-1.047230601E0,7.459781170E-1,4.345270157E0
8.611576318E1,-6.737757921E-1,7.113044262E-1,5.042063713E0
8.612366723E1,-5.745202303E-1,7.691648006E-1,6.023579597E0
8.613166284E1,-9.058524370E-1,6.276348829E-1,6.586901665E0
8.613953637E1,-1.006562710E0,5.936384201E-1,6.408820152E0
8.614747094E1,-1.178659201E0,1.641473770E-1,5.731114388E0
8.615543603E1,-1.134499192E0,-2.731163502E-1,4.714135170E0
8.616330956E1,-1.187334538E0,-7.276731730E-1,3.774188042E0
8.617127465E1,-1.164240599E0,-9.605947733E-1,3.332622528E0
8.617923974E1,-1.152843118E0,-1.112392664E0,3.021672249E0
8.618714379E1,-1.175853729E0,-1.239417553E0,2.813229561E0
8.619504784E1,-1.099938393E0,-1.210883856E0,2.882678986E0
8.620298242E1,-1.144477844E0,-1.138539076E0,2.692005157E0
8.621094750E1,-1.406793475E0,-1.026710749E0,1.912862778E0
8.621885156E1,-1.765842915E0,-9.356312752E-1,7.950372696E-1
8.622678613E1,-2.122294188E0,-9.139994383E-1,-1.823272705E-1
8.623469018E1,-2.488148928E0,-9.214769602E-1,-1.156768799E0
8.624262475E1,-2.574848175E0,-9.357045889E-1,-1.767572880E0
8.625058984E1,-2.489174843E0,-9.698640108E-1,-2.140604973E0
8.625849389E1,-2.246622562E0,-1.049775600E0,-2.180343628E0
8.626639794E1,-2.061985016E0,-1.084482908E0,-1.653048992E0
8.627427148E1,-1.894198060E0,-9.569145441E-1,-1.061512947E0
8.628223657E1,-1.708989501E0,-7.865432501E-1,-6.316709518E-1
8.629020165E1,-1.616531849E0,-7.244167328E-1,-4.371852875E-1
8.629816674E1,-1.437125564E0,-5.819127560E-1,-5.774974823E-1
8.630607079E1,-1.317932248E0,-5.432008505E-1,-9.588489532E-1
8.631403588E1,-1.183057666E0,-4.609618187E-1,-1.621351242E0
8.632197045E1,-1.051886559E0,-3.599927425E-1,-2.225367069E0
8.632996606E1,-8.664957881E-1,-2.619619370E-1,-2.876273155E0
8.633787011E1,-7.129052877E-1,-1.514228582E-1,-3.471273422E0
8.634577416E1,-6.086214185E-1,-7.046091557E-2,-3.962683201E0
8.635367822E1,-4.756873250E-1,1.252985001E-2,-4.494251728E0
8.636161279E1,-2.823966742E-1,1.285395622E-1,-5.039608955E0
8.636957787E1,-3.028092682E-1,2.170560360E-1,-5.441008091E0
8.637754296E1,-3.595548570E-1,2.449694872E-1,-5.655396938E0
8.638544702E1,-3.513982594E-1,2.029876709E-1,-5.599005222E0
8.639332055E1,-2.032013983E-1,2.363873720E-1,-5.398551941E0
8.640125512E1,5.220383406E-3,2.622259855E-1,-5.008185387E0
8.640922021E1,1.737780869E-1,2.670096159E-1,-4.483093262E0
8.641712426E1,1.977716386E-1,4.443243742E-1,-4.017177105E0
8.642502831E1,9.292840958E-2,6.563103199E-1,-3.954607964E0
8.643293237E1,-1.353563368E-1,7.669527531E-1,-3.979447365E0
8.644086694E1,-3.409162164E-1,9.773504734E-1,-4.122819424E0
8.644886254E1,-4.918527901E-1,1.086169243E0,-4.403865337E0
8.645676660E1,-5.972911119E-1,1.251576066E0,-4.196045399E0
8.646467065E1,-8.130884767E-1,1.393610597E0,-3.825776100E0
8.647263574E1,-1.163716912E0,1.549005032E0,-3.226338863E0
8.648053979E1,-1.281947851E0,1.557622194E0,-2.151320457E0
8.648859643E1,-1.185441494E0,1.619568944E0,-7.998714447E-1
8.649650048E1,-8.762255907E-1,1.636962533E0,5.868349075E-1
8.650437402E1,-3.195688725E-1,1.765044808E0,2.492566109E0
8.651227807E1,-9.485036135E-2,1.936323881E0,4.235677719E0
8.652018212E1,-1.137244701E-1,2.042810917E0,5.113432884E0
8.652814721E1,-4.319721460E-2,2.028603315E0,5.270325661E0
8.653611230E1,-4.656839371E-2,1.963894010E0,4.683561325E0
8.654398583E1,2.009791136E-2,1.900581241E0,3.553466797E0
8.655195092E1,4.653918743E-2,1.828577042E0,2.638606071E0
8.655985497E1,5.305171013E-2,1.605495930E0,1.753182411E0
8.656782006E1,1.049426794E-1,1.400087714E0,1.171739578E0
8.657569360E1,1.579930782E-1,1.180337429E0,1.113041878E0
8.658359765E1,2.055501938E-1,9.737634659E-1,1.624538422E0
8.659156274E1,3.625885248E-1,7.764117718E-1,2.705949783E0
8.659943627E1,6.544228792E-1,6.948561668E-1,3.791729927E0
8.660743188E1,1.109717965E0,8.369553089E-1,4.533777237E0
8.661533593E1,1.576043487E0,1.438503623E0,5.083897591E0
8.662320947E1,1.543847919E0,1.624836206E0,5.187362671E0
8.663108300E1,1.837420344E0,1.692523122E0,4.413262367E0
8.663901757E1,1.684492707E0,1.662039280E0,3.712958336E0
8.664698266E1,1.382616401E0,1.255463839E0,3.647877693E0
8.665488671E1,1.108419418E0,6.133122444E-1,4.028972626E0
8.666279077E1,1.074989319E0,-4.189431667E-2,4.587217331E0
8.667069482E1,7.824673653E-1,-5.858387947E-1,5.603444099E0
8.667862939E1,1.959818602E-1,-8.695603609E-1,6.006513596E0
8.668659448E1,-1.039719582E-2,-8.724819422E-1,5.531250000E0
8.669449853E1,9.502983093E-2,-9.789747000E-1,4.653677940E0
8.670237206E1,2.297725677E-1,-9.872490168E-1,3.318213463E0
8.671027612E1,1.337239742E-1,-9.681895971E-1,1.661175728E0
8.671821069E1,3.634798527E-2,-8.631011248E-1,3.275413513E-1
8.672614526E1,-4.857420921E-2,-8.300491571E-1,-9.142503738E-1
8.673407983E1,-2.344067097E-1,-7.509741783E-1,-1.497209549E0
8.674198388E1,-4.388912916E-1,-6.369694471E-1,-1.602863789E0
8.674994897E1,-4.979357719E-1,-5.680730343E-1,-1.672740459E0
8.675782250E1,-3.565185666E-1,-5.415110588E-1,-1.649876118E0
8.676581811E1,-2.046568394E-1,-6.274400949E-1,-1.744203091E0
8.677372216E1,-2.543759346E-2,-6.851069927E-1,-1.849564075E0
8.678159570E1,8.594918251E-2,-7.923156023E-1,-1.981635571E0
8.678949975E1,1.490374804E-1,-9.217174053E-1,-2.036934853E0
8.679740380E1,1.097323895E-1,-1.034086466E0,-2.151771545E0
8.680536889E1,6.928360462E-2,-1.062784195E0,-2.320894718E0
8.681327294E1,-1.510018706E-1,-1.037558794E0,-2.448240757E0
8.682114648E1,-8.067983389E-1,-9.286785126E-1,-2.641152382E0
8.682905053E1,-3.910339475E-1,-1.140662909E0,-2.933322906E0
8.683695458E1,-9.044396281E-1,-9.315478206E-1,-3.750547409E0
8.684495019E1,-9.361864924E-1,-8.828309178E-1,-4.501191616E0
8.685285424E1,-9.809762239E-1,-8.031489849E-1,-5.195634842E0
8.686078881E1,-9.900379181E-1,-7.592782974E-1,-5.607059956E0
8.686866235E1,-9.854243994E-1,-6.291488409E-1,-5.977918625E0
8.687659692E1,-9.202416539E-1,-4.212663174E-1,-5.999674797E0
8.688456200E1,-9.818440080E-1,-2.159646749E-1,-5.557933807E0
8.689246606E1,-9.098968506E-1,1.200366020E-1,-4.932308197E0
8.690040063E1,-6.692996025E-1,5.058747530E-1,-4.510170460E0
8.690830468E1,-4.757460952E-1,9.437566996E-1,-3.859755039E0
8.691620873E1,-4.914467037E-1,1.135129690E0,-3.330293179E0
8.692420434E1,-6.223327518E-1,1.489027619E0,-3.483860016E0
8.693210839E1,1.742410660E-2,1.913666248E0,-3.387691498E0
8.694004296E1,-6.530869007E-1,1.718264699E0,-3.573863983E0
8.694797753E1,-6.208904982E-1,1.981204748E0,-4.212459564E0
8.695585107E1,-5.697274208E-1,1.853645921E0,-4.880631924E0
8.696384667E1,-7.394270897E-1,1.702418089E0,-4.845529079E0
8.697184228E1,-9.646197557E-1,1.602605224E0,-3.954664230E0
8.697974633E1,-1.096238852E0,1.488520384E0,-2.505531788E0
8.698771142E1,-1.278545260E0,1.216095448E0,-3.711557388E-1
8.699558495E1,-1.293448210E0,1.170046806E0,1.488641739E0
8.700358056E1,-1.149681687E0,1.033728361E0,3.155757904E0
8.701148461E1,-1.054468274E0,8.883228302E-1,4.342215538E0
8.701938867E1,-1.047232628E0,1.006815910E0,5.451879501E0
8.702726220E1,-8.494576812E-1,1.063271165E0,5.439703941E0
8.703519677E1,-5.169728398E-1,1.102213502E0,4.520910263E0
8.704316186E1,-3.938488066E-1,1.223235726E0,3.471455574E0
8.705103539E1,-6.293364763E-1,1.361271501E0,2.969795227E0
8.705893945E1,-6.780235171E-1,1.537523746E0,2.425581932E0
8.706690453E1,-5.873756409E-1,1.586117983E0,2.033831596E0
8.707483911E1,-4.249444604E-1,1.499409676E0,1.982761383E0
8.708280419E1,-3.946554661E-1,1.187091947E0,2.546200752E0
8.709070824E1,-4.748642147E-1,9.623256922E-1,3.265596390E0
8.709858178E1,-5.134884715E-1,6.581828594E-1,4.081949234E0
8.710648583E1,-4.951179028E-1,4.652575254E-1,5.003119469E0
8.711438989E1,-5.370230079E-1,6.330295801E-1,5.723446846E0
8.712238549E1,-9.655711651E-1,3.468046188E-1,5.927841187E0
8.713028954E1,-1.019530535E0,1.849780083E-1,5.925698280E0
8.713822411E1,-1.236349940E0,-1.097390652E-1,5.087934494E0
8.714618920E1,-1.477862239E0,-3.242427111E-1,3.521271706E0
8.715406274E1,-1.888352394E0,-4.471812248E-1,2.162855148E0
8.716205834E1,-2.245254517E0,-6.331532001E-1,1.511709213E0
8.716999291E1,-2.528805256E0,-7.778369188E-1,1.536971092E0
8.717789697E1,-2.462734461E0,-8.201463223E-1,1.728150368E0
8.718577050E1,-2.136777401E0,-8.911055326E-1,1.797504425E0
8.719370507E1,-2.097474098E0,-9.091991186E-1,2.126910210E0
8.720170068E1,-2.175381660E0,-9.048652649E-1,2.609732628E0
8.720966577E1,-2.334352255E0,-9.399259090E-1,2.478547096E0
8.721756982E1,-2.464593410E0,-1.011782408E0,1.904967308E0
8.722550439E1,-2.649326324E0,-9.653695822E-1,1.233899117E0
8.723343896E1,-2.782066822E0,-9.114453793E-1,6.013841629E-1
8.724140405E1,-2.688800812E0,-9.780678749E-1,1.890802383E-1
8.724933862E1,-2.372969389E0,-1.073513508E0,-2.497873306E-1
8.725724267E1,-2.133797407E0,-1.109216928E0,-7.200326920E-1
8.726520776E1,-1.909582734E0,-1.081004620E0,-1.176054001E0
8.727311181E1,-1.695415735E0,-9.916871786E-1,-1.762108326E0
8.728107690E1,-1.430577755E0,-8.913156986E-1,-2.273369312E0
8.728904199E1,-2.748236954E-1,-5.518363714E-1,-2.669014931E0
8.729694604E1,2.425177842E-1,-3.796161413E-1,-3.111642361E0
8.730481957E1,4.643691480E-1,-2.866249084E-1,-3.723319054E0
8.731275414E1,7.139847279E-1,-1.919132471E-1,-4.394662857E0
8.732071923E1,6.528985500E-1,-1.514976025E-1,-5.101863861E0
8.732862328E1,6.471856236E-1,-1.442871094E-1,-5.438098431E0
8.733649682E1,3.754641116E-1,-1.564897299E-1,-5.911152840E0
8.734437036E1,2.773938179E-1,-5.105507374E-2,-6.171877861E0
8.735230492E1,2.219020277E-1,-5.873203278E-3,-5.933188438E0
8.736027001E1,2.468187362E-1,-3.860902786E-2,-5.223943233E0
8.736817407E1,2.686911523E-1,8.080959320E-2,-4.192212582E0
8.737607812E1,3.514522314E-1,2.166931629E-1,-3.052292347E0
8.738398217E1,6.017172933E-1,3.463758230E-1,-1.954050064E0
8.739188622E1,8.975043297E-1,5.637114048E-1,-6.625080109E-1
8.739988183E1,1.271682739E0,8.015372753E-1,2.068901062E-2
8.740775536E1,1.305063128E0,1.011415482E0,-1.568441391E-1
8.741565942E1,1.070064545E0,1.166520238E0,-1.557317734E0
8.742362450E1,8.044828176E-1,1.321913838E0,-3.876682758E0
8.743149804E1,5.100814104E-1,1.309877872E0,-5.769928932E0
8.743949365E1,1.446460932E-1,1.328701377E0,-6.803275108E0
8.744745873E1,-2.557431459E-1,1.396554232E0,-7.253276348E0
8.745536279E1,-4.840686321E-1,1.511793733E0,-6.578779221E0
8.746332787E1,-4.278731942E-1,1.387206793E0,-5.294346333E0
8.747120141E1,-7.477471232E-2,1.378424406E0,-3.525442123E0
8.747919702E1,4.238042235E-1,1.406082153E0,-5.666589737E-1
8.748710107E1,9.258452654E-1,1.328129888E0,3.156646729E0
8.749497460E1,1.360934973E0,1.473133802E0,6.115944862E0
8.750284814E1,1.672683716E0,1.544003248E0,8.205603600E0
8.751078271E1,1.659733415E0,1.599542618E0,8.481033325E0
8.751874780E1,1.449808836E0,1.662210226E0,6.953743935E0
8.752665185E1,1.397859335E0,1.541835904E0,5.078072548E0
8.753455590E1,1.204723597E0,1.596810818E0,2.891907692E0
8.754245995E1,9.646236897E-1,1.590570807E0,1.024241447E0
8.755036401E1,8.437051177E-1,1.550052643E0,-2.510852814E-1
8.755832910E1,6.945211291E-1,1.392338514E0,-1.399969101E0
8.756626367E1,7.830548286E-1,1.172877550E0,-1.893619061E0
8.757419824E1,9.542028904E-1,1.032112718E0,-1.318710327E0
8.758210229E1,1.169566512E0,1.011729002E0,-1.536788940E-1
8.759003686E1,1.570930243E0,1.019615173E0,1.627341270E0
8.759800195E1,2.332952976E0,1.449700594E0,3.425276756E0
8.760590600E1,2.758935928E0,1.596998930E0,4.932737350E0
8.761381005E1,3.119158268E0,1.598624468E0,5.715892792E0
8.762171411E1,3.394876480E0,1.695197701E0,5.746623993E0
8.762964868E1,2.967198610E0,1.417947173E0,5.319860458E0
8.763761376E1,2.395119190E0,1.047061205E0,4.707512856E0
8.764554833E1,2.162305593E0,4.254916906E-1,4.064814568E0
8.765345239E1,2.231062412E0,-2.516502142E-1,4.020507812E0
8.766141747E1,1.775090456E0,-6.679259539E-1,3.901480675E0
8.766935204E1,1.519754648E0,-8.009185195E-1,3.652982712E0
8.767731713E1,1.483018398E0,-8.872843981E-1,3.043165207E0
8.768522118E1,1.536681890E0,-8.211877346E-1,2.162963867E0
8.769312524E1,1.623151302E0,-7.059524059E-1,1.093362808E0
8.770102929E1,1.651447415E0,-6.032445431E-1,7.575321198E-2
8.770896386E1,1.591470361E0,-5.522767305E-1,-1.021985054E0
8.771692895E1,1.386081338E0,-5.282531977E-1,-1.619275093E0
8.772483300E1,1.141469479E0,-4.884781837E-1,-1.792394638E0
8.773270654E1,8.829606175E-1,-5.500432253E-1,-1.849975109E0
8.774061059E1,8.333940506E-1,-5.966507196E-1,-1.725242138E0
8.774851464E1,8.760027289E-1,-6.284989119E-1,-1.615814209E0
8.775651025E1,1.029897690E0,-6.981897950E-1,-1.432974815E0
8.776441430E1,1.239950299E0,-7.062526941E-1,-1.405508041E0
8.777231835E1,1.322159052E0,-7.292871475E-1,-1.496738434E0
8.778022240E1,1.218636870E0,-7.255694270E-1,-1.768842697E0
8.778815698E1,1.025753498E0,-5.928966999E-1,-2.264955044E0
8.779609155E1,9.179241061E-1,-4.296920300E-1,-2.599726677E0
8.780402612E1,5.208169222E-1,-2.443242073E-1,-3.149280071E0
8.781193017E1,2.140654325E-1,-2.623175979E-1,-4.050123215E0
8.781989526E1,-2.367132902E-2,-4.378678799E-1,-5.170752048E0
8.782776879E1,-2.424951494E-1,-5.639761090E-1,-6.300967693E0
8.783573388E1,-8.005170822E-1,-2.541764379E-1,-6.517068863E0
8.784369897E1,-7.398822308E-1,-1.762889028E-1,-5.874873638E0
8.785157250E1,-4.728837013E-1,-6.905019283E-2,-4.550700188E0
8.785944604E1,-4.681685567E-2,1.167270541E-1,-2.646648407E0
8.786731957E1,2.250560224E-1,3.615324497E-1,-1.155018806E0
8.787531518E1,6.456312537E-1,6.900521517E-1,1.571702957E-1
8.788321923E1,1.010042191E0,1.075874805E0,-3.950004578E-1
8.789115380E1,5.815595388E-1,1.253509760E0,-1.168737411E-1
8.789911889E1,5.726931095E-1,1.495822668E0,-4.080953598E-1
8.790705346E1,5.490815639E-1,1.707530141E0,-1.580162048E0
8.791501855E1,6.850346327E-1,1.692715168E0,-3.793603420E0
8.792292260E1,5.309482813E-1,1.975480080E0,-4.807367325E0
8.793082665E1,2.889003754E-1,2.104982853E0,-5.664844036E0
8.793873071E1,8.748221397E-2,2.226705074E0,-5.150506496E0
8.794666528E1,-3.230106831E-1,2.111067772E0,-3.959167957E0
8.795463036E1,-4.213671684E-1,1.922139883E0,-2.505209923E0
8.796256494E1,-5.690985918E-1,1.738479614E0,-3.245162964E-1
8.797046899E1,-4.833086729E-1,1.703152657E0,1.365391731E0
8.797843408E1,-6.276834011E-2,1.625319958E0,2.768991470E0
8.798630761E1,7.047653198E-2,1.653722763E0,3.814485550E0
8.799430322E1,-4.607927799E-2,1.717275143E0,4.705133438E0
8.800220727E1,-1.198976040E-1,1.795180082E0,5.002849579E0
8.801011132E1,-5.910277367E-3,1.724647045E0,4.676173210E0
8.801807641E1,6.281709671E-2,1.790388465E0,4.093539238E0
8.802594994E1,2.311956882E-2,1.890001297E0,3.505975723E0
8.803394555E1,-1.537575722E-1,1.911260724E0,2.980058670E0
8.804188012E1,-2.200025320E-1,1.899393797E0,2.517450333E0
8.804975366E1,-3.442168236E-1,1.716480851E0,2.182843208E0
8.805765771E1,-4.078093767E-1,1.480046272E0,2.459624290E0
8.806556176E1,-3.849873543E-1,1.246551514E0,3.158340454E0
8.807352685E1,-2.653645277E-1,1.049726725E0,3.827456474E0
8.808143090E1,8.153724670E-2,9.550919533E-1,4.709446907E0
8.808930444E1,2.043356895E-1,9.882987738E-1,5.288345337E0
8.809717797E1,2.644658089E-3,8.086929321E-1,5.385308266E0
8.810511254E1,-1.507437229E-2,4.700639248E-1,5.092266083E0
8.811310815E1,-2.797305584E-1,3.460127115E-1,4.130480766E0
8.812101220E1,-6.281098127E-1,2.846157551E-2,3.451298714E0
8.812894677E1,-7.979881763E-1,-2.152765989E-1,2.903002739E0
8.813691186E1,-7.074377537E-1,-3.973494768E-1,2.498422623E0
8.814481591E1,-5.169459581E-1,-5.481486320E-1,2.437082291E0
8.815281152E1,-1.996537447E-1,-5.725827217E-1,2.617946625E0
8.816074609E1,-3.808379173E-2,-5.861984491E-1,2.631976128E0
8.816865014E1,4.221031070E-1,-4.441015720E-1,2.512873650E0
8.817661523E1,9.890353680E-2,-3.418565989E-1,1.629096985E0
8.818451928E1,-4.148244858E-2,-2.746920586E-1,5.366067886E-1
8.819248437E1,-2.772549391E-1,-2.250703573E-1,-8.211193085E-1
8.820041894E1,-7.584469318E-1,-3.163186312E-1,-2.158703327E0
8.820832299E1,-8.772397041E-1,-2.643219233E-1,-2.239112377E0
8.821622704E1,-6.283234954E-1,-2.607107162E-4,-2.432578087E0
8.822416161E1,-5.844922066E-1,-3.460514545E-2,-2.719511509E0
8.823209618E1,-3.203317523E-1,1.081720591E-1,-3.090761662E0
8.824006127E1,-3.113952279E-1,-2.030984163E-1,-3.262574196E0
8.824796533E1,1.609263420E-1,2.903635502E-1,-3.129234791E0
8.825586938E1,-2.683401108E-3,2.183232307E-1,-2.987315655E0
8.826374291E1,2.068847418E-1,3.465054035E-1,-2.862823009E0
8.827173852E1,3.296520114E-1,4.198616743E-1,-2.800250530E0
8.827964257E1,2.304828167E-1,4.188588858E-1,-2.940377235E0
8.828754662E1,6.802325249E-1,7.742182016E-1,-2.985480309E0
8.829545068E1,3.021589220E-1,5.632987022E-1,-2.866248131E0
8.830338525E1,4.751558602E-1,2.337435484E-1,-3.484272957E0
8.831131982E1,4.813334644E-1,2.426966429E-1,-4.059826851E0
8.831925439E1,3.107485175E-1,1.627353430E-1,-4.653102398E0
8.832715844E1,1.012837589E-1,3.281259537E-2,-4.960552216E0
8.833512353E1,3.477275372E-3,3.767442703E-2,-5.088586330E0
8.834302758E1,1.000529230E-1,-1.840484142E-2,-5.231788158E0
8.835102319E1,5.023103356E-1,-3.064453602E-2,-4.878768921E0
8.835892724E1,6.254464388E-1,1.295337677E-1,-4.058014393E0
8.836680078E1,6.103711128E-1,4.597244263E-1,-3.113852978E0
8.837470483E1,7.741811275E-1,7.150036097E-1,-2.869106293E0
8.838263940E1,1.180625439E0,9.356617928E-1,-2.592819691E0
8.839060449E1,1.386406898E0,1.142744303E0,-1.987851620E0
8.839847802E1,1.590540290E0,1.451171517E0,-9.366006851E-1
8.840641259E1,1.425274968E0,1.653295040E0,-2.332792282E-1
8.841437768E1,1.306861997E0,1.820408583E0,-1.038045883E-1
8.842225121E1,9.679323435E-1,1.801820159E0,-4.599704742E-1
8.843021630E1,6.807017922E-1,1.731359959E0,-1.191885948E0
8.843818139E1,5.328904390E-1,1.716426969E0,-1.969345570E0
8.844605492E1,4.845736325E-1,1.623718619E0,-2.267292500E0
8.845395898E1,4.217222333E-1,1.495446324E0,-2.065327168E0
8.846189355E1,4.085923731E-1,1.385066390E0,-1.534605026E0
8.846985864E1,5.570246577E-1,1.389426470E0,-8.330650330E-1
8.847782372E1,7.249541879E-1,1.416638851E0,-2.229948044E-1
8.848575829E1,1.011556983E0,1.422103882E0,1.158236504E0
8.849372338E1,1.209869146E0,1.519046783E0,2.753129959E0
8.850162744E1,1.506935835E0,1.564692974E0,3.772836685E0
8.850962304E1,1.486926079E0,1.557382584E0,4.300455093E0
8.851752709E1,1.397743344E0,1.490291119E0,4.150027275E0
8.852543115E1,1.358361006E0,1.300683618E0,3.514044762E0
8.853330468E1,1.314700246E0,1.248038769E0,2.923008919E0
8.854123925E1,1.150277972E0,1.135616541E0,2.340216637E0
8.854920434E1,1.015325427E0,1.032214880E0,1.829494476E0
8.855710839E1,1.211058617E0,1.075896740E0,1.397231102E0
8.856501244E1,1.591014147E0,1.275189638E0,1.169070244E0
8.857288598E1,1.858296156E0,1.398072004E0,1.032439232E0
8.858079003E1,2.380315781E0,1.305684805E0,9.897623062E-1
8.858875512E1,2.897353411E0,1.357406616E0,1.255947113E0
8.859668969E1,3.030961037E0,1.065419674E0,1.898775101E0
8.860462426E1,3.113174677E0,7.435216904E-1,2.964083672E0
8.861252831E1,2.876569271E0,4.874258041E-1,4.107159615E0
8.862040185E1,2.752870083E0,2.301378250E-1,4.936258316E0
8.862839745E1,2.617350340E0,-1.042020321E-1,5.524031639E0
8.863636254E1,2.330180407E0,-2.300544977E-1,5.230163574E0
8.864426660E1,1.994551897E0,-2.274528742E-1,4.251062393E0
8.865217065E1,1.970574617E0,-2.583421469E-1,3.024422646E0
8.866010522E1,1.902255416E0,-3.076207638E-1,1.739519119E0
8.866807031E1,1.735782146E0,-3.069608212E-1,3.638982773E-1
8.867597436E1,1.517225742E0,-4.134089947E-1,-6.224813461E-1
8.868384789E1,1.137093186E0,-6.138510704E-1,-1.423935890E0
8.869175195E1,8.393774033E-1,-6.964167356E-1,-1.866475582E0
8.869965600E1,8.138729334E-1,-7.584363222E-1,-1.810521603E0
8.870762109E1,9.062366486E-1,-8.320858479E-1,-1.283862114E0
8.871552514E1,8.558079004E-1,-7.570655346E-1,-8.292942047E-1
8.872339868E1,7.016893625E-1,-8.046696186E-1,-8.888959885E-1
8.873127221E1,7.750540972E-1,-7.342035770E-1,-8.005418777E-1
8.873923730E1,7.705832124E-1,-6.532508135E-1,-9.726896286E-1
8.874720239E1,8.615207672E-1,-8.362593651E-1,-1.389879227E0
8.875516747E1,8.674539328E-1,-6.589119434E-1,-2.221732616E0
8.876304101E1,1.008468628E0,-7.174842358E-1,-2.766893387E0
8.877094506E1,7.018527389E-1,-5.647867322E-1,-3.188980103E0
8.877884911E1,2.992928624E-1,-5.494187474E-1,-3.842546940E0
8.878681420E1,-2.297070622E-2,-5.447142124E-1,-4.583952904E0
8.879468774E1,-5.114707947E-1,-7.921497822E-1,-4.935130119E0
8.880259179E1,-3.583565950E-1,-6.481896043E-1,-4.774530411E0
8.881049584E1,-7.146659493E-1,-5.232815742E-1,-3.813149929E0
8.881843041E1,-1.040654302E0,-2.463061213E-1,-2.866723061E0
8.882639550E1,-1.027870297E0,-5.253064632E-2,-1.846155167E0
8.883436059E1,-4.110952318E-1,1.322886944E-1,-7.168426514E-1
8.884226464E1,1.513153017E-1,3.787608147E-1,1.051673889E-1
8.885016869E1,2.516992092E-1,6.032298803E-1,8.622436523E-1
8.885816430E1,6.230294704E-2,1.098632336E0,3.920345306E-1
8.886606835E1,1.705109626E-1,1.570745230E0,-5.040082932E-1
8.887403344E1,-7.995682955E-2,1.964168549E0,-1.787029266E0
8.888190698E1,-2.366043329E-1,2.228685379E0,-3.577586174E0
8.888981103E1,-8.469992876E-2,2.310411930E0,-5.014511585E0
8.889771508E1,1.879151314E-1,2.310203552E0,-5.950498581E0
8.890568017E1,1.161353588E-1,2.276140213E0,-6.140280724E0
8.891355370E1,-3.208994865E-2,2.116038799E0,-5.580219269E0
8.892142724E1,-1.544111073E-1,1.960170746E0,-4.078331470E0
8.892933129E1,-3.493537307E-1,1.693749785E0,-2.124390125E0
8.893723534E1,-1.713377535E-1,1.487373471E0,1.794109344E-1
8.894523095E1,-4.500475526E-2,1.287006617E0,2.297606468E0
8.895310449E1,-6.722676754E-2,1.294249177E0,4.236372948E0
8.896100854E1,-7.097983360E-2,1.404968143E0,5.580449104E0
8.896897363E1,-2.394175529E-2,1.446040273E0,6.610369682E0
8.897687768E1,2.516168356E-2,1.386152029E0,6.668465614E0
8.898490380E1,-1.708567142E-1,1.334828973E0,5.806718826E0
8.899280786E1,-2.887651324E-1,1.333327293E0,4.567791939E0
8.900071191E1,-4.896074235E-1,1.357189536E0,3.056365967E0
8.900864648E1,-5.876874924E-1,1.429976583E0,1.862540245E0
8.901658105E1,-5.571334958E-1,1.342915058E0,1.027684212E0
8.902454614E1,-4.590252638E-1,1.185674429E0,3.205213547E-1
8.903245019E1,-3.417676091E-1,9.368168116E-1,2.940893173E-1
8.904032372E1,-2.197895050E-1,6.945027113E-1,1.015635490E0
8.904819726E1,-6.154793501E-2,4.867428541E-1,2.057910919E0
8.905613183E1,3.078777492E-1,5.763611794E-1,3.224499702E0
8.906412744E1,3.204358816E-1,6.268190145E-1,4.404143333E0
8.907203149E1,-1.374590397E-2,5.269457102E-1,5.220107079E0
8.907993554E1,-1.455313563E-1,3.982635736E-1,5.221797943E0
8.908783959E1,-3.188019395E-1,1.378208399E-1,4.434346199E0
8.909574365E1,-4.680190682E-1,-6.719398499E-2,3.481796265E0
8.910370873E1,-5.596407056E-1,-1.608012915E-1,2.774227142E0
8.911161279E1,-4.768410325E-1,-2.704468966E-1,1.949156761E0
8.911948632E1,-2.268237472E-1,-3.267844915E-1,1.317851067E0
8.912739037E1,3.969007730E-2,-3.992060423E-1,7.971820831E-1
8.913529443E1,1.620826721E-1,-2.942998409E-1,3.547992706E-1
8.914325952E1,2.584503889E-1,-1.271033287E-1,1.659917831E-1
8.915122460E1,1.560679674E-1,2.138185501E-2,1.366500854E-1
8.915909814E1,-8.897960186E-3,-9.498596191E-4,4.957962036E-2
8.916700219E1,-1.169018149E-1,4.699444771E-2,-2.365083694E-1
8.917490624E1,-2.936621308E-1,-3.515529633E-2,-9.216995239E-1
8.918290185E1,-3.114450574E-1,-1.238811016E-1,-1.586626530E0
8.919083642E1,-3.382671475E-1,-2.933173180E-1,-2.301500320E0
8.919877099E1,-3.798043430E-1,-4.326909781E-1,-2.976097584E0
8.920667504E1,-3.601982892E-1,-5.969469547E-1,-3.475168705E0
8.921460961E1,-3.494880199E-1,-6.637042761E-1,-3.609735966E0
8.922257470E1,-3.937071562E-1,-6.584007740E-1,-3.348821640E0
8.923047875E1,-3.142324388E-1,-6.254284382E-1,-2.893606663E0
8.923835229E1,-1.437977254E-1,-5.645996332E-1,-2.738138199E0
8.924622582E1,3.662249446E-2,-5.431534052E-1,-2.740130901E0
8.925416039E1,8.185678720E-1,-4.628522396E-1,-2.978261471E0
8.926212548E1,7.090189457E-1,-2.911342382E-1,-3.165145397E0
8.927002953E1,7.385422587E-1,-6.199467182E-2,-3.224331379E0
8.927796411E1,5.495743155E-1,-1.821255684E-2,-3.663754940E0
8.928592919E1,3.992648423E-1,2.127277851E-2,-4.007277489E0
8.929380273E1,3.393127322E-1,1.447223425E-1,-4.339416981E0
8.930179833E1,1.280997545E-1,-5.479359627E-2,-4.372807503E0
8.930970239E1,1.701078564E-1,7.694065571E-2,-3.719736576E0
8.931757592E1,2.312178761E-1,1.705666780E-1,-2.557315350E0
8.932544946E1,3.825508952E-1,2.830159664E-1,-1.425274849E0
8.933338403E1,5.125021338E-1,4.356487989E-1,-5.237360001E-1
8.934131860E1,5.328711271E-1,5.697824955E-1,-4.977703094E-1
8.934922265E1,5.908393264E-1,7.849534750E-1,-1.163402557E0
8.935715722E1,5.304480791E-1,1.007174253E0,-2.072407722E0
8.936512231E1,4.060286283E-1,1.214893460E0,-3.798164845E0
8.937302636E1,5.497386456E-1,1.373772502E0,-5.108296394E0
8.938099145E1,2.037785053E-1,1.712619305E0,-5.276305676E0
8.938889550E1,1.472357213E-1,1.916441441E0,-4.884760380E0
8.939676904E1,-2.645862103E-2,2.017902374E0,-4.132604599E0
8.940467309E1,-1.812291145E-1,1.981245756E0,-3.252409935E0
8.941260766E1,-2.810941935E-1,1.773954630E0,-2.554924488E0
8.942057275E1,-8.896553516E-2,1.608609319E0,-1.427259445E0
8.942844628E1,9.164804220E-2,1.599826097E0,7.165317535E-1
8.943635034E1,7.837677002E-2,1.670915365E0,2.924084663E0
8.944425439E1,1.818166375E-1,1.795132399E0,4.160212517E0
8.945218896E1,5.233253241E-1,1.844479203E0,4.481118202E0
8.946015405E1,7.078840733E-1,1.993704677E0,3.760356903E0
8.946805810E1,7.971191406E-1,2.141068459E0,2.740928650E0
8.947596215E1,1.011811018E0,2.242742777E0,1.636814117E0
8.948392724E1,1.084793329E0,2.325365305E0,8.638668060E-1
8.949180078E1,1.190388083E0,2.181205034E0,5.858697891E-1
8.949976586E1,1.190276861E0,2.115583897E0,7.039546967E-1
8.950773095E1,1.248061776E0,1.861238599E0,1.303629875E0
8.951560449E1,1.418767452E0,1.554264188E0,2.050760269E0
8.952350854E1,1.705548763E0,1.306742311E0,3.056435585E0
8.953141259E1,2.166700840E0,1.365925908E0,4.593933105E0
8.953940820E1,2.283250332E0,1.953901887E0,5.897747993E0
8.954731225E1,2.499862432E0,1.782825112E0,6.722905159E0
8.955521630E1,2.797931671E0,1.785847425E0,6.946307182E0
8.956318139E1,2.785202503E0,1.820817351E0,6.606440544E0
8.957111596E1,2.654382944E0,1.463200927E0,5.778019905E0
8.957908105E1,2.543747663E0,9.843614101E-1,4.509547234E0
8.958698510E1,2.492480516E0,5.273510218E-1,3.847860336E0
8.959488915E1,2.526877403E0,3.465646505E-1,3.624234200E0
8.960276269E1,2.294667006E0,1.532385349E-1,3.512871742E0
8.961069726E1,2.098567247E0,1.023104191E-1,2.937533379E0
8.961866235E1,2.171221733E0,5.703878403E-2,1.898383141E0
8.962656640E1,2.325273275E0,-9.941434860E-2,8.592214584E-1
8.963443994E1,2.335170507E0,-1.056725979E-1,-3.957633972E-1
8.964234399E1,2.284132957E0,-1.219098568E-1,-1.280725479E0
8.965024804E1,2.029408693E0,-1.804206371E-1,-1.856078148E0
8.965824365E1,1.629805803E0,-1.959776878E-1,-2.191692352E0
8.966614770E1,1.560681343E0,-2.749311924E-1,-2.460863590E0
8.967408227E1,1.224154830E0,-3.218679428E-1,-2.500054359E0
8.968204736E1,9.683288336E-1,-3.317927122E-1,-2.376360416E0
8.968992089E1,1.127017379E0,-3.397675753E-1,-2.066562653E0
8.969791650E1,6.557955742E-1,-4.305238724E-1,-1.933203220E0
8.970582055E1,7.634254694E-1,-4.906376600E-1,-1.899220467E0
8.971372460E1,8.450874090E-1,-6.860281229E-1,-1.899683475E0
8.972162866E1,8.428963423E-1,-7.695159912E-1,-2.067728519E0
8.972953271E1,8.549667597E-1,-8.576084375E-1,-2.290515423E0
8.973752831E1,6.866569519E-1,-8.483049870E-1,-2.575063705E0
8.974543237E1,2.948853672E-1,-7.735891342E-1,-3.000257969E0
8.975330590E1,6.058204919E-2,-6.892246008E-1,-3.314210415E0
8.976120995E1,-1.132067144E-1,-6.394035816E-1,-3.612902164E0
8.976911401E1,-1.089114994E-1,-5.436773300E-1,-4.051741600E0
8.977707910E1,-1.697639748E-2,-4.019066095E-1,-4.424373150E0
8.978498315E1,-1.184895635E-2,-2.671440840E-1,-5.114163876E0
8.979288720E1,-3.299934864E-1,-6.196832657E-2,-5.130089760E0
8.980082177E1,-3.231348991E-1,2.345987558E-1,-5.047885895E0
8.980875634E1,-3.767385185E-1,4.400699139E-1,-5.061275482E0
8.981672143E1,-2.304739654E-1,6.917423010E-1,-4.624668598E0
8.982462548E1,-1.770595610E-1,7.622137070E-1,-3.535044193E0
8.983249902E1,2.435474694E-1,1.238159180E0,-1.794254780E0
8.984040307E1,1.924029589E-1,1.385728002E0,-7.704210281E-1
8.984833764E1,3.548964858E-1,1.576360464E0,-4.936809540E-1
8.985630273E1,1.807404757E-1,1.531529903E0,-9.682922363E-1
8.986420678E1,-4.369709492E-1,1.381624460E0,-1.518199921E0
8.987208032E1,-8.062002659E-1,1.267431140E0,-2.144719601E0
8.987995385E1,-9.092823863E-1,1.368212700E0,-2.597101688E0
8.988788842E1,-7.499773502E-1,1.377061844E0,-2.569833755E0
8.989585351E1,-8.015307784E-1,1.303109169E0,-2.252993107E0
8.990375756E1,-9.815887213E-1,1.241975307E0,-1.436386108E0
8.991163110E1,-9.118494391E-1,1.389490843E0,-8.654012680E-1
8.991962670E1,-7.832863927E-1,1.466468453E0,-2.787647247E-1
8.992753076E1,-5.872632861E-1,1.569819927E0,3.779430389E-1
8.993552636E1,-5.268117785E-1,1.676541567E0,1.011875153E0
8.994349145E1,-4.961332083E-1,1.743850827E0,1.666409492E0
8.995136498E1,-3.711180687E-1,1.708009720E0,2.085880280E0
8.995926904E1,-2.806582451E-1,1.553015113E0,2.548804283E0
8.996717309E1,-3.324584961E-1,1.277142286E0,3.003455162E0
8.997516869E1,-4.192441702E-1,1.042879343E0,3.264719009E0
8.998307275E1,-4.832608700E-1,8.729481697E-1,3.456946373E0
8.999109887E1,-5.508595705E-1,7.449440956E-1,3.742277145E0
8.999900292E1,-6.404334307E-1,5.331910849E-1,4.234657288E0
9.000693749E1,-5.336698294E-1,4.483944178E-1,4.754531860E0
9.001490258E1,-3.332616091E-1,4.683942795E-1,5.071892738E0
9.002280663E1,-4.288372993E-1,4.044800997E-1,5.055887222E0
9.003071069E1,-5.923620462E-1,1.491358280E-1,4.687811852E0
9.003858422E1,-5.113102198E-1,1.000645161E-1,4.092691422E0
9.004651879E1,-7.665566206E-1,-1.995013952E-1,3.416300774E0
9.005448388E1,-1.065936446E0,-4.614173174E-1,3.098740578E0
9.006235742E1,-1.135376453E0,-6.996387243E-1,3.251304626E0
9.007026147E1,-9.210031033E-1,-8.117372990E-1,3.576657295E0
9.007822656E1,-5.211768150E-1,-8.926518559E-1,4.462278366E0
9.008610009E1,-2.886490822E-1,-8.226206303E-1,5.323496819E0
9.009409570E1,-8.844304085E-2,-6.180121899E-1,5.302871704E0
9.010199975E1,-2.875936031E-2,-4.672315121E-1,4.701233864E0
9.010987328E1,-4.412454367E-2,-1.727546453E-1,3.773326874E0
9.011777734E1,-3.981640935E-1,1.177060604E-2,2.569994926E0
9.012571191E1,-5.496366024E-1,1.019413471E-1,1.382004738E0
9.013367700E1,-6.489710212E-1,9.898161888E-2,-1.507225037E-1
9.014161157E1,-7.413123846E-1,1.240249872E-1,-1.442538261E0
9.014951562E1,-7.476238012E-1,1.231968403E-1,-2.195946217E0
9.015741967E1,-7.589030266E-1,6.503021717E-2,-2.498525620E0
9.016535424E1,-5.271247029E-1,-4.954612255E-2,-2.655213356E0
9.017334985E1,-3.137065768E-1,-1.347863674E-1,-2.377573490E0
9.018125390E1,-2.039767802E-1,-1.517598629E-1,-1.920399666E0
9.018915795E1,-1.307000220E-1,-1.096130610E-1,-1.618360519E0
9.019712304E1,5.379870534E-2,-8.793473244E-2,-1.481828690E0
9.020502709E1,2.577561438E-1,-4.926478863E-2,-1.531680107E0
9.021302270E1,4.252801538E-1,3.569638729E-2,-1.707231522E0
9.022089623E1,6.081490517E-1,1.158008575E-1,-2.209588051E0
9.022883080E1,7.951153517E-1,2.367168665E-1,-2.892420769E0
9.023679589E1,8.818826675E-1,3.840547800E-1,-3.697971821E0
9.024473046E1,8.546535969E-1,4.749541283E-1,-4.385076523E0
9.025269555E1,8.799811602E-1,4.412364960E-1,-5.222146511E0
9.026059960E1,7.355422974E-1,4.294091463E-1,-5.881310940E0
9.026847314E1,5.971384645E-1,4.336386919E-1,-6.363172054E0
9.027637719E1,4.410845339E-1,3.576595783E-1,-6.622948647E0
9.028428124E1,2.940787971E-1,2.805533409E-1,-6.299438000E0
9.029227685E1,5.419473052E-1,1.793171167E-1,-5.445375919E0
9.030018090E1,7.089170814E-1,1.611973047E-1,-4.407751083E0
9.030808495E1,9.458268285E-1,3.396681547E-1,-3.025151253E0
9.031598901E1,1.193602562E0,5.831525326E-1,-1.708710194E0
9.032392358E1,1.331200361E0,8.605738878E-1,-7.205533981E-1
9.033191918E1,1.244662642E0,1.130696058E0,-8.073720932E-1
9.033982324E1,8.640666008E-1,1.440755963E0,-2.026188850E0
9.034769677E1,7.502551675E-1,1.706826568E0,-3.545615673E0
9.035557031E1,4.052042961E-1,1.883405089E0,-5.005962372E0
9.036350488E1,3.928762078E-1,2.025395870E0,-5.896237373E0
9.037146996E1,3.618244827E-1,2.178989410E0,-5.268466949E0
9.037934350E1,5.001847744E-1,2.156312943E0,-3.755164623E0
9.038727807E1,8.347519636E-1,1.988146663E0,-2.264217377E0
9.039524316E1,1.134263158E0,1.779740334E0,-3.415079117E-1
9.040311669E1,1.260991454E0,1.676240444E0,1.905688286E0
9.041111230E1,1.322346687E0,1.607164741E0,4.173724174E0
9.041901635E1,1.218066096E0,1.611203790E0,5.618543625E0
9.042688989E1,8.969997764E-1,1.670908093E0,6.614454269E0
9.043479394E1,6.963146925E-1,1.560628295E0,6.435135841E0
9.044269799E1,7.304458618E-1,1.404041886E0,5.423011780E0
9.045069360E1,6.505454779E-1,1.303255200E0,4.322687149E0
9.045862817E1,3.446888030E-1,1.221313477E0,3.268257141E0
9.046653222E1,3.067651987E-1,1.253546596E0,2.126832962E0
9.047446679E1,1.835879982E-1,1.244928479E0,1.354929924E0
9.048240136E1,1.995891035E-1,1.146105170E0,5.013113022E-1
9.049036645E1,3.836204410E-1,1.194690704E0,6.034946442E-2
9.049827050E1,6.697139740E-1,1.511587620E0,3.696823120E-2
9.050617455E1,8.370051384E-1,1.691853762E0,3.405408859E-1
9.051407861E1,1.196500301E0,1.618339777E0,1.459462166E0
9.052198266E1,1.652515054E0,1.644178152E0,3.098901749E0
9.052991723E1,1.559846282E0,1.402554989E0,4.554776192E0
9.053788232E1,1.477262497E0,8.771104813E-1,6.005680084E0
9.054578637E1,1.338305235E0,1.933811903E-1,6.849740982E0
9.055369042E1,1.119553328E0,-3.673818111E-1,6.960532188E0
9.056159448E1,7.240006328E-1,-7.518299818E-1,6.546416283E0
9.056959008E1,4.502276778E-1,-8.384667635E-1,5.612593651E0
9.057749413E1,1.991194785E-1,-9.389923811E-1,4.232565880E0
9.058536767E1,7.973718643E-2,-9.797264338E-1,3.110272408E0
9.059327172E1,-1.727528870E-1,-9.300841093E-1,1.655764580E0
9.060117578E1,-2.677077651E-1,-9.390068054E-1,1.965560913E-1
9.060914086E1,-2.249083370E-1,-9.705035686E-1,-1.110536575E0
9.061704492E1,-3.037228584E-1,-1.000432134E0,-1.921555519E0
9.062494897E1,-4.364754856E-1,-9.950351715E-1,-2.546015263E0
9.063291406E1,-6.609679461E-1,-9.407935143E-1,-2.961426735E0
9.064078759E1,-5.949262381E-1,-9.092712402E-1,-2.937890053E0
9.064878320E1,-6.218054891E-1,-1.115808010E0,-2.625548840E0
9.065668725E1,-5.220369697E-1,-9.942855835E-1,-2.289543152E0
9.066459130E1,-3.091901541E-1,-1.011574984E0,-1.920917988E0
9.067246484E1,-5.585949123E-2,-1.076393366E0,-1.567372322E0
9.068042992E1,7.557690144E-2,-1.146035910E0,-1.158352852E0
9.068842553E1,1.114258766E-1,-1.100234509E0,-9.830913544E-1
9.069639062E1,1.505036354E-1,-1.008128405E0,-1.269986153E0
9.070429467E1,1.188934147E-1,-7.897732854E-1,-1.629143715E0
9.071225976E1,1.556105614E-1,-5.043612719E-1,-2.036818027E0
9.072019433E1,7.989001274E-2,-2.732013464E-1,-2.497826576E0
9.072815942E1,-1.076835394E-2,-1.494741440E-2,-3.029197216E0
9.073606347E1,-5.374950171E-2,1.681704521E-1,-3.638401031E0
9.074393700E1,-1.278252602E-1,2.890734673E-1,-3.835318089E0
9.075184106E1,-1.621327996E-1,4.244114161E-1,-3.354769707E0
9.075974511E1,-1.912407875E-1,5.758777857E-1,-2.637798309E0
9.076774072E1,-3.222581744E-1,6.488616467E-1,-2.263576031E0
9.077561425E1,-3.428624868E-1,6.885195971E-1,-1.717492104E0
9.078351830E1,-2.726196945E-1,8.321747780E-1,-1.075665474E0
9.079142236E1,-3.400374651E-1,9.735805988E-1,-1.285354614E0
9.079929589E1,-1.076155901E-1,1.185862303E0,-1.943746567E0
9.080729150E1,9.274601936E-2,1.240967512E0,-2.872484207E0
9.081519555E1,1.561760902E-3,1.343544364E0,-3.633916378E0
9.082309960E1,-2.155010104E-1,1.566038847E0,-4.333525658E0
9.083100366E1,-4.229491651E-1,1.732284427E0,-4.753804684E0
9.083890771E1,-3.914057612E-1,1.834544182E0,-4.888443947E0
9.084687280E1,-4.596928656E-1,1.950906277E0,-4.991966248E0
9.085477685E1,-4.869115949E-1,1.966151237E0,-4.692072392E0
9.086271142E1,-5.573831797E-1,1.977341413E0,-4.012959003E0
9.087058495E1,-5.593291521E-1,1.949578524E0,-3.146886349E0
9.087851952E1,-6.140019298E-1,1.920208216E0,-2.145843029E0
9.088651513E1,-4.508242607E-1,1.899122000E0,-8.252201080E-1
9.089438867E1,-3.111041784E-1,1.900157809E0,1.047302246E0
9.090229272E1,-1.910992265E-1,1.957445860E0,2.785570145E0
9.091025781E1,-1.610534340E-1,2.074681282E0,4.608307838E0
9.091813134E1,-5.070502758E-1,2.166347742E0,5.537924767E0
9.092612695E1,-6.896791458E-1,2.162018299E0,5.330570221E0
9.093398254E1,-8.533311486E-1,2.181543112E0,4.793410301E0
9.094191711E1,-8.174366951E-1,2.158225060E0,4.369418144E0
9.094988220E1,-4.994610846E-1,2.113904953E0,3.650781631E0
9.095781677E1,-5.667396784E-1,1.655445218E0,2.946266174E0
9.096581238E1,-1.841863990E-1,1.676813364E0,1.907692909E0
9.097371643E1,9.210547805E-2,1.351152778E0,1.080013275E0
9.098162048E1,4.796960950E-1,1.098424792E0,7.885465622E-1
9.098952454E1,7.870873213E-1,9.572625160E-1,8.651523590E-1
9.099742859E1,9.638241529E-1,9.279906750E-1,1.325492859E0
9.100539368E1,1.005490184E0,1.105273247E0,2.139023781E0
9.101329773E1,8.297164440E-1,1.107375503E0,2.752753258E0
9.102120178E1,5.043460131E-1,8.992239237E-1,3.127490997E0
9.102907532E1,3.726102114E-1,8.101375103E-1,3.279008865E0
9.103700989E1,1.856956482E-1,6.497960091E-1,3.859765053E0
9.104497498E1,2.856407762E-1,3.432888985E-1,4.349159241E0
9.105290955E1,5.600220561E-1,1.172327995E-2,4.393244743E0
9.106078308E1,1.013880253E0,-2.238129377E-1,3.980022430E0
9.106868713E1,1.461844921E0,-2.613062859E-1,3.688117027E0
9.107659119E1,2.063127041E0,-8.321666718E-2,3.505970001E0
9.108455627E1,2.252236843E0,7.638275623E-2,3.444731712E0
9.109249084E1,2.167416811E0,2.712211609E-1,3.214248657E0
9.110039490E1,2.059356451E0,4.802156687E-1,3.002437592E0
9.110832947E1,1.712843180E0,5.667701960E-1,2.355510712E0
9.111620300E1,1.350203514E0,5.391088724E-1,1.313454628E0
9.112419861E1,9.117972851E-1,4.238663912E-1,-1.524829865E-1
9.113210266E1,5.682897568E-1,1.991215944E-1,-1.534360886E0
9.113997620E1,3.107697964E-1,-2.154442072E-1,-2.764575481E0
9.114784973E1,5.343103409E-2,-5.500376225E-1,-3.289077759E0
9.115578430E1,-2.037591934E-1,-7.286802530E-1,-3.253743649E0
9.116374939E1,-2.356899381E-1,-8.396216631E-1,-2.807977676E0
9.117165344E1,1.842829585E-1,-1.002937555E0,-2.183617115E0
9.117952698E1,5.596160889E-1,-1.062273026E0,-1.587132454E0
9.118743103E1,7.998123765E-1,-8.696111441E-1,-1.200756073E0
9.119533508E1,9.429798722E-1,-5.474579334E-1,-1.201226234E0
9.120333069E1,1.188754439E0,-3.723505735E-1,-1.501463890E0
9.121123474E1,1.327978253E0,-2.524899244E-1,-2.091004848E0
9.121910828E1,1.349230170E0,-8.453047276E-2,-2.830385685E0
9.122701233E1,1.295515656E0,5.236172676E-2,-3.441708565E0
9.123491638E1,1.145789266E0,1.769185066E-1,-3.903631687E0
9.124291199E1,9.974321127E-1,2.506141663E-1,-4.323833942E0
9.125084656E1,8.337713480E-1,2.484474182E-1,-4.647040844E0
9.125875061E1,6.688207388E-1,1.783738136E-1,-4.863916397E0
9.126665466E1,6.230570078E-1,1.043086052E-1,-5.091713428E0
9.127458923E1,6.894282103E-1,5.022430420E-2,-5.160985470E0
9.128258484E1,9.010357857E-1,7.524490356E-4,-4.837376595E0
9.129048889E1,1.215770125E0,-3.998041153E-2,-4.369849682E0
9.129839294E1,1.339505076E0,-5.684018135E-2,-4.093412876E0
9.130635803E1,1.309322119E0,6.069731712E-2,-4.029339314E0
9.131423157E1,1.187193751E0,3.222837448E-1,-4.239512444E0
9.132222717E1,1.095541835E0,6.376214027E-1,-4.365268230E0
9.133010071E1,8.760503531E-1,9.308557510E-1,-4.512118816E0
9.133800476E1,7.243639827E-1,1.179527164E0,-4.840693474E0
9.134596985E1,5.503432751E-1,1.498261809E0,-4.989758968E0
9.135390442E1,2.347487062E-1,1.798575044E0,-4.761343956E0
9.136186951E1,-9.364113212E-2,2.032505274E0,-4.279928207E0
9.136977356E1,-2.679432631E-1,2.218746662E0,-3.638833523E0
9.137764709E1,-1.333013773E-1,2.210094213E0,-2.661098480E0
9.138555115E1,2.753784955E-1,2.175996780E0,-1.611988068E0
9.139345520E1,7.612745166E-1,2.074064970E0,1.265001297E-1
9.140145081E1,1.195635080E0,2.112462044E0,2.183679581E0
9.140935486E1,1.380558491E0,2.191327572E0,3.616867065E0
9.141728943E1,1.212418199E0,2.320915461E0,4.584720612E0
9.142519348E1,9.012817740E-1,2.255266666E0,4.855706215E0
9.143312805E1,6.317677498E-1,2.142773151E0,4.797828674E0
9.144109314E1,4.269525111E-1,2.034011126E0,4.332077026E0
9.144896667E1,1.596464366E-1,1.892986417E0,3.704335213E0
9.145687073E1,-3.361482918E-2,1.670834541E0,3.210857391E0
9.146477478E1,-2.257543802E-1,1.489055157E0,2.886837006E0
9.147267883E1,-2.669311166E-1,1.307175398E0,2.767633438E0
9.148067444E1,-6.685853004E-2,1.229528308E0,3.010980606E0
9.148863953E1,1.804337800E-1,1.282358766E0,3.128101349E0
9.149654358E1,5.769332051E-1,1.659748316E0,3.112723351E0
9.150444763E1,7.860312462E-1,1.969925404E0,3.113682747E0
9.151241272E1,1.370151758E0,2.062046528E0,3.336851120E0
9.152040832E1,2.137768984E0,2.018884897E0,3.722631454E0
9.152831238E1,2.311385870E0,1.692157149E0,4.402422905E0
9.153621643E1,2.143230677E0,1.208652854E0,5.000745773E0
9.154418152E1,2.096093178E0,4.508270025E-1,5.608499527E0
9.155211609E1,1.876304507E0,-2.460843325E-1,6.304036140E0
9.156008118E1,1.601912737E0,-6.133306026E-1,6.640125275E0
9.156801575E1,1.595274210E0,-9.452636838E-1,6.445159912E0
9.157588928E1,1.749273777E0,-1.145780087E0,5.571743011E0
9.158376282E1,1.624045134E0,-1.242074966E0,4.349968910E0
9.159169739E1,1.364585638E0,-1.237737894E0,2.755626678E0
9.159963196E1,1.133263826E0,-1.237004995E0,1.264204025E0
9.160753601E1,9.082877636E-1,-1.263197422E0,1.954727173E-1
9.161544006E1,6.830795407E-1,-1.217311740E0,-4.829015732E-1
9.162334412E1,4.393426776E-1,-1.035354853E0,-1.009891510E0
9.163124817E1,1.810162365E-1,-7.712455988E-1,-1.241840363E0
9.163924377E1,6.067098677E-2,-5.944582224E-1,-1.270056725E0
9.164714783E1,-1.301505417E-2,-4.600832462E-1,-1.145787239E0
9.165505188E1,1.047017127E-1,-2.614250183E-1,-1.148351669E0
9.166301697E1,4.439550638E-1,-2.032436132E-1,-1.289591789E0
9.167095154E1,6.809366345E-1,-2.223385572E-1,-1.392262459E0
9.167891663E1,7.796928883E-1,-1.423742771E-1,-1.561709404E0
9.168685120E1,8.828964829E-1,-2.095168829E-1,-1.919826508E0
9.169475525E1,8.849310279E-1,-3.220187426E-1,-2.449733734E0
9.170272034E1,9.068202972E-1,-4.784172773E-1,-2.928809643E0
9.171059387E1,8.475761414E-1,-6.673285961E-1,-3.429199696E0
9.171855896E1,4.414591789E-1,-8.452932239E-1,-3.764266014E0
9.172652405E1,-8.025321364E-2,-8.634585142E-1,-4.180662632E0
9.173439758E1,-3.128497303E-1,-8.187173605E-1,-4.400710583E0
9.174233215E1,-4.454640746E-1,-6.230190992E-1,-4.180289745E0
9.175023621E1,-4.835324287E-1,-4.723494053E-1,-3.768181801E0
9.175823181E1,-3.693210483E-1,-1.176973581E-1,-3.415168762E0
9.176613586E1,-3.339416683E-1,3.239166737E-2,-3.549246311E0
9.177407043E1,-2.154279053E-1,2.748745680E-1,-3.937113762E0
9.178203552E1,2.286048830E-1,3.672343493E-1,-4.500154972E0
9.178997009E1,3.781276941E-1,3.772724867E-1,-4.862046719E0
9.179793518E1,5.906664729E-1,6.477925777E-1,-5.176767349E0
9.180583923E1,6.237265468E-1,9.564193487E-1,-5.411270618E0
9.181374329E1,7.297949791E-1,1.058944702E0,-5.638147354E0
9.182170837E1,8.677993417E-1,1.318830490E0,-5.877425671E0
9.182964294E1,9.137960672E-1,1.463866711E0,-5.859278679E0
9.183760803E1,8.510245681E-1,1.492773533E0,-5.405591488E0
9.184554260E1,8.349492550E-1,1.612115502E0,-4.489420414E0
9.185350769E1,7.598575354E-1,1.738203526E0,-3.278643131E0
9.186141174E1,4.078820050E-1,1.825414658E0,-1.429769516E0
9.186934631E1,1.321431398E-1,1.897029161E0,5.528278351E-1
9.187731140E1,3.028148413E-2,1.951308370E0,1.983336449E0
9.188521545E1,8.685505390E-2,2.044827700E0,3.353534698E0
9.189308899E1,1.706696749E-1,2.110840321E0,3.974546432E0
9.190096252E1,2.550643682E-1,2.162873268E0,4.046374321E0
9.190889709E1,4.161150455E-1,2.190250158E0,3.534408569E0
9.191689270E1,5.598935485E-1,2.257678509E0,2.565044403E0
9.192479675E1,5.751833320E-1,2.333598137E0,1.577013969E0
9.193276184E1,4.548349380E-1,2.448724747E0,8.967313766E-1
9.194075745E1,2.332884073E-1,2.531863451E0,3.613204956E-1
9.194869202E1,-1.391087770E-1,2.468708515E0,2.817726135E-1
9.195665710E1,-4.165377617E-1,2.266813517E0,9.878625870E-1
9.196456116E1,-6.178956032E-1,2.015098810E0,1.789403915E0
9.197243469E1,-6.463230848E-1,1.705872297E0,3.048209190E0
9.198033875E1,-4.265943766E-1,1.529649615E0,4.458879471E0
9.198824280E1,-2.297378778E-1,1.523573637E0,5.404836655E0
9.199623840E1,-2.322312593E-1,1.228858590E0,5.884885788E0
9.200420349E1,-1.353434324E-1,8.329496384E-1,5.933201790E0
9.201210754E1,-2.598991394E-1,4.773910046E-1,5.579794884E0
9.202001160E1,-6.357589960E-1,4.707741737E-2,5.048914909E0
9.202794617E1,-9.171960354E-1,-3.802528381E-1,4.457523346E0
9.203591126E1,-1.076517344E0,-8.244414926E-1,4.000489235E0
9.204381531E1,-1.255915523E0,-1.027708530E0,4.016658783E0
9.205168884E1,-1.218000889E0,-1.060194969E0,4.337177277E0
9.205956238E1,-1.295346141E0,-9.453657269E-1,4.919538498E0
9.206749695E1,-1.507855296E0,-7.155132294E-1,5.050941467E0
9.207549255E1,-1.762375116E0,-4.833412170E-1,4.261117935E0
9.208342712E1,-1.854778409E0,-2.562853098E-1,3.283551216E0
9.209133118E1,-1.976897597E0,-3.758251667E-2,2.090024948E0
9.209929626E1,-2.040584803E0,2.000685930E-1,4.443206787E-1
9.210716980E1,-2.397768021E0,1.474121809E-1,-7.210435867E-1
9.211513489E1,-2.326183796E0,2.576040030E-1,-1.256703377E0
9.212306946E1,-2.063714027E0,9.035718441E-2,-1.678568840E0
9.213103455E1,-1.682150483E0,7.726550102E-3,-1.549364090E0
9.213893860E1,-1.383376002E0,-2.955985069E-2,-1.109804153E0
9.214687317E1,-1.008509874E0,-7.831048965E-2,-5.145502090E-1
9.215486877E1,-8.072819114E-1,-1.029736996E-1,-1.938781738E-1
9.216277283E1,-6.391419172E-1,-1.568636894E-1,-2.741651535E-1
9.217064636E1,-5.305393934E-1,-1.077585220E-1,-4.548711777E-1
9.217855042E1,-4.508587122E-1,-7.535779476E-2,-9.078989029E-1
9.218645447E1,-4.293468595E-1,-9.735822678E-3,-1.496479034E0
9.219445007E1,-3.673619628E-1,2.136456966E-2,-2.012432575E0
9.220238464E1,-3.244095147E-1,6.269896030E-2,-2.388591290E0
9.221028870E1,-2.638825774E-1,8.787202835E-2,-2.837969780E0
9.221825378E1,-3.302108943E-1,1.365450621E-1,-3.425032139E0
9.222612732E1,-4.678142667E-1,1.629335880E-1,-3.967434883E0
9.223409241E1,-5.767610073E-1,1.768348217E-1,-4.534972191E0
9.224205750E1,-6.235885024E-1,2.382857800E-1,-5.075118542E0
9.224996155E1,-5.978280306E-1,3.301248550E-1,-5.559190273E0
9.225786560E1,-6.201587319E-1,3.112875223E-1,-5.942104816E0
9.226580017E1,-6.424821615E-1,3.124737740E-1,-6.209712505E0
9.227373474E1,-4.771053791E-1,3.236918449E-1,-6.278479099E0
9.228169983E1,-2.055183351E-1,2.099851370E-1,-6.105496407E0
9.228960388E1,-4.373396188E-2,2.910821438E-1,-5.559220791E0
9.229750793E1,-1.574961692E-1,5.055453777E-1,-4.948298454E0
9.230538147E1,-1.933437288E-1,7.127189636E-1,-4.399356365E0
9.231334656E1,-3.218792975E-1,8.404746056E-1,-4.299853802E0
9.232128113E1,-5.458703637E-1,1.088844180E0,-4.587312698E0
9.232921570E1,-4.851049185E-1,1.282232404E0,-4.842839718E0
9.233711975E1,-2.896082997E-1,1.398843050E0,-4.791648865E0
9.234505432E1,-1.970207691E-1,1.521072507E0,-4.204391479E0
9.235301941E1,-5.894058943E-2,1.727470398E0,-3.382993221E0
9.236092346E1,2.895998955E-2,1.930959105E0,-2.196299076E0
9.236882751E1,7.064545155E-2,2.019625187E0,-7.568283081E-1
9.237673157E1,2.176177502E-1,2.038766623E0,1.014538765E0
9.238466614E1,4.014076591E-1,2.048869133E0,2.620161057E0
9.239263122E1,3.358649015E-1,2.234951973E0,3.744610786E0
9.240053528E1,2.163571715E-1,2.404718399E0,4.254167557E0
9.240840881E1,1.700323820E-1,2.423693895E0,4.426803589E0
9.241631287E1,9.414255619E-3,2.353675365E0,4.320558548E0
9.242421692E1,-1.544111967E-1,2.184099913E0,3.875690460E0
9.243218201E1,-9.110063314E-2,1.880496860E0,3.027482986E0
9.244008606E1,3.561201096E-1,1.536110520E0,2.256879807E0
9.244795959E1,9.457024932E-1,1.324388266E0,1.900675774E0
9.245586365E1,1.464800596E0,1.177251935E0,1.934502602E0
9.246376770E1,2.174987316E0,1.210611224E0,2.224134445E0
9.247176331E1,2.724909782E0,1.410124063E0,2.635169983E0
9.247969788E1,3.217769384E0,2.079386234E0,2.919013977E0
9.248760193E1,3.286714792E0,2.441135883E0,3.207165718E0
9.249556702E1,3.246385098E0,2.371788025E0,3.384563446E0
9.250350159E1,3.123138189E0,2.176088810E0,3.527007103E0
9.251146667E1,2.646509647E0,1.731489897E0,3.911449432E0
9.251937073E1,2.314012766E0,1.173820615E0,4.670227051E0
9.252727478E1,2.132071495E0,5.286092758E-1,5.678665161E0
9.253517883E1,1.935825467E0,1.591897011E-1,6.484338760E0
9.254311340E1,1.553898335E0,1.883304119E-2,6.540760994E0
9.255107849E1,1.350175261E0,-2.099958658E-1,5.817751884E0
9.255898254E1,1.503019094E0,-3.878909349E-1,4.627075195E0
9.256688660E1,1.437487125E0,-5.021196604E-1,3.128436089E0
9.257479065E1,1.076042891E0,-5.558358431E-1,1.874547958E0
9.258272522E1,9.002013206E-1,-6.157265902E-1,5.102872849E-1
9.259069031E1,7.787868977E-1,-7.006887794E-1,-4.336862564E-1
9.259859436E1,6.390342712E-1,-7.703893185E-1,-6.791791916E-1
9.260652893E1,4.765537977E-1,-7.953607440E-1,-5.368909836E-1
9.261446350E1,5.795189142E-1,-8.601466417E-1,-2.075595856E-1
9.262239807E1,7.742689252E-1,-9.936354160E-1,2.398529053E-1
9.263036316E1,8.975354433E-1,-9.868461490E-1,3.494157791E-1
9.263829773E1,1.115587473E0,-9.274494648E-1,2.871971130E-1
9.264623230E1,1.296272755E0,-9.369353652E-1,2.091751099E-1
9.265419739E1,1.250212193E0,-9.174564481E-1,-4.491710663E-2
9.266210144E1,9.618700743E-1,-8.339617252E-1,-5.870656967E-1
9.267006653E1,8.064958453E-1,-7.718287706E-1,-1.503824234E0
9.267797058E1,4.948912859E-1,-6.950786710E-1,-2.290251255E0
9.268587463E1,1.653420031E-1,-5.918577313E-1,-2.946559429E0
9.269380920E1,-2.310771346E-1,-4.774650931E-1,-3.731609344E0
9.270171326E1,-6.991178989E-1,-6.129015684E-1,-4.681315422E0
9.270967834E1,-9.736741781E-1,-4.968563318E-1,-5.527715683E0
9.271764343E1,-1.202192545E0,-3.685343266E-1,-5.852540016E0
9.272551697E1,-1.150257230E0,-2.383195162E-1,-5.749738693E0
9.273348206E1,-8.269466758E-1,-1.251455545E-1,-5.461407185E0
9.274138611E1,-2.110858560E-1,-1.078480482E-1,-4.981960297E0
9.274935120E1,2.143650204E-1,-8.092391491E-2,-4.392093182E0
9.275728577E1,7.259892821E-1,1.139352322E-1,-3.779806614E0
9.276522034E1,1.464880228E0,2.812039852E-1,-2.965275764E0
9.277315491E1,1.770055890E0,3.635480404E-1,-2.055207253E0
9.278108948E1,1.941863656E0,4.370923042E-1,-1.453634262E0
9.278905456E1,1.924225807E0,7.033416033E-1,-2.531216621E0
9.279701965E1,1.890697122E0,8.118523359E-1,-4.565763474E0
9.280489319E1,1.972423196E0,8.035731316E-1,-5.912284851E0
9.281279724E1,1.706939101E0,9.812651873E-1,-6.704311848E0
9.282073181E1,1.321768165E0,1.023962021E0,-7.126277447E0
9.282869690E1,1.086749792E0,1.003500104E0,-7.086290359E0
9.283660095E1,9.690164924E-1,9.752357006E-1,-6.573637009E0
9.284447449E1,8.425872326E-1,9.511177540E-1,-4.936615467E0
9.285237854E1,5.832352042E-1,9.417793751E-1,-2.517086983E0
9.286031311E1,6.572394967E-1,1.017216921E0,-5.183391571E-1
9.286827820E1,6.127876043E-1,9.954304695E-1,1.668976784E0
9.287618225E1,6.361802220E-1,1.600962877E0,3.172643661E0
9.288411682E1,2.726847529E-1,1.710717916E0,4.133914948E0
9.289199036E1,1.560739875E-1,1.898627281E0,4.025757790E0
9.289992493E1,5.674535036E-2,2.213960171E0,3.123414993E0
9.290789001E1,6.073695421E-2,2.457047939E0,2.246390343E0
9.291579407E1,2.083107233E-1,2.670835733E0,1.369536400E0
9.292369812E1,3.324623108E-1,2.790868282E0,8.227300644E-1
9.293157166E1,3.179198503E-1,2.781349182E0,4.612236023E-1
9.293947571E1,2.781713009E-1,2.709621906E0,5.742015839E-1
9.294747131E1,1.171734333E-1,2.568812370E0,1.113870621E0
9.295537537E1,-1.604636312E-1,2.371245861E0,1.985440254E0
9.296324890E1,-4.688045382E-1,2.330410957E0,2.938309669E0
9.297121399E1,-9.951347709E-1,2.454851627E0,4.134963036E0
9.297908752E1,-1.257764101E0,2.638603210E0,5.476400375E0
9.298708313E1,-1.580669641E0,2.399986029E0,6.719676971E0
9.299504822E1,-1.488695145E0,2.076743841E0,6.912033081E0
9.300295227E1,-1.605194330E0,1.634417415E0,6.665030479E0
9.301088684E1,-1.735463262E0,1.015557408E0,6.031698227E0
9.301882141E1,-1.793079138E0,2.486102581E-1,5.168480873E0
9.302675598E1,-1.752673626E0,-4.441705942E-1,4.649907112E0
9.303466003E1,-1.542081833E0,-9.252827168E-1,4.698992729E0
9.304253357E1,-1.178112507E0,-1.290665030E0,4.892710686E0
9.305043762E1,-8.939790130E-1,-1.434697628E0,5.330855370E0
9.305834167E1,-8.331400156E-1,-1.271636009E0,5.404482841E0
9.306630676E1,-1.243361235E0,-1.047336340E0,5.067399979E0
9.307418030E1,-1.691202641E0,-8.557632565E-1,4.139036179E0
9.308208435E1,-2.059060574E0,-5.943073630E-1,2.788560867E0
9.309004944E1,-2.295474768E0,-3.846844435E-1,1.612311363E0
9.309795349E1,-2.504950523E0,-1.635966301E-1,3.874940872E-1
9.310594910E1,-2.657637119E0,2.768039703E-2,-6.299209595E-1
9.311385315E1,-2.647096872E0,5.488586426E-2,-1.381413460E0
9.312172668E1,-2.485398054E0,-6.400966644E-2,-1.736808777E0
9.312963074E1,-2.292778730E0,-1.457933187E-1,-1.907250404E0
9.313756531E1,-2.106285572E0,-2.350388765E-1,-1.960014343E0
9.314553040E1,-1.956750154E0,-2.120933533E-1,-2.055837154E0
9.315343445E1,-1.586968184E0,-2.683953047E-1,-2.329850674E0
9.316130798E1,-1.043998480E0,-4.173872471E-1,-2.678798676E0
9.316921204E1,-6.668896675E-1,-5.356129408E-1,-3.009802818E0
9.317711609E1,-5.232262015E-1,-5.268152952E-1,-3.216927052E0
9.318508118E1,-3.715119362E-1,-5.755732656E-1,-3.271208286E0
9.319298523E1,-1.796396971E-1,-6.346845627E-1,-3.339852810E0
9.320088928E1,-1.934055984E-2,-7.013609409E-1,-3.484455585E0
9.320879334E1,1.974419653E-1,-7.026833296E-1,-3.721430302E0
9.321669739E1,3.460900486E-1,-6.755580902E-1,-3.899713516E0
9.322466248E1,3.799479306E-1,-5.452278852E-1,-4.151079655E0
9.323256653E1,3.450365663E-1,-4.664822221E-1,-4.489794731E0
9.324044006E1,2.514802516E-1,-3.450741768E-1,-4.949611187E0
9.324834412E1,3.510627151E-2,-2.853089571E-1,-5.128486156E0
9.325627869E1,-1.277693510E-1,-2.268368006E-1,-5.002557755E0
9.326424377E1,-3.310687542E-1,-2.926349640E-2,-4.734507084E0
9.327214783E1,-6.314963698E-1,6.604921818E-2,-4.546776295E0
9.328002136E1,-6.376562715E-1,1.810019016E-1,-4.632691383E0
9.328789490E1,-5.619542599E-1,2.917932272E-1,-5.198244095E0
9.329582947E1,-6.184815764E-1,4.035378695E-1,-5.985025406E0
9.330379456E1,-5.229255557E-1,4.865673780E-1,-6.562645912E0
9.331169861E1,-7.553047538E-1,5.236339569E-1,-6.560991287E0
9.331960266E1,-3.832917213E-1,1.064594507E0,-5.902077675E0
9.332750671E1,-4.505025744E-1,1.162558675E0,-4.706801414E0
9.333538025E1,-1.851475239E-2,1.451663494E0,-3.242587566E0
9.334337585E1,2.613058090E-1,1.751590371E0,-2.107753754E0
9.335127991E1,4.730262160E-1,2.067237854E0,-1.080858231E0
9.335915344E1,6.745223999E-1,2.228345394E0,-4.365663528E-1
9.336711853E1,6.995775104E-1,2.284002304E0,-1.862821579E-1
9.337499206E1,7.890275717E-1,2.243868351E0,-2.437906265E-1
9.338298767E1,8.185713291E-1,2.199879408E0,-1.638584137E-1
9.339095276E1,7.979061604E-1,2.255393982E0,1.178188324E-1
9.339882629E1,9.153150916E-1,2.167423248E0,7.008571625E-1
9.340669983E1,1.188530326E0,2.043722630E0,1.472895622E0
9.341463440E1,1.340475678E0,1.894156218E0,2.123646736E0
9.342259949E1,1.477878332E0,1.723073483E0,2.908114433E0
9.343050354E1,1.533634901E0,1.496750951E0,3.809108734E0
9.343837708E1,1.706073642E0,1.144493699E0,4.714403152E0
9.344628113E1,1.980522752E0,9.830921888E-1,5.566674232E0
9.345418518E1,2.068962097E0,9.264893532E-1,6.126369476E0
9.346215027E1,2.243640900E0,9.065449238E-1,6.137861252E0
9.347005432E1,2.551196337E0,1.117476583E0,5.639866829E0
9.347795837E1,2.593598843E0,1.750113249E0,4.784086227E0
9.348583191E1,2.068575382E0,1.896782279E0,3.582536697E0
9.349376648E1,2.375078678E0,1.902719975E0,1.946314812E0
9.350170105E1,2.333137512E0,1.874991894E0,8.333864212E-1
9.350960510E1,2.257253647E0,1.519180179E0,9.101657867E-1
9.351750916E1,2.502865076E0,8.798155785E-1,1.561447144E0
9.352541321E1,3.058094501E0,6.672644615E-2,2.695349693E0
9.353328674E1,3.154028416E0,-2.247985601E-1,4.013727188E0
9.354128235E1,3.365494251E0,-5.507773161E-1,5.371704102E0
9.354921692E1,3.556194305E0,-7.734199762E-1,6.344810486E0
9.355709045E1,3.691230774E0,-7.792543173E-1,6.335727692E0
9.356499451E1,3.450778246E0,-7.747616768E-1,5.833288193E0
9.357289856E1,2.688704014E0,-6.037889719E-1,4.223855972E0
9.358089416E1,2.010564089E0,-3.787114620E-1,2.005127907E0
9.358879822E1,1.572209835E0,-2.025841475E-1,2.193479538E-1
9.359670227E1,1.231287599E0,4.963552952E-2,-7.924346924E-1
9.360466736E1,1.003861427E0,3.248424530E-1,-1.150507927E0
9.361257141E1,7.800285220E-1,5.488264561E-1,-1.329872131E0
9.362053650E1,6.036137342E-1,7.512993813E-1,-1.592283249E0
9.362850159E1,3.844535947E-1,8.832062483E-1,-2.025558472E0
9.363640564E1,2.112564445E-1,9.008302689E-1,-2.256036758E0
9.364430969E1,2.137642503E-1,7.482179403E-1,-2.253926754E0
9.365218323E1,3.181723356E-1,4.717053175E-1,-2.298952103E0
9.366017883E1,3.138747513E-1,1.698243618E-1,-2.534849644E0
9.366808288E1,1.078743637E-1,-1.849471331E-1,-2.818386555E0
9.367598694E1,-1.133825481E-1,-3.375093937E-1,-3.006058693E0
9.368389099E1,-3.975823820E-1,-5.119861364E-1,-3.442378044E0
9.369179504E1,-2.015125304E-1,-9.125311375E-1,-3.605384827E0
9.369976013E1,-8.702780604E-1,-6.955854893E-1,-3.313446999E0
9.370772522E1,-6.058906317E-1,-9.332140684E-1,-3.245894909E0
9.371562927E1,1.678451896E-1,-7.810556889E-2,-1.353145599E0
9.372353332E1,-1.431125879E0,-9.420298338E-1,-3.233124256E0
9.373146790E1,-2.799688578E-1,-3.269513845E-1,-3.657718658E0
9.373946350E1,-3.624914587E-1,-4.522595406E-1,-3.670822620E0
9.374736755E1,-4.886374772E-1,4.521977901E-2,-3.690602779E0
9.375527161E1,-2.266241610E-1,2.675278187E-1,-3.601388931E0
9.376317566E1,4.412830621E-2,3.599401712E-1,-3.960598469E0
9.377111023E1,4.108378887E-1,5.259033442E-1,-4.416693687E0
9.377907532E1,2.930989563E-1,6.380139589E-1,-5.003874779E0
9.378697937E1,3.266294897E-1,7.703437805E-1,-5.426143169E0
9.379485290E1,3.113046885E-1,8.498551846E-1,-5.128951073E0
9.380275696E1,1.601992548E-1,9.196980000E-1,-4.280290604E0
9.381069153E1,-7.203456759E-2,9.818016291E-1,-3.328082085E0
9.381865662E1,2.429072559E-2,1.068947911E0,-2.245038509E0
9.382656067E1,1.292604506E-1,1.215303540E0,-1.265367508E0
9.383443420E1,9.119406343E-2,1.323740482E0,-1.489715576E-1
9.384233826E1,1.164778769E-1,1.407289624E0,7.456922531E-1
9.385024231E1,1.884055883E-1,1.428698897E0,1.001214981E0
9.385817688E1,1.344969869E-2,1.402329564E0,7.542161942E-1
9.386611145E1,-2.127358913E-1,1.441168189E0,3.927192688E-1
9.387401550E1,-4.701327085E-1,1.514631629E0,1.276636124E-1
9.388198059E1,-6.282872558E-1,1.657227755E0,1.016693115E-1
9.388988464E1,-7.079145908E-1,1.825861692E0,1.033267975E-1
9.389784973E1,-8.112066984E-1,1.757731557E0,-9.155845642E-2
9.390572327E1,-6.776599288E-1,1.749830961E0,-2.650642395E-2
9.391368835E1,-5.586854815E-1,1.692651272E0,4.290771484E-1
9.392159241E1,-5.855826735E-1,1.719664693E0,9.528636932E-1
9.392974060E1,-6.704157591E-1,1.571105361E0,1.401680946E0
9.393773621E1,-6.092724800E-1,1.442564368E0,1.816390038E0
9.394560974E1,-6.359146833E-1,1.288368940E0,2.181938171E0
9.395354431E1,-7.427641153E-1,1.089894652E0,2.767118454E0
9.396150940E1,-8.533732891E-1,9.234495163E-1,3.410129547E0
9.396938293E1,-8.398944139E-1,9.585849047E-1,3.931786537E0
9.397734802E1,-9.348224401E-1,1.291545868E0,4.078648567E0
9.398528259E1,-1.456979513E0,1.340458393E0,3.788887024E0
9.399318665E1,-1.513628602E0,1.172628045E0,2.946960449E0
9.400112122E1,-1.620128632E0,8.906792402E-1,2.299925804E0
9.400902527E1,-1.753468037E0,6.507003307E-1,1.725057602E0
9.401702087E1,-1.899134994E0,2.709476948E-1,1.461339951E0
9.402492493E1,-1.915785670E0,-8.291411400E-2,1.698770523E0
9.403279846E1,-1.772358179E0,-3.735834360E-1,2.376483917E0
9.404070251E1,-1.348843217E0,-6.616716385E-1,3.519914627E0
9.404863709E1,-8.108236790E-1,-8.262121081E-1,4.694220543E0
9.405660217E1,-5.186388493E-1,-8.098207116E-1,5.073211670E0
9.406450622E1,-1.506552696E-1,-7.559112906E-1,4.876136780E0
9.407237976E1,-1.304296255E-1,-6.494549513E-1,4.671885490E0
9.408028381E1,-4.025244713E-1,-5.409767628E-1,3.966423035E0
9.408818787E1,-6.285048723E-1,-5.052030087E-1,3.168264389E0
9.409618347E1,-9.607886672E-1,-4.635520577E-1,2.130935669E0
9.410405701E1,-1.295133829E0,-5.103319883E-1,1.040929794E0
9.411196106E1,-1.417707205E0,-5.484654307E-1,1.468925476E-1
9.411986511E1,-1.453286409E0,-5.933393836E-1,-7.754983902E-1
9.412776916E1,-1.403728485E0,-6.096421480E-1,-1.207714081E0
9.413573425E1,-1.113305211E0,-5.988922119E-1,-9.617233276E-1
9.414369934E1,-4.144007564E-1,-7.496960759E-1,-4.036121368E-1
9.415160339E1,-1.476809978E-1,-6.522648335E-1,3.348731995E-2
9.415947693E1,-1.438983083E-1,-3.566811085E-1,-9.591102600E-3
9.416738098E1,1.470775604E-1,-2.080290318E-1,-2.830247879E-1
9.417537659E1,4.281404018E-1,-8.083260059E-2,-1.030591011E0
9.418325012E1,6.968716979E-1,6.346082687E-2,-1.595960617E0
9.419118469E1,7.459339499E-1,2.624564171E-1,-2.180033684E0
9.419914978E1,7.717354894E-1,3.778079748E-1,-2.815732956E0
9.420702332E1,7.307954431E-1,4.566900730E-1,-3.543696880E0
9.421501892E1,7.434426546E-1,5.167305470E-1,-4.124502182E0
9.422292297E1,5.180841684E-1,5.526130199E-1,-4.615377903E0
9.423079651E1,3.384875059E-1,5.824916363E-1,-4.961713314E0
9.423873108E1,1.931236088E-1,5.156440735E-1,-5.312134743E0
9.424666565E1,1.717019379E-1,5.084239244E-1,-5.233464718E0
9.425460022E1,1.671538651E-1,4.425700903E-1,-4.771549702E0
9.426253479E1,5.795344114E-1,4.753804207E-1,-3.959914207E0
9.427043884E1,1.308542252E0,2.987782955E-1,-3.087781906E0
9.427840393E1,1.576803565E0,4.398984909E-1,-3.179666519E0
9.428633850E1,1.564881802E0,4.468729496E-1,-3.586213589E0
9.429433411E1,1.309255600E0,6.728886366E-1,-3.872157574E0
9.430223816E1,8.535391092E-1,1.085232615E0,-3.984881401E0
9.431014221E1,7.678734064E-1,1.322710872E0,-4.618624210E0
9.431810730E1,7.238070369E-1,1.347140074E0,-5.017339706E0
9.432598084E1,5.140407681E-1,1.545382977E0,-4.908595562E0
9.433397644E1,2.046371698E-1,1.590290904E0,-4.412962437E0
9.434194153E1,1.486542523E-1,1.609551668E0,-3.561441898E0
9.434984558E1,3.331043422E-1,1.567877531E0,-2.321065903E0
9.435771912E1,4.155590832E-1,1.608219504E0,-7.058286667E-1
9.436565369E1,5.353628993E-1,1.630171895E0,8.248615265E-1
9.437361877E1,7.496877909E-1,1.641931891E0,2.113521576E0
9.438152283E1,1.102068663E0,1.671426773E0,3.014950752E0
9.438939636E1,1.188562870E0,1.724091887E0,3.254474640E0
9.439730042E1,1.226819634E0,1.711773157E0,2.792116165E0
9.440520447E1,1.194004536E0,1.574506283E0,1.954065323E0
9.441316956E1,9.084800482E-1,1.594430208E0,1.523407936E0
9.442107361E1,5.343375802E-1,1.666267276E0,1.202000618E0
9.442897766E1,3.779455125E-1,1.713809609E0,9.666967392E-1
9.443688171E1,1.760691702E-1,1.656919718E0,9.935941696E-1
9.444481628E1,1.011130214E-1,1.610453606E0,1.095142365E0
9.445278137E1,2.666662633E-1,1.414039969E0,1.367481232E0
9.446074646E1,3.801567852E-1,1.176920176E0,1.623755455E0
9.446862000E1,6.040014029E-1,1.110475302E0,2.025123596E0
9.447652405E1,9.948917627E-1,1.405714393E0,2.844642639E0
9.448442810E1,1.212375402E0,1.746049523E0,3.644259453E0
9.449239319E1,1.507133365E0,1.798932076E0,4.259899139E0
9.450029724E1,1.940688610E0,1.958193541E0,4.072154045E0
9.450820129E1,2.160234451E0,1.529516101E0,3.653818130E0
9.451607483E1,2.223850012E0,1.025208235E0,3.657702446E0
9.452400940E1,2.054134130E0,4.703828096E-1,4.238637924E0
9.453197449E1,1.585032940E0,1.320493221E-2,5.204043388E0
9.453987854E1,1.235292912E0,-2.785105705E-1,5.702195168E0
9.454775208E1,9.241358638E-1,-5.592632294E-1,5.650008202E0
9.455565613E1,6.590720415E-1,-6.060380936E-1,4.943002701E0
9.456356018E1,5.403560400E-1,-5.613739491E-1,4.121761322E0
9.457152527E1,4.184283018E-1,-3.276336193E-1,3.401381493E0
9.457942932E1,3.608498573E-1,-1.182402372E-1,2.204487801E0
9.458730286E1,3.670975566E-1,7.422471046E-2,1.055028915E0
9.459520691E1,2.558674216E-1,2.302604914E-1,3.112068176E-1
9.460314148E1,1.760532856E-1,4.101064205E-1,-2.496471405E-1
9.461110657E1,9.677898884E-2,5.847420692E-1,-5.246276855E-1
9.461901062E1,2.520350218E-1,5.973166227E-1,-8.181838989E-1
9.462688416E1,4.840184450E-1,5.008519888E-1,-1.098228455E0
9.463478821E1,6.735551357E-1,4.072575569E-1,-1.397861481E0
9.464272278E1,9.652971029E-1,2.408124208E-1,-1.693109512E0
9.465068787E1,1.280069828E0,1.446831226E-2,-1.988473415E0
9.465862244E1,1.241854668E0,-1.423370838E-1,-1.613611221E0
9.466652649E1,1.198987365E0,-1.240698099E-1,-1.389654160E0
9.467449158E1,9.107415676E-1,-1.451935768E-1,-1.692113876E0
9.468239563E1,7.027813196E-1,-6.618344784E-2,-1.960881233E0
9.469036072E1,5.134465694E-1,-7.567310333E-2,-2.339920521E0
9.469826477E1,3.461371362E-1,-4.127180576E-2,-2.999020100E0
9.470619934E1,1.886631548E-1,-7.106399536E-2,-3.709983826E0
9.471413391E1,9.783469141E-2,-2.068588734E-1,-4.312761784E0
9.472203796E1,-2.504092455E-2,-2.398083210E-1,-4.833877563E0
9.473000305E1,-2.842520177E-1,-1.149667501E-1,-4.737430573E0
9.473796814E1,-4.548524022E-1,7.293546200E-2,-4.571649551E0
9.474587219E1,-8.040763736E-1,3.427259922E-1,-4.618885517E0
9.475377625E1,-9.881998897E-1,5.573121309E-1,-4.450378418E0
9.476171082E1,-6.511132121E-1,6.155983210E-1,-4.630997181E0
9.476967590E1,-1.404925734E-1,6.236722469E-1,-4.384818077E0
9.477757996E1,2.654234469E-1,6.023503542E-1,-3.946743488E0
9.478545349E1,7.338589430E-1,5.672360659E-1,-3.426639557E0
9.479332703E1,1.079286814E0,7.049094439E-1,-3.066035271E0
9.480126160E1,1.057195306E0,9.982656240E-1,-2.649703026E0
9.480922668E1,7.215242386E-1,1.108911276E0,-2.314263821E0
9.481713074E1,7.368453145E-1,1.254041910E0,-2.373022079E0
9.482500427E1,5.418084264E-1,1.295426965E0,-2.383543491E0
9.483290832E1,2.943286300E-2,1.367175579E0,-2.082968235E0
9.484090393E1,-5.360338092E-1,1.447375655E0,-1.629758835E0
9.484893005E1,-7.971504331E-1,1.338246107E0,-1.064484596E0
9.485686462E1,-8.927997947E-1,1.276037097E0,-6.671714783E-1
9.486486023E1,-9.559799433E-1,1.160921812E0,1.178750992E-1
9.487276428E1,-7.927757502E-1,1.094761133E0,1.264529228E0
9.488069885E1,-6.185659170E-1,9.594861269E-1,2.371125221E0
9.488866394E1,-4.758589864E-1,7.233544588E-1,3.296785355E0
9.489656799E1,-3.261942565E-1,5.585445166E-1,4.022717476E0
9.490444153E1,-4.397268593E-1,5.538214445E-1,3.931826591E0
9.491234558E1,-4.753738046E-1,7.339812517E-1,3.993062973E0
9.492024963E1,-5.998525620E-1,8.271948099E-1,3.971215248E0
9.492824524E1,-4.903635979E-1,9.108593464E-1,3.722062111E0
9.493630188E1,-5.169709325E-1,9.487187862E-1,3.278786659E0
9.494423645E1,-4.568481445E-1,9.549118280E-1,2.954147339E0
9.495214050E1,-3.508027792E-1,8.923187256E-1,2.412811279E0
9.496007507E1,-1.642851233E-1,8.491348028E-1,2.312874794E0
9.496804016E1,-4.257004261E-1,7.584077120E-1,2.385645866E0
9.497594421E1,-7.344163656E-1,5.176808834E-1,2.462107658E0
9.498384827E1,-9.738267064E-1,2.943730354E-1,2.547707558E0
9.499175232E1,-1.225824594E0,-1.172970533E-1,2.841824532E0
9.499968689E1,-1.459304094E0,-5.748065114E-1,3.478900909E0
9.500765198E1,-1.516932249E0,-9.390823841E-1,4.104847908E0
9.501555603E1,-1.364631057E0,-1.381194472E0,4.503802299E0
9.502342956E1,-1.156589508E0,-1.623864293E0,5.048875809E0
9.503139465E1,-1.105780482E0,-1.615547180E0,5.435223579E0
9.503932922E1,-9.147054553E-1,-1.525843501E0,5.466520309E0
9.504729431E1,-7.914410830E-1,-1.231813312E0,4.968281746E0
9.505519836E1,-8.399657607E-1,-8.673609495E-1,4.070505142E0
9.506307190E1,-8.253247142E-1,-6.327669024E-1,2.982190132E0
9.507097595E1,-8.870663047E-1,-4.020364285E-1,1.562525749E0
9.507891052E1,-1.053711891E0,-1.181648970E-1,-1.399869919E-1
9.508687561E1,-1.007159829E0,6.580519676E-2,-1.594727516E0
9.509477966E1,-1.062636733E0,1.702642441E-1,-2.577533245E0
9.510265320E1,-1.055885315E0,2.526373863E-1,-3.247458458E0
9.511055725E1,-1.119018316E0,3.013849258E-1,-3.428061962E0
9.511846130E1,-1.072673082E0,3.410321474E-1,-3.101304531E0
9.512642639E1,-9.720363021E-1,3.166996241E-1,-2.285652161E0
9.513433044E1,-8.695471883E-1,3.158173561E-1,-1.541152000E0
9.514226501E1,-7.416445017E-1,2.377427816E-1,-1.278601646E0
9.515016907E1,-5.618705153E-1,1.617152691E-1,-1.193024635E0
9.515807312E1,-5.178114176E-1,1.615844965E-1,-1.369956970E0
9.516603821E1,-6.070508957E-1,3.067871332E-1,-1.804374218E0
9.517397278E1,-6.639749408E-1,4.526048899E-1,-2.305075169E0
9.518190735E1,-6.188848019E-1,5.373589993E-1,-3.140294075E0
9.518981140E1,-5.551066399E-1,5.473954678E-1,-4.049154282E0
9.519774597E1,-6.007914543E-1,5.987696648E-1,-4.694715977E0
9.520571106E1,-6.459588408E-1,5.710837841E-1,-4.955566406E0
9.521361511E1,-7.004214525E-1,4.867930412E-1,-5.193120003E0
9.522148865E1,-6.549535990E-1,3.354790211E-1,-5.419367790E0
9.522939270E1,-6.203472614E-1,2.288237810E-1,-5.443270206E0
9.523729675E1,-4.338153005E-1,6.221473217E-2,-5.094772339E0
9.524526184E1,-3.293994665E-1,-8.261454105E-2,-4.572523594E0
9.525319641E1,-9.347140789E-2,-8.656060696E-2,-4.041577339E0
9.526110046E1,1.111871600E-1,-1.077086926E-1,-3.565875053E0
9.526906555E1,3.694301844E-1,4.416644573E-2,-2.857790947E0
9.527700012E1,5.150537491E-1,3.172821999E-1,-1.931369305E0
9.528496521E1,5.546872020E-1,6.005160809E-1,-1.295978546E0
9.529286926E1,5.524781942E-1,7.971615791E-1,-1.359878540E0
9.530077332E1,5.226044655E-1,9.531321526E-1,-1.981963158E0
9.530867737E1,5.421648026E-1,1.132533073E0,-2.619062901E0
9.531661194E1,4.659546018E-1,1.352635860E0,-2.977160454E0
9.532457703E1,4.567411840E-1,1.545195580E0,-3.040432930E0
9.533248108E1,5.732730627E-1,1.626246333E0,-2.632084370E0
9.534038513E1,7.368433475E-1,1.593000412E0,-2.085272312E0
9.534835022E1,7.120340466E-1,1.432420731E0,-1.407041550E0
9.535622376E1,8.289200068E-1,1.380924940E0,-4.177551270E-1
9.536421936E1,7.500416040E-1,1.264918447E0,8.994655609E-1
9.537218445E1,4.798530042E-1,1.107795954E0,1.831621170E0
9.538005798E1,2.084754705E-1,1.072718620E0,2.424925804E0
9.538802307E1,2.517369390E-2,1.079973578E0,2.818095207E0
9.539592712E1,1.358802170E-1,1.101733685E0,3.051783562E0
9.540389221E1,3.279058635E-1,1.013675690E0,3.009226799E0
9.541185730E1,4.940667748E-1,9.353173971E-1,2.478474617E0
9.541976135E1,5.163092613E-1,9.443253279E-1,1.974044800E0
9.542766540E1,3.468503356E-1,9.610884190E-1,1.545390129E0
9.543563049E1,1.692088842E-1,9.618307352E-1,1.254688263E0
9.544359558E1,1.755875647E-1,9.712965488E-1,1.032345772E0
9.545156067E1,3.789632022E-1,9.339253902E-1,1.179174423E0
9.545943420E1,7.583781481E-1,1.185943961E0,1.690614700E0
9.546733826E1,1.202867150E0,1.619147658E0,2.283886909E0
9.547524231E1,1.582154155E0,1.833067894E0,2.749498367E0
9.548320740E1,2.066965580E0,1.973550677E0,2.853403091E0
9.549114197E1,2.195414305E0,1.772379041E0,2.925883293E0
9.549907654E1,2.168368101E0,1.421021581E0,3.445474625E0
9.550698059E1,1.863270283E0,1.001612306E0,4.476405144E0
9.551491516E1,1.535968304E0,5.576536655E-1,5.602013588E0
9.552288025E1,1.174624205E0,1.159281731E-1,6.143351555E0
9.553078430E1,8.642093539E-1,-1.325054169E-1,6.275762558E0
9.553865784E1,5.759240985E-1,-1.941281557E-1,5.770263672E0
9.554656189E1,3.922005892E-1,-1.319404840E-1,4.646038055E0
9.555446594E1,4.842622876E-1,-9.693551064E-2,3.418603897E0
9.556246155E1,7.047557831E-1,-2.319097519E-2,1.852733612E0
9.557036560E1,8.646110296E-1,4.702222347E-2,3.595275879E-1
9.557826965E1,9.196929336E-1,7.305479050E-2,-6.239480972E-1
9.558617371E1,9.343897104E-1,4.118359089E-2,-1.447930336E0
9.559407776E1,7.804012299E-1,2.711606026E-2,-2.031353474E0
9.560207336E1,7.018964291E-1,-2.082943916E-2,-2.324577808E0
9.561000793E1,6.421430111E-1,-1.013933420E-1,-2.410984039E0
9.561791199E1,4.001248777E-1,-2.525167465E-1,-2.336007595E0
9.562587708E1,2.934034765E-1,-3.247287273E-1,-1.992454529E0
9.563378113E1,1.488094628E-1,-4.678452015E-1,-1.609457016E0
9.564174622E1,-1.953104138E-2,-5.581672192E-1,-1.339900970E0
9.564971130E1,-8.635208011E-2,-6.310526133E-1,-1.343414307E0
9.565761536E1,-1.466122866E-1,-6.419643760E-1,-1.514482498E0
9.566558044E1,-3.304988742E-1,-5.578546524E-1,-1.905727863E0
9.567351501E1,-4.240205884E-1,-5.501437783E-1,-2.794673443E0
9.568148010E1,-8.178405762E-1,-3.014909029E-1,-2.756586075E0
9.568938416E1,-2.006828338E-1,-4.468186498E-1,-3.549257755E0
9.569725769E1,-4.502181411E-1,1.369738579E-2,-3.653783321E0
9.570516174E1,-3.392652273E-1,-1.149481535E-1,-4.370929241E0
9.571306580E1,-3.301907480E-1,3.923785686E-2,-4.678046227E0
9.572106140E1,-3.754637539E-1,5.867993832E-2,-4.257395267E0
9.572893494E1,-3.571613729E-1,1.219806671E-1,-3.463295460E0
9.573683899E1,-2.912974954E-1,2.190204859E-1,-2.529847622E0
9.574480408E1,6.789249182E-2,3.582657576E-1,-1.382669449E0
9.575267761E1,2.431158423E-1,5.762710571E-1,-1.197967529E-1
9.576064270E1,2.014884651E-1,8.475968838E-1,1.244551659E0
9.576854675E1,2.839265764E-1,1.201131225E0,1.851442337E0
9.577645081E1,3.675263524E-1,1.447002530E0,1.524562836E0
9.578432434E1,4.069169462E-1,1.458071947E0,6.706094742E-1
9.579225891E1,2.976437509E-1,1.550689578E0,-1.036527634E0
9.580025452E1,9.700718522E-2,1.581049562E0,-3.055357456E0
9.580818909E1,-4.793444276E-2,1.684333444E0,-4.586987495E0
9.581609314E1,-1.647164673E-1,1.835004926E0,-5.295146942E0
9.582399719E1,-2.460112572E-1,1.757439017E0,-5.692895889E0
9.583193176E1,-3.051269948E-1,1.612377405E0,-5.387992859E0
9.583989685E1,-3.721145391E-1,1.577484846E0,-4.363273144E0
9.584783142E1,-4.190292954E-1,1.407512069E0,-2.764299393E0
9.585579651E1,1.548746079E-1,1.120221853E0,-6.504306793E-1
9.586373108E1,4.608379602E-1,9.455299377E-1,1.483409882E0
9.587166565E1,6.219946146E-1,1.052086115E0,3.320292473E0
9.587969177E1,5.189793110E-1,1.166654110E0,4.849294662E0
9.588759582E1,3.796981573E-1,1.276833653E0,5.432826042E0
9.589549988E1,3.021039367E-1,1.222281694E0,4.850656509E0
9.590343445E1,2.933989763E-1,1.200997353E0,3.647161484E0
9.591133850E1,2.468237579E-1,1.194073081E0,2.225494385E0
9.591930359E1,2.182596624E-1,1.173052669E0,1.310177803E0
9.592736023E1,1.111424491E-1,1.093640924E0,9.330730438E-1
9.593523376E1,2.903893590E-2,8.989195824E-1,7.607555389E-1
9.594313782E1,-1.552141011E-1,6.285923719E-1,9.599666595E-1
9.595104187E1,-2.077248245E-1,4.462176561E-1,1.769006729E0
9.595903748E1,-1.990240961E-1,2.858392000E-1,2.537645340E0
9.596694153E1,2.052253485E-2,2.770307064E-1,3.103840828E0
9.597484558E1,3.534078598E-2,4.676640034E-1,3.231395721E0
9.598271912E1,-9.091752768E-2,5.847585201E-1,3.263591766E0
9.599065369E1,-5.569577217E-3,4.390512705E-1,3.223049164E0
9.599861877E1,-1.372737288E-1,3.234945536E-1,2.978513718E0
9.600652283E1,-4.787398875E-1,2.257385254E-1,2.580792427E0
9.601439636E1,-6.382499933E-1,2.625197172E-1,2.205101013E0
9.602226990E1,-6.178770661E-1,1.902372837E-1,1.763734818E0
9.603011907E1,-5.022225380E-1,1.265923977E-1,1.293931007E0
9.603811467E1,-3.666079044E-1,-2.136230469E-4,8.510913849E-1
9.604598821E1,-3.009046912E-1,-1.254556179E-1,4.727563858E-1
9.605389226E1,-2.913547754E-1,-2.010928392E-1,-1.906013489E-2
9.606185735E1,-3.099099398E-1,-2.904287577E-1,7.566738129E-2
9.606979192E1,-4.894933105E-1,-3.168042898E-1,4.139289856E-1
9.607778752E1,-6.991317868E-1,-4.007251263E-1,5.227355957E-1
9.608569158E1,-8.882223368E-1,-5.468968153E-1,3.536539078E-1
9.609359563E1,-1.091717362E0,-7.471946478E-1,1.275167465E-1
9.610149968E1,-1.143205047E0,-8.152999878E-1,1.937484741E-1
9.610943425E1,-1.087220073E0,-8.317970634E-1,7.556705475E-1
9.611742986E1,-9.038573503E-1,-7.931182981E-1,1.226854324E0
9.612530339E1,-6.609504223E-1,-7.459338307E-1,1.260734558E0
9.613323796E1,-4.609842896E-1,-6.309662461E-1,1.077813148E0
9.614114202E1,-2.622544467E-1,-4.260038137E-1,5.082435608E-1
9.614913762E1,8.182266355E-2,-2.562830448E-1,-1.292114258E-1
9.615710271E1,3.852515221E-1,-5.028402805E-2,-8.111476898E-1
9.616497624E1,5.056246519E-1,2.116720676E-1,-1.530682564E0
9.617291081E1,5.836455226E-1,4.497270584E-1,-2.391426563E0
9.618081487E1,6.363952160E-1,6.593540907E-1,-3.041848660E0
9.618874944E1,6.645480394E-1,7.375482321E-1,-3.424865246E0
9.619671452E1,7.052760124E-1,7.599048615E-1,-3.681316376E0
9.620461858E1,7.042350769E-1,7.609325647E-1,-4.023929596E0
9.621249211E1,5.995583534E-1,7.095173597E-1,-4.466644764E0
9.622039617E1,4.048953056E-1,6.634199619E-1,-4.827466011E0
9.622830022E1,2.790234685E-1,6.091045141E-1,-4.982017517E0
9.623626531E1,6.175006554E-2,5.143446922E-1,-4.803597927E0
9.624416936E1,6.593673676E-2,5.007286072E-1,-4.476506710E0
9.625204289E1,2.258545160E-1,4.417073727E-1,-4.199181080E0
9.625991643E1,3.835116029E-1,4.132791758E-1,-3.925724983E0
9.626785100E1,4.132693410E-1,4.106737375E-1,-3.804572105E0
9.627584661E1,4.187002778E-1,4.807630777E-1,-3.998085976E0
9.628375066E1,3.953636587E-1,6.575325727E-1,-4.090012074E0
9.629168523E1,2.594183981E-1,8.165819645E-1,-4.262683392E0
9.629961980E1,2.407729924E-1,1.045761228E0,-4.413383484E0
9.630755437E1,2.019918859E-1,1.290680885E0,-4.540118694E0
9.631551946E1,2.621704638E-1,1.501266003E0,-4.312849998E0
9.632342351E1,4.034502506E-1,1.715490103E0,-3.614865780E0
9.633129704E1,4.417483807E-1,1.798846722E0,-2.563459396E0
9.633917058E1,4.533180594E-1,1.731728911E0,-9.143486023E-1
9.634710515E1,5.125333071E-1,1.788175464E0,6.048202515E-1
9.635507024E1,5.747171044E-1,1.720798135E0,2.064208984E0
9.636294377E1,3.783488870E-1,1.658353806E0,3.016690254E0
9.637084783E1,2.428005338E-1,1.604370594E0,3.587149620E0
9.637875188E1,1.641102433E-1,1.611331344E0,3.751898766E0
9.638665593E1,6.554549932E-2,1.602383733E0,3.576240540E0
9.639459050E1,1.161229014E-1,1.578777075E0,3.286085129E0
9.640246404E1,1.167246699E-1,1.568333268E0,2.900994301E0
9.641036809E1,2.153348923E-2,1.589122891E0,2.466564178E0
9.641833318E1,1.118195057E-2,1.603273511E0,1.905755043E0
9.642620671E1,3.331112862E-2,1.540419817E0,1.577275276E0
9.643420232E1,9.806078672E-2,1.497021198E0,1.429929733E0
9.644210637E1,1.825519204E-1,1.410083771E0,1.640906334E0
9.645001042E1,4.059374332E-1,1.263640285E0,2.253285408E0
9.645794499E1,7.109565735E-1,1.132533789E0,3.049484253E0
9.646587956E1,1.164848924E0,1.163203359E0,3.989595413E0
9.647384465E1,1.612746000E0,1.461451650E0,4.621601105E0
9.648174870E1,1.795791864E0,2.136262894E0,4.735260010E0
9.648965276E1,1.732609749E0,2.426377296E0,3.886071205E0
9.649755681E1,1.920713425E0,2.451985121E0,2.859367371E0
9.650549138E1,1.424411178E0,2.100394726E0,2.555292130E0
9.651348699E1,1.126988053E0,1.470878720E0,2.498230934E0
9.652139104E1,8.619122505E-1,6.518081427E-1,2.791955948E0
9.652932561E1,7.011915445E-1,-7.420778275E-3,3.567975044E0
9.653729070E1,4.334331751E-1,-7.157685757E-1,4.443402290E0
9.654516423E1,2.345405817E-1,-9.552686214E-1,5.034483910E0
9.655315984E1,1.100325584E-1,-1.040374994E0,4.998915672E0
9.656112492E1,2.134051323E-1,-1.019564629E0,4.206686020E0
9.656905950E1,3.486769199E-1,-9.754365683E-1,2.540257454E0
9.657702458E1,2.859357595E-1,-7.653955221E-1,7.795629501E-1
9.658489812E1,4.279562235E-1,-6.250442266E-1,-6.986179352E-1
9.659289372E1,4.116475582E-1,-5.138727427E-1,-1.369729996E0
9.660079778E1,3.117313385E-1,-3.696242571E-1,-1.593780041E0
9.660867131E1,2.144002914E-2,-3.121362925E-1,-1.616183281E0
9.661657536E1,-2.167693377E-1,-3.662872314E-1,-1.796643257E0
9.662447942E1,-3.502184749E-1,-5.627774000E-1,-2.156252384E0
9.663241399E1,-3.843104243E-1,-7.214548588E-1,-2.443601608E0
9.664031804E1,-1.328086853E-1,-9.758329988E-1,-2.425588131E0
9.664819158E1,-3.417384624E-2,-1.138889551E0,-2.260302544E0
9.665609563E1,-2.046486139E-1,-1.170003891E0,-2.164264679E0
9.666399968E1,-3.995130062E-1,-1.175929308E0,-2.089192867E0
9.667199529E1,-3.250671625E-1,-1.116599560E0,-2.182803631E0
9.667992986E1,-3.599160910E-1,-9.778256416E-1,-2.327724934E0
9.668783391E1,-4.635688066E-1,-7.586792111E-1,-2.480764866E0
9.669576848E1,-5.469390154E-1,-5.187261105E-1,-2.814149857E0
9.670364202E1,-7.438284755E-1,-4.791091681E-1,-3.347568035E0
9.671160710E1,-1.053208828E0,-4.472532272E-1,-4.045207024E0
9.671957219E1,-1.267237902E0,-3.387979269E-1,-4.574868202E0
9.672747624E1,-1.351076722E0,-1.465291977E-1,-4.547074318E0
9.673544133E1,-1.329790831E0,6.510472298E-2,-4.113168240E0
9.674337590E1,-1.237643242E0,2.588243484E-1,-3.909318924E0
9.675134099E1,-9.308325052E-1,4.895801544E-1,-3.633167267E0
9.675924504E1,-6.865614653E-1,5.526120663E-1,-3.298809528E0
9.676711858E1,-2.372170985E-1,7.466155291E-1,-2.630837917E0
9.677502263E1,2.149689794E-1,9.543622732E-1,-1.870829582E0
9.678289617E1,4.546344280E-1,1.154474139E0,-1.527950287E0
9.679089177E1,4.272477627E-1,1.359994650E0,-2.004163265E0
9.679882634E1,2.897515893E-1,1.393960595E0,-3.184060097E0
9.680676091E1,5.235226452E-2,1.548406124E0,-4.557414055E0
9.681466496E1,-2.360332310E-1,1.608128548E0,-5.457780361E0
9.682259954E1,-5.354422927E-1,1.583270788E0,-5.926961899E0
9.683056462E1,-8.478505015E-1,1.528534651E0,-5.724985600E0
9.683846868E1,-9.697693586E-1,1.343751907E0,-4.888000011E0
9.684640325E1,-8.513252735E-1,1.307154775E0,-3.842260361E0
9.685430730E1,-9.638527632E-1,1.120407224E0,-1.716209412E0
9.686224187E1,-6.046525240E-1,1.087930083E0,8.310956955E-1
9.687020696E1,-2.136265039E-1,1.065414786E0,3.009799957E0
9.687814153E1,3.760045767E-2,1.216513038E0,4.225222588E0
9.688607610E1,2.254451513E-1,1.272995353E0,4.581004143E0
9.689401067E1,9.182244539E-2,1.515433431E0,4.217075348E0
9.690194524E1,-5.824529529E-1,1.737172246E0,3.180686951E0
9.690991033E1,-6.730740070E-1,2.144723654E0,2.294184685E0
9.691781438E1,-1.001711369E0,2.095729351E0,1.477643013E0
9.692568791E1,-1.264226437E0,2.126787663E0,1.096640587E0
9.693359197E1,-1.417652726E0,1.912271380E0,1.288684845E0
9.694146550E1,-1.403332472E0,1.648897529E0,1.936578751E0
9.694943059E1,-1.337684631E0,1.448409796E0,2.827146530E0
9.695736516E1,-1.347550154E0,1.138904333E0,4.057852745E0
9.696523870E1,-1.406840086E0,1.108203769E0,5.184316635E0
9.697314275E1,-1.374092817E0,1.058606863E0,6.092337608E0
9.698107732E1,-1.256279111E0,1.276688457E0,6.215483665E0
9.698904241E1,-1.259511948E0,1.312911034E0,5.853796959E0
9.699694646E1,-1.539491534E0,1.151511669E0,4.588763237E0
9.700481999E1,-1.665057659E0,1.170000315E0,2.795402527E0
9.701269353E1,-1.783190131E0,9.429719448E-1,1.526419640E0
9.702062810E1,-1.649011254E0,6.142055988E-1,6.804428101E-1
9.702859319E1,-1.612065911E0,2.150096893E-1,7.944087982E-1
9.703658879E1,-1.326063871E0,-1.067450047E-1,1.461723328E0
9.704449285E1,-1.035621047E0,-5.338269472E-1,2.229128838E0
9.705239690E1,-8.956937790E-1,-1.005143046E0,3.128298759E0
9.706033147E1,-1.003330946E0,-1.357068419E0,3.764653206E0
9.706829656E1,-1.094420552E0,-1.612247348E0,3.731628418E0
9.707620061E1,-1.064439297E0,-1.814404845E0,3.376744270E0
9.708407414E1,-1.099715590E0,-1.841586113E0,2.818910599E0
9.709197820E1,-1.053025603E0,-1.794291496E0,2.406776428E0
9.709988225E1,-1.087742567E0,-1.644313455E0,2.080365181E0
9.710787786E1,-9.972842932E-1,-1.416958451E0,1.547476768E0
9.711578191E1,-7.479134798E-1,-1.183591604E0,7.338571548E-1
9.712368596E1,-5.196404457E-1,-9.323844314E-1,-2.681865692E-1
9.713155950E1,-4.122560024E-1,-7.028887868E-1,-1.043082237E0
9.713949407E1,-2.311829329E-1,-4.677221775E-1,-1.874050140E0
9.714745915E1,-4.752099514E-2,-2.659966946E-1,-2.545997143E0
9.715536321E1,3.762972355E-2,-1.409484148E-1,-3.174421310E0
9.716323674E1,3.507645130E-1,-3.003990650E-2,-3.631606579E0
9.717114079E1,4.106044173E-1,-2.492666245E-4,-3.850392818E0
9.717904485E1,5.406980515E-1,5.111432076E-2,-4.064776421E0
9.718704045E1,5.045635700E-1,-2.594792843E-2,-4.159328461E0
9.719494451E1,4.324579239E-1,1.546359062E-2,-4.665268421E0
9.720281804E1,3.275136054E-1,-1.088488102E-2,-5.206626415E0
9.721072209E1,3.003944457E-1,8.984684944E-3,-5.367121220E0
9.721862615E1,3.648714423E-1,6.329345703E-2,-5.058410168E0
9.722659123E1,5.019996166E-1,6.411123276E-2,-4.416933060E0
9.723455632E1,5.787073374E-1,4.077208042E-2,-4.038010597E0
9.724242986E1,9.212248325E-1,2.978479862E-2,-3.604707241E0
9.725030339E1,1.076166272E0,1.486113071E-1,-2.530597687E0
9.725823796E1,1.208918452E0,4.592361450E-1,-1.799509525E0
9.726620305E1,1.272815585E0,6.014900208E-1,-1.484699249E0
9.727407658E1,1.160650253E0,7.826440334E-1,-2.031761169E0
9.728201116E1,8.999997377E-1,1.007551432E0,-3.198812962E0
9.728997624E1,7.422417998E-1,1.202942371E0,-4.605103970E0
9.729784978E1,5.431404114E-1,1.298108459E0,-5.416779041E0
9.730584538E1,3.684307039E-1,1.322472215E0,-5.733184814E0
9.731374944E1,3.605852127E-1,1.302304745E0,-5.318450451E0
9.732165349E1,3.197376132E-1,1.296451688E0,-4.194079399E0
9.732955754E1,3.841704726E-1,1.186331272E0,-2.798826218E0
9.733746160E1,6.541662216E-1,1.171716094E0,-9.042816162E-1
9.734542668E1,7.632684112E-1,1.174838185E0,7.454853058E-1
9.735333074E1,8.513224721E-1,1.248331666E0,1.990701675E0
9.736126531E1,7.460033894E-1,1.375516176E0,3.337146759E0
9.736923039E1,5.856882930E-1,1.456123829E0,4.131758690E0
9.737710393E1,5.476842523E-1,1.562106133E0,4.277760506E0
9.738509954E1,4.665925503E-1,1.673093557E0,3.918238640E0
9.739300359E1,4.171163440E-1,1.778471231E0,3.309372902E0
9.740087712E1,1.307349205E-1,1.836308241E0,2.805037498E0
9.740878118E1,-6.701236963E-2,1.840305209E0,2.372860909E0
9.741671575E1,-1.650430560E-1,1.786368012E0,1.871212006E0
9.742468083E1,-2.095690370E-1,1.664998293E0,1.421868324E0
9.743264592E1,-2.073740959E-1,1.509105921E0,1.220318794E0
9.744051946E1,-1.318439841E-1,1.307444811E0,9.950275421E-1
9.744842351E1,2.131274939E-1,1.122250795E0,8.924713135E-1
9.745632756E1,4.946655631E-1,1.017024517E0,1.182892799E0
9.746432317E1,9.792028069E-1,1.143977880E0,1.745929718E0
9.747222722E1,1.523514271E0,1.448358059E0,2.537514687E0
9.748010076E1,1.964126348E0,1.997628927E0,3.414944649E0
9.748800481E1,2.608568192E0,2.139678001E0,3.556653023E0
9.749590886E1,2.859090328E0,2.224481344E0,2.979559898E0
9.750390447E1,2.609978199E0,1.936068296E0,2.927482605E0
9.751183904E1,2.178771496E0,1.516046286E0,3.326794624E0
9.751974309E1,1.752936959E0,8.181009293E-1,3.822979927E0
9.752770818E1,1.416596055E0,3.115386963E-1,4.341429710E0
9.753558171E1,8.520953655E-1,-9.672570229E-2,4.456832886E0
9.754357732E1,5.794390440E-1,-3.399988413E-1,4.177330971E0
9.755151189E1,4.806622267E-1,-6.173757315E-1,3.037630081E0
9.755938542E1,5.561064482E-1,-7.913113832E-1,1.763173103E0
9.756728948E1,6.102149487E-1,-9.677624702E-1,3.103685379E-1
9.757519353E1,6.811696291E-1,-1.044028521E0,-1.065355301E0
9.758315862E1,7.194124460E-1,-1.029452085E0,-2.048934460E0
9.759106267E1,9.280095100E-1,-9.137026072E-1,-2.933449745E0
9.759899724E1,9.819394946E-1,-7.105454206E-1,-3.275226116E0
9.760693181E1,8.657533526E-1,-4.785631895E-1,-3.286968708E0
9.761486638E1,7.063063979E-1,-2.593204975E-1,-3.225065708E0
9.762283147E1,5.819089413E-1,-9.104657173E-2,-3.270708561E0
9.763073552E1,5.637114048E-1,-5.353975296E-2,-3.316179276E0
9.763860906E1,6.096791625E-1,-5.806779861E-2,-3.115588665E0
9.764651311E1,5.810647607E-1,-1.500482559E-1,-2.892950535E0
9.765441716E1,4.428321123E-1,-3.728544712E-1,-2.834323883E0
9.766241277E1,3.576805592E-1,-6.394511461E-1,-2.783593178E0
9.767031682E1,2.268147469E-1,-7.996498346E-1,-2.735362530E0
9.767819036E1,-2.082392573E-1,-7.573513985E-1,-2.291920662E0
9.768609441E1,-4.179385602E-1,-6.398895979E-1,-1.757432461E0
9.769396794E1,-3.699063063E-1,-5.924770832E-1,-1.645809174E0
9.770196355E1,-2.632454932E-1,-5.612841845E-1,-1.893967628E0
9.770986760E1,5.790638924E-2,-4.309718609E-1,-2.200459480E0
9.771774114E1,1.854870915E-1,-2.288491726E-1,-2.634732246E0
9.772567571E1,2.317502499E-1,-1.294040680E-2,-3.165372372E0
9.773357976E1,1.712894440E-1,2.360452414E-1,-3.543777466E0
9.774154485E1,-1.397774816E-1,5.280988216E-1,-3.631387234E0
9.774950994E1,-5.600894690E-1,7.625784874E-1,-3.863653183E0
9.775738347E1,-8.590044975E-1,8.224692345E-1,-4.188275814E0
9.776528752E1,-8.234131336E-1,8.816616535E-1,-3.890014648E0
9.777322209E1,-6.912151575E-1,9.657464027E-1,-2.579611778E0
9.778121770E1,-2.767220438E-1,1.162027597E0,-1.171423912E0
9.778912175E1,-2.726086974E-2,1.338597536E0,-8.875465393E-2
9.779702580E1,4.905462265E-2,1.499483228E0,5.831623077E-1
9.780499089E1,-6.630390882E-3,1.584129214E0,5.145711899E-1
9.781292546E1,-1.059912369E-1,1.620837569E0,1.805095673E-1
9.782089055E1,-1.607261002E-1,1.557587862E0,-2.401800156E-1
9.782876408E1,-2.028990686E-1,1.615332484E0,-7.165117264E-1
9.783669866E1,-3.618070483E-1,1.538837790E0,-1.277469635E0
9.784460271E1,-3.272909224E-1,1.599619508E0,-1.517131805E0
9.785250676E1,-3.146767020E-1,1.630634069E0,-1.338210106E0
9.786047185E1,-4.125037789E-1,1.720778942E0,-8.374509811E-1
9.786834538E1,-4.700911045E-1,1.727308989E0,-1.628856659E-1
9.787624944E1,-4.727451205E-1,1.734169006E0,5.340347290E-1
9.788415349E1,-2.384151369E-1,1.600590706E0,1.100605965E0
9.789208806E1,2.112203836E-2,1.580820799E0,2.162078857E0
9.790005315E1,5.121862888E-2,1.592063785E0,3.296973228E0
9.790795720E1,-3.321111202E-3,1.645829201E0,4.309917450E0
9.791592229E1,3.890173137E-2,1.565570951E0,4.595858574E0
9.792385686E1,-2.405771613E-2,1.393866658E0,4.342415810E0
9.793176091E1,-2.567690015E-1,1.074940443E0,3.860190392E0
9.793975652E1,-1.246238649E-1,1.095120549E0,3.376231194E0
9.794763005E1,-5.549242496E-1,6.714421511E-1,2.932812691E0
9.795556462E1,-6.655284166E-1,6.090501547E-1,2.924376488E0
9.796352971E1,-7.028301954E-1,4.778417349E-1,3.056173325E0
9.797140325E1,-5.801119208E-1,6.021019220E-1,3.081304550E0
9.797939885E1,-6.061427593E-1,7.986956835E-1,2.725051880E0
9.798736394E1,-5.898171663E-1,6.091532707E-1,2.133646011E0
9.799529851E1,-5.637197495E-1,4.224580526E-1,1.463157654E0
9.800326360E1,-7.604929209E-1,2.058899403E-1,1.257100105E0
9.801116765E1,-8.624619842E-1,-8.751213551E-2,1.046866417E0
9.801916326E1,-8.328258991E-1,-3.290830851E-1,9.689874649E-1
9.802703679E1,-6.433490515E-1,-6.863211393E-1,1.351012230E0
9.803497136E1,-4.962188303E-1,-9.035065770E-1,2.002882957E0
9.804293645E1,-4.850645065E-1,-1.000250340E0,2.380979538E0
9.805087102E1,-3.325337470E-1,-9.830613136E-1,2.465714455E0
9.805883611E1,-2.029773593E-1,-8.582570553E-1,2.068494797E0
9.806674016E1,-2.335817218E-1,-7.503805161E-1,1.495995522E0
9.807464421E1,-3.765051663E-1,-6.106929779E-1,1.019310951E0
9.808254826E1,-5.587254763E-1,-3.813267946E-1,3.515777588E-1
9.809048284E1,-7.091932297E-1,-1.879487038E-1,-5.237464905E-1
9.809847844E1,-8.213009238E-1,-1.333720684E-1,-1.359981537E0
9.810638249E1,-9.501187801E-1,-2.037421465E-1,-1.844373703E0
9.811434758E1,-1.062624216E0,-2.586895227E-1,-1.781337261E0
9.812225163E1,-9.442678690E-1,-2.626347542E-1,-1.409366608E0
9.813018620E1,-9.237741232E-1,-2.552452087E-1,-1.017674446E0
9.813818181E1,-9.495924711E-1,-1.432294846E-1,-5.251436234E-1
9.814605535E1,-6.836183071E-1,-1.892474890E-1,-5.026721954E-2
9.815398992E1,-3.252338767E-1,-1.852475405E-1,4.148712158E-1
9.816195500E1,1.559865922E-1,-3.332591057E-2,6.386432648E-1
9.816988957E1,4.526449442E-1,7.259726524E-2,7.579383850E-1
9.817785466E1,6.608703732E-1,2.757067680E-1,6.103553772E-1
9.818578923E1,5.851265192E-1,4.783747196E-1,-1.404190063E-2
9.819369329E1,6.115412712E-1,6.526545286E-1,-9.957504272E-1
9.820159734E1,7.207844257E-1,7.752526999E-1,-2.328042507E0
9.820953191E1,7.154815197E-1,8.681554794E-1,-3.670665264E0
9.821749700E1,6.704084873E-1,9.885035753E-1,-4.794597149E0
9.822540105E1,6.978356838E-1,9.336533546E-1,-5.618765831E0
9.823327458E1,7.228434682E-1,8.461599350E-1,-6.280131340E0
9.824117864E1,6.530972719E-1,7.162224054E-1,-6.599466324E0
9.824908269E1,6.158934832E-1,7.311176062E-1,-6.510261536E0
9.825704778E1,6.519147158E-1,7.877650261E-1,-5.924054146E0
9.826501286E1,1.135786176E0,8.355529308E-1,-4.730717659E0
9.827291692E1,1.493568182E0,8.862930536E-1,-3.545202732E0
9.828082097E1,1.719436526E0,9.986791611E-1,-2.574716091E0
9.828875554E1,2.174765110E0,1.203170419E0,-1.634330750E0
9.829672063E1,2.075942039E0,1.353417277E0,-1.316991806E0
9.830462468E1,1.670882583E0,1.682059765E0,-1.328452110E0
9.831252873E1,1.404453397E0,1.881949782E0,-1.211356163E0
9.832040227E1,1.110218167E0,2.103001118E0,-1.363751411E0
9.832833684E1,9.322952032E-1,2.164018631E0,-1.397968292E0
9.833630193E1,7.620902061E-1,2.054287195E0,-1.307230949E0
9.834426702E1,9.636391997E-1,1.824634314E0,-8.597869873E-1
9.835214055E1,1.183602452E0,1.730980754E0,-2.978105545E-1
9.836010564E1,1.314622164E0,1.737516403E0,4.237928391E-1
9.836797917E1,1.392752767E0,1.695155501E0,1.350758553E0
9.837597478E1,1.665577650E0,1.541467547E0,2.262913704E0
9.838387883E1,1.635661960E0,1.514856577E0,2.765868187E0
9.839175237E1,1.488827467E0,1.434693575E0,3.113556862E0
9.839962590E1,1.336679935E0,1.302687526E0,3.418670654E0
9.840756047E1,1.118758440E0,1.183050156E0,3.563953400E0
9.841552556E1,9.818449616E-1,9.845550060E-1,3.415391922E0
9.842342961E1,8.025575876E-1,7.783499956E-1,2.980302811E0
9.843133367E1,4.391846061E-1,6.102521420E-1,2.406577110E0
9.843929875E1,2.427747548E-1,5.162420273E-1,1.890088081E0
9.844723332E1,3.417890668E-1,6.284276247E-1,1.571145058E0
9.845519841E1,4.294271171E-1,7.159249783E-1,1.571549416E0
9.846310246E1,6.903443933E-1,1.246000886E0,1.501035690E0
9.847100652E1,7.186515331E-1,1.377090693E0,1.402670860E0
9.847897161E1,1.001944065E0,1.390440941E0,1.377540588E0
9.848687566E1,1.177947998E0,1.119232774E0,1.796125412E0
9.849487126E1,1.423756599E0,8.887013197E-1,2.991296768E0
9.850283635E1,1.544735789E0,2.239487171E-1,4.273819923E0
9.851074040E1,1.817435622E0,-2.270364761E-2,5.551300049E0
9.851861394E1,1.466408014E0,-6.834309101E-1,6.063718796E0
9.852654851E1,1.325793386E0,-7.885682583E-1,6.050652504E0
9.853451360E1,9.462218285E-1,-8.412916660E-1,5.364686966E0
9.854241765E1,7.030393481E-1,-8.262435198E-1,3.948300362E0
9.855029118E1,7.836918831E-1,-7.364206314E-1,2.213159561E0
9.855819524E1,7.135186791E-1,-5.855718851E-1,6.633310318E-1
9.856606877E1,6.363968253E-1,-5.713317394E-1,-4.346399307E-1
9.857403386E1,5.467865467E-1,-6.159937382E-1,-1.378612518E0
9.858199895E1,3.551407754E-1,-6.605776548E-1,-1.856625557E0
9.858987248E1,2.926743031E-2,-6.450711489E-1,-1.865869045E0
9.859777654E1,-1.795703769E-1,-6.031312943E-1,-1.539028168E0
9.860571111E1,-2.949411571E-1,-5.731903315E-1,-9.537334442E-1
9.861370671E1,-1.492803097E-1,-6.224273443E-1,-3.845443726E-1
9.862161076E1,3.939259052E-2,-7.171308994E-1,-7.254409790E-2
9.862948430E1,1.739929765E-1,-7.898874283E-1,-6.413555145E-2
9.863735784E1,1.851802319E-1,-7.874441147E-1,-2.010107040E-1
9.864529241E1,-8.422985673E-3,-7.844232321E-1,-6.622447968E-1
9.865325749E1,-8.813297749E-2,-7.579765916E-1,-1.007261276E0
9.866119206E1,-1.583635062E-1,-7.152813673E-1,-1.501919746E0
9.866912663E1,-4.357445836E-1,-5.331187248E-1,-2.043088913E0
9.867703069E1,-6.860140562E-1,-4.075838327E-1,-2.583421707E0
9.868496526E1,-9.362943769E-1,-3.258841038E-1,-3.132632732E0
9.869293035E1,-1.205463529E0,-3.387781382E-1,-3.767717361E0
9.870083440E1,-1.322083235E0,-3.020505905E-1,-4.361907959E0
9.870870793E1,-1.293391109E0,-1.819119453E-1,-4.444034100E0
9.871661199E1,-1.166765809E0,4.431319237E-2,-4.040683746E0
9.872448552E1,-1.003281116E0,3.215802908E-1,-3.307577610E0
9.873245061E1,-6.481102705E-1,5.466852188E-1,-2.390092850E0
9.874038518E1,-4.632618427E-1,8.057888746E-1,-1.799781322E0
9.874831975E1,-2.221205533E-1,9.811413288E-1,-1.653105736E0
9.875622380E1,9.275257587E-3,1.157700658E0,-2.068438053E0
9.876418889E1,2.153303623E-1,1.326133132E0,-2.694433212E0
9.877215398E1,2.239419222E-1,1.548130274E0,-3.561971188E0
9.878008855E1,1.778796911E-1,1.813388109E0,-4.497500420E0
9.878799260E1,1.528925300E-1,1.999488115E0,-5.228730679E0
9.879595769E1,8.340290189E-2,2.070266247E0,-5.598778725E0
9.880389226E1,2.754683793E-2,2.064978838E0,-5.543708801E0
9.881185735E1,-2.157152444E-1,1.924899578E0,-4.918236256E0
9.881976140E1,-5.172352791E-1,1.802884459E0,-3.823850155E0
9.882763494E1,-6.904048920E-1,1.586479068E0,-2.511185646E0
9.883556951E1,-3.440789282E-1,1.401479006E0,-7.287378311E-1
9.884347356E1,-1.193496585E-1,1.222906947E0,1.176467896E0
9.885143865E1,-5.714863539E-2,1.302027822E0,3.009548187E0
9.885937322E1,4.581563175E-2,1.379332066E0,4.384192467E0
9.886730779E1,3.034846485E-1,1.481019855E0,5.313398361E0
9.887521184E1,5.409166813E-1,1.612016797E0,5.168443680E0
9.888314641E1,5.583331585E-1,1.561039090E0,4.111308098E0
9.889114202E1,6.115602255E-1,1.635889292E0,2.593136787E0
9.889901555E1,7.479407787E-1,1.727370977E0,1.281011581E0
9.890695012E1,7.701535821E-1,1.794630170E0,5.800695419E-1
9.891491521E1,6.599638462E-1,1.769553900E0,3.189821243E-1
9.892284978E1,6.150067449E-1,1.589188576E0,4.870500565E-1
9.893078435E1,5.811490417E-1,1.232724667E0,1.029438019E0
9.893868840E1,5.333901048E-1,8.959059715E-1,2.008943558E0
9.894656194E1,4.612862766E-1,6.379706860E-1,2.936163902E0
9.895446599E1,5.110558867E-1,4.717199802E-1,3.887346268E0
9.896237004E1,5.523161292E-1,5.210721493E-1,4.358452797E0
9.897033513E1,2.792016268E-1,8.160290718E-1,4.592620850E0
9.897830022E1,-2.182304859E-2,6.724634171E-1,4.643751144E0
9.898617375E1,-9.689331055E-3,5.044183731E-1,3.979323387E0
9.899407781E1,-1.093351841E-1,1.610169411E-1,2.951395035E0
9.900198186E1,-2.122148871E-1,-2.261346579E-1,2.001889229E0
9.900994695E1,-3.490729928E-1,-2.848116159E-1,1.084714890E0
9.901785100E1,-4.507158995E-1,-3.241156340E-1,7.153577805E-1
9.902572454E1,-4.374504685E-1,-3.343267441E-1,4.986438751E-1
9.903362859E1,-3.510434628E-1,-3.127381802E-1,7.391071320E-2
9.904156316E1,-3.270412683E-1,-3.354661465E-1,-4.368801117E-1
9.904955876E1,-3.994072676E-1,-3.188657761E-1,-8.776931763E-1
9.905746282E1,-5.011660457E-1,-3.814449310E-1,-1.113578796E0
9.906539739E1,-6.386921406E-1,-5.637408495E-1,-1.355496407E0
9.907336247E1,-8.777409792E-1,-6.825749874E-1,-1.343982697E0
9.908129704E1,-1.105051756E0,-8.511648178E-1,-1.174558640E0
9.908929265E1,-1.007382154E0,-9.122763872E-1,-9.965209961E-1
9.909719670E1,-9.516564608E-1,-7.895891666E-1,-3.404064178E-1
9.910516179E1,-6.510403156E-1,-8.182777166E-1,1.973848343E-1
9.911306584E1,-3.583219647E-1,-8.398423195E-1,5.219106674E-1
9.912096990E1,-1.487339735E-1,-7.669802904E-1,5.765218735E-1
9.912896550E1,-7.426983118E-2,-7.258014679E-1,3.453722000E-1
9.913683904E1,1.006640196E-1,-5.432622433E-1,-7.824230194E-2
9.914471257E1,2.051050961E-1,-4.463598728E-1,-5.146665573E-1
9.915267766E1,3.114045262E-1,-2.376496792E-1,-1.084059715E0
9.916061223E1,3.723136783E-1,-5.584502220E-2,-1.760316849E0
9.916857732E1,5.068134069E-1,1.497099400E-1,-2.534224033E0
9.917654241E1,5.926596522E-1,2.583384514E-1,-3.353427887E0
9.918444646E1,6.850284338E-1,2.091585398E-1,-4.314112186E0
9.919231999E1,8.077541590E-1,1.534831524E-1,-4.919076920E0
9.920025456E1,8.142619133E-1,1.576999426E-1,-4.931474686E0
9.920825017E1,7.472106218E-1,9.712755680E-2,-4.660283566E0
9.921615422E1,8.036574721E-1,9.204733372E-2,-4.354499817E0
9.922405828E1,1.213028908E0,1.077682972E-1,-3.536659241E0
9.923202336E1,1.477269888E0,1.513859034E-1,-2.381310940E0
9.923989690E1,1.613600969E0,3.083709478E-1,-1.028690338E0
9.924786199E1,1.541550875E0,4.868481159E-1,-3.251142502E-1
9.925579656E1,1.515293121E0,6.467590332E-1,-1.158399582E-1
9.926370061E1,1.355584502E0,7.709695101E-1,-3.199901581E-1
9.927166570E1,9.601070285E-1,9.333963394E-1,-8.729677200E-1
9.927960027E1,6.389326453E-1,1.171058536E0,-1.711884022E0
9.928756536E1,3.774116337E-1,1.312623739E0,-2.809522152E0
9.929553044E1,3.590820134E-1,1.294850469E0,-3.835971832E0
9.930343450E1,3.441514969E-1,1.314423800E0,-4.716195107E0
9.931130803E1,2.247916460E-1,1.368570447E0,-4.831334114E0
9.931924260E1,2.465778589E-1,1.442036510E0,-4.331559658E0
9.932720769E1,4.504396617E-1,1.457506299E0,-3.147052765E0
9.933511174E1,5.419639349E-1,1.396714211E0,-1.617595673E0
9.934298528E1,5.746509433E-1,1.428053021E0,8.087158203E-3
9.935088933E1,7.841048241E-1,1.438910246E0,1.647558212E0
9.935879338E1,9.497320056E-1,1.515921354E0,3.478780746E0
9.936678899E1,8.329904675E-1,1.513649106E0,4.718078613E0
9.937469304E1,6.714309454E-1,1.537869930E0,4.959272385E0
9.938256658E1,5.330855250E-1,1.463956952E0,4.092819214E0
9.939044011E1,4.753071964E-1,1.399992585E0,2.890260696E0
9.939837468E1,4.976202250E-1,1.616038203E0,2.072620392E0
9.940633977E1,3.291291595E-1,1.469439030E0,1.674650192E0
9.941424382E1,2.540815175E-1,1.551440001E0,1.115962029E0
9.942214787E1,1.522125602E-1,1.429040432E0,6.497106552E-1
9.943002141E1,1.308710128E-1,1.245482683E0,4.849815369E-1
9.943798650E1,3.056406677E-1,1.141729832E0,7.557535172E-1
9.944598210E1,4.462189376E-1,6.713192463E-1,1.059432983E0
9.945388616E1,9.349260330E-1,9.816424847E-1,1.551094055E0
9.946179021E1,1.109173536E0,1.326201439E0,2.174879074E0
9.946969426E1,1.281041861E0,1.366759777E0,2.938800812E0
9.947759831E1,1.554823995E0,1.471124649E0,3.374886513E0
9.948559392E1,1.820465446E0,1.090212345E0,3.606191635E0
9.949352849E1,1.739398122E0,7.812435627E-1,3.908540726E0
9.950146306E1,1.591338873E0,4.974837303E-1,4.130504608E0
9.950936711E1,1.400508642E0,2.473130226E-1,4.199699402E0
9.951730168E1,1.322430134E0,7.908320427E-2,4.125448227E0
9.952526677E1,1.062691927E0,-1.826238632E-2,3.620503426E0
9.953317082E1,9.054474831E-1,-6.719923019E-2,3.075178146E0
9.954107488E1,7.638015747E-1,-5.418539047E-3,1.939122200E0
9.954903996E1,7.955025434E-1,5.088853836E-2,1.002395630E0
9.955694402E1,8.175652623E-1,8.897018433E-2,-6.829071045E-2
9.956490911E1,9.405989647E-1,6.567502022E-2,-1.125226021E0
9.957281316E1,1.012127519E0,-6.158041954E-2,-1.917314053E0
9.958071721E1,9.133571386E-1,-1.120474339E-1,-2.443181992E0
9.958865178E1,2.411915958E-1,-1.319894791E-1,-3.111999512E0
9.959658635E1,8.713926077E-1,-2.705636024E-1,-3.335132599E0
9.960458196E1,5.848617554E-1,-3.442401886E-1,-3.314331532E0
9.961248601E1,7.514947653E-1,-3.173971176E-2,-3.080306053E0
9.962039006E1,8.314578533E-1,-2.558827400E-1,-2.730725765E0
9.962835515E1,1.054114342E0,-7.799339294E-2,-2.380229473E0
9.963628972E1,1.953226447E0,-2.482393980E-1,-1.914915562E0
9.964425481E1,1.683119774E0,-2.672547102E-1,-2.298723221E0
9.965215886E1,1.023535490E0,-7.276129723E-2,-2.616236687E0
9.966006291E1,1.721292734E-1,-2.713545561E-1,-3.035610676E0
9.966796697E1,3.670817614E-1,-5.279241800E-1,-3.305932522E0
9.967587102E1,-1.830667257E-1,-4.677007198E-1,-3.731805325E0
9.968383611E1,-1.533260942E-1,-5.974712372E-1,-3.255987167E0
9.969174016E1,1.922595501E-2,-5.599232912E-1,-2.195949078E0
9.969964421E1,-2.375543118E-2,-4.071594477E-1,-1.012619972E0
9.970760930E1,-1.925212145E-2,-3.210638762E-1,-5.554294586E-2
9.971548284E1,3.455287218E-1,-3.408999443E-1,9.077138901E-1
9.972344792E1,5.076335669E-1,-2.232007980E-1,1.321438789E0
9.973138249E1,2.862211466E-1,-8.121490479E-3,1.136122704E0
9.973928655E1,-1.728361845E-2,2.917292118E-1,9.013519287E-1
9.974725163E1,-1.214941144E-1,5.373970270E-1,5.279388428E-1
9.975518620E1,-2.223168910E-1,7.353718281E-1,1.843461990E-1
9.976315129E1,-4.625562131E-1,9.179122448E-1,-5.970020294E-1
9.977105535E1,-5.985403657E-1,1.075908422E0,-1.971979141E0
9.977895940E1,-6.803145409E-1,1.057801008E0,-2.875416756E0
9.978692449E1,-6.635699272E-1,1.229886532E0,-3.438504696E0
9.979479802E1,-7.029204369E-1,1.503838181E0,-3.238546371E0
9.980276311E1,-1.019171476E0,1.809342265E0,-2.559664249E0
9.981072820E1,-9.983590245E-1,1.928875327E0,-2.011825085E0
9.981860173E1,-1.017520428E0,1.994338155E0,-1.543860435E0
9.982650579E1,-1.073709249E0,1.762895465E0,-1.260657310E0
9.983447087E1,-1.075725794E0,1.458669305E0,-6.595277786E-1
9.984243596E1,-8.957401514E-1,1.318800330E0,1.703405380E-1
9.985040105E1,-5.703864098E-1,1.172604442E0,1.330162048E0
9.985827458E1,-1.934149861E-1,1.019065738E0,2.047689438E0
9.986617864E1,8.101469278E-2,1.032956481E0,2.439161301E0
9.987408269E1,8.533602953E-2,1.026939988E0,2.674318314E0
9.988207829E1,-2.655649185E-2,9.132336378E-1,2.655042648E0
9.988998235E1,-2.441226542E-1,8.313928843E-1,2.459719658E0
9.989785588E1,-4.235703647E-1,7.799687386E-1,2.264828682E0
9.990575994E1,-6.121348143E-1,7.405011654E-1,2.222893715E0
9.991366399E1,-6.803250909E-1,7.580182552E-1,2.388034821E0
9.992165959E1,-6.121649742E-1,7.446427345E-1,2.635816574E0
9.992962468E1,-3.641435504E-1,7.439684868E-1,2.812766075E0
9.993755925E1,-3.675852716E-2,9.434311390E-1,2.874091148E0
9.994543279E1,1.974977553E-1,1.323926926E0,2.616744995E0
9.995336736E1,9.072174132E-2,1.327720404E0,2.122580528E0
9.996133245E1,3.061570227E-1,1.249205947E0,1.415597916E0
9.996923650E1,1.208883971E-1,1.033928990E0,9.170856476E-1
9.997711003E1,-2.113868743E-1,8.524223566E-1,6.844825745E-1
9.998501408E1,-3.748145103E-1,4.531760216E-1,6.724510193E-1
9.999291814E1,-2.788314223E-1,-1.129297018E-1,9.264688492E-1
1.000008832E2,-2.184835523E-1,-5.272834301E-1,1.316789627E0
1.000087568E2,-1.438434422E-1,-8.094475269E-1,1.658516884E0
1.000166608E2,8.483575284E-2,-8.323844671E-1,1.981976509E0
1.000246259E2,3.372239769E-1,-7.105668783E-1,2.469879150E0
1.000324994E2,5.180255175E-1,-4.205412865E-1,2.902410507E0
1.000404645E2,5.385605097E-1,-1.213738918E-1,2.834222794E0
1.000484296E2,5.441082716E-1,-4.960215092E-2,2.499619484E0
1.000563337E2,5.848051906E-1,2.201449871E-2,1.823363304E0
1.000642988E2,2.729811668E-1,-6.641149521E-3,1.017588615E0
1.000722944E2,5.140599981E-2,-2.511751652E-2,2.732744217E-1
1.000802594E2,-1.029614136E-1,-8.627462387E-2,-2.855939865E-1
1.000881330E2,-1.785644889E-1,-9.312450886E-2,-4.562644958E-1
1.000960370E2,-3.519998193E-1,-7.375454903E-2,-4.237279892E-1
1.001039411E2,-3.461755514E-1,-1.163566113E-1,-3.724241257E-1
1.001118757E2,-3.216622174E-1,-2.045656443E-1,-4.818506241E-1
1.001198713E2,-3.814981282E-1,-2.466338873E-1,-6.798982620E-1
1.001277753E2,-4.426756203E-1,-2.262910604E-1,-8.084583282E-1
1.001356794E2,-4.945179522E-1,-2.911988497E-1,-1.183312416E0
1.001435834E2,-3.868909478E-1,-3.029525280E-1,-1.620038033E0
1.001514875E2,-4.244121611E-1,-2.980656624E-1,-2.017993450E0
1.001594831E2,-5.321470499E-1,-2.084120512E-1,-2.477897167E0
1.001673871E2,-5.746188760E-1,-5.053949356E-2,-3.076374531E0
1.001752912E2,-5.592695475E-1,1.159073114E-1,-3.779885292E0
1.001832563E2,-4.749345183E-1,2.084933519E-1,-4.351575375E0
1.001911908E2,-2.904980779E-1,2.405217886E-1,-4.714970112E0
1.001991559E2,-1.132320017E-1,3.015766144E-1,-4.704953194E0
1.002070600E2,-1.013319492E-1,3.307853937E-1,-4.539239407E0
1.002149335E2,-1.889985800E-2,3.603365421E-1,-4.128973484E0
1.002228376E2,8.658674359E-2,4.228694439E-1,-3.502817631E0
1.002307416E2,9.167465568E-2,4.784557819E-1,-2.746891975E0
1.002387067E2,4.265910387E-2,4.840718508E-1,-2.081044197E0
1.002466718E2,1.418430209E-1,5.724028349E-1,-1.682425499E0
1.002545453E2,1.156097651E-1,6.358252764E-1,-1.577249527E0
1.002624494E2,8.932983875E-2,8.153448105E-1,-1.908721447E0
1.002703229E2,5.862236023E-3,1.022423387E0,-2.296527863E0
1.002783185E2,4.227101803E-3,1.254508138E0,-2.860476971E0
1.002862226E2,1.066341996E-1,1.457066417E0,-3.499744415E0
1.002941266E2,2.083075047E-1,1.568405390E0,-4.061556816E0
1.003020002E2,2.422031164E-1,1.609919667E0,-4.388446808E0
1.003099347E2,1.477590799E-1,1.627102733E0,-4.315971851E0
1.003178998E2,1.624659896E-1,1.643175125E0,-3.112126827E0
1.003258039E2,2.697753906E-1,1.668204784E0,-2.137452126E0
1.003337079E2,3.191843629E-1,1.534257531E0,-1.123411179E0
1.003416120E2,5.204364657E-1,1.392388463E0,1.793012619E-1
1.003495160E2,5.832319260E-1,1.252452254E0,1.474076271E0
1.003575116E2,6.128398776E-1,1.234636426E0,2.546404839E0
1.003653852E2,5.168230534E-1,1.370590568E0,3.358379364E0
1.003732892E2,4.082706571E-1,1.517794013E0,3.735665321E0
1.003811933E2,3.859317899E-1,1.621954083E0,3.599215508E0
1.003891279E2,4.869809747E-1,1.577148795E0,2.807964325E0
1.003971235E2,6.669644117E-1,1.480633736E0,1.926858902E0
1.004049970E2,7.482787371E-1,1.384082317E0,1.596367836E0
1.004128705E2,7.325752974E-1,1.228038669E0,1.645205498E0
1.004207746E2,7.924680710E-1,1.065099001E0,1.855677605E0
1.004286786E2,9.137152433E-1,1.032308936E0,2.165636063E0
1.004366437E2,1.063535690E0,1.135483503E0,2.584210396E0
1.004445783E2,1.332670689E0,1.414336681E0,3.133359909E0
1.004524823E2,1.572766423E0,1.710193634E0,3.284556389E0
1.004604474E2,1.750752926E0,1.806572199E0,3.179656982E0
1.004683820E2,1.827060103E0,1.792004228E0,3.124859810E0
1.004763776E2,1.671305776E0,1.471900105E0,3.234412193E0
1.004842817E2,1.435967088E0,1.110289574E0,3.794768333E0
1.004921857E2,1.296856761E0,5.155378580E-1,4.933292389E0
1.005001508E2,1.238410234E0,1.272375584E-1,5.769831657E0
1.005080243E2,1.204890728E0,-1.379224062E-1,6.285934448E0
1.005159894E2,8.828791380E-1,-1.023374796E-1,6.137419701E0
1.005239240E2,9.804522991E-1,-2.313904762E-1,5.428087234E0
1.005318586E2,1.055421829E0,-1.093027592E-1,3.959452629E0
1.005398237E2,1.046866417E0,-7.055675983E-2,2.248593330E0
1.005477582E2,1.244023442E0,7.545483112E-2,6.904535294E-1
1.005557233E2,1.396749973E0,7.399940491E-2,-3.145761490E-1
1.005636274E2,1.061530590E0,1.669627428E-1,-1.014245033E0
1.005715009E2,8.318066001E-1,2.144685984E-1,-1.361875534E0
1.005794050E2,9.337705970E-1,-1.756989956E-2,-1.909842014E0
1.005873090E2,9.883581400E-1,-1.153758764E-1,-2.263877392E0
1.005952741E2,9.407514334E-1,-2.381855249E-1,-2.380408287E0
1.006032392E2,8.408843279E-1,-3.294365406E-1,-2.472021103E0
1.006111432E2,7.753772736E-1,-4.626609087E-1,-2.452384472E0
1.006190473E2,7.623185515E-1,-6.363328695E-1,-2.409537315E0
1.006269819E2,6.781742573E-1,-7.468637824E-1,-2.333390713E0
1.006349469E2,4.709107280E-1,-8.775354624E-1,-2.379024029E0
1.006428510E2,2.761514783E-1,-9.661664963E-1,-2.545928478E0
1.006507245E2,-1.499676704E-2,-1.003350019E0,-2.939301968E0
1.006586286E2,-2.427703738E-1,-1.116453290E0,-3.384591103E0
1.006665326E2,-5.395677090E-1,-1.093806624E0,-3.758185863E0
1.006744977E2,-6.284134984E-1,-9.200928211E-1,-3.563280582E0
1.006824018E2,-6.544604897E-1,-6.806704998E-1,-2.936330795E0
1.006903058E2,-7.569597960E-1,-3.457402587E-1,-2.099599838E0
1.006982099E2,-8.241218328E-1,-5.012893677E-2,-1.278132439E0
1.007061445E2,-7.258689404E-1,1.617566347E-1,-9.610347748E-1
1.007141095E2,-4.840274453E-1,4.273254871E-1,-9.846706390E-1
1.007220136E2,-1.805617809E-1,6.523827314E-1,-1.221461296E0
1.007299482E2,-3.174102306E-2,8.408133984E-1,-1.528780937E0
1.007378522E2,9.184229374E-2,1.057160616E0,-1.926344872E0
1.007457868E2,-2.870094776E-1,1.199058175E0,-2.552725792E0
1.007537519E2,-6.297215223E-1,1.157166719E0,-3.468033791E0
1.007616559E2,-6.365435719E-1,1.508979797E0,-4.187994480E0
1.007695295E2,-9.516391158E-1,1.495326638E0,-4.500018120E0
1.007774335E2,-1.070099831E0,1.647828221E0,-4.400547504E0
1.007853376E2,-1.090816259E0,1.624354839E0,-4.100753784E0
1.007933332E2,-9.038919210E-1,1.664437294E0,-3.540516853E0
1.008012677E2,-7.471215725E-1,1.583406925E0,-2.585874081E0
1.008091718E2,-5.693618655E-1,1.446091533E0,-1.323504448E0
1.008171369E2,-4.404504597E-1,1.160680890E0,-2.554988861E-1
1.008250104E2,-3.552329540E-1,1.101945758E0,6.257972717E-1
1.008329755E2,-1.668537855E-1,1.016580462E0,1.555126190E0
1.008409711E2,-8.523440361E-2,1.049714684E0,2.319513321E0
1.008489057E2,-1.249736547E-2,1.095156074E0,3.201910019E0
1.008568403E2,-3.926280141E-2,1.215932488E0,3.594770432E0
1.008647138E2,-1.447498202E-1,1.380867243E0,3.206542015E0
1.008727094E2,-2.453256100E-1,1.374682903E0,2.674541473E0
1.008806135E2,-3.192907572E-1,1.520680547E0,1.985738754E0
1.008884870E2,-5.001306534E-1,1.518286586E0,1.434098244E0
1.008963910E2,-5.817382336E-1,1.483367562E0,1.026292801E0
1.009042951E2,-5.011112690E-1,1.268275261E0,6.399669647E-1
1.009122602E2,-3.512191772E-1,9.341531992E-1,2.604322433E-1
1.009201642E2,-2.785286605E-1,6.031252146E-1,2.698469162E-1
1.009280683E2,-3.348732591E-1,3.832830191E-1,1.003200531E0
1.009359418E2,-2.941003442E-1,3.208104372E-1,2.388450623E0
1.009438764E2,-1.909295470E-1,3.078631163E-1,3.757526398E0
1.009518720E2,2.900909185E-1,4.509755373E-1,4.613819122E0
1.009597455E2,1.841850728E-1,5.939666033E-1,4.714387894E0
1.009676496E2,-1.809271723E-1,5.618410110E-1,4.095626831E0
1.009756147E2,-1.698783338E-1,6.635301113E-1,2.935175896E0
1.009835187E2,-4.854753613E-1,4.280724525E-1,2.401906967E0
1.009914838E2,-5.943021774E-1,5.841833353E-1,1.726742744E0
1.009993879E2,-6.797630191E-1,6.238231659E-1,7.445859909E-1
1.010072614E2,-5.576485395E-1,6.009085178E-1,1.274681091E-1
1.010151655E2,-3.655424714E-1,4.737585783E-1,-6.651973724E-2
1.010231000E2,-1.744988561E-2,3.318562508E-1,-2.908363342E-1
1.010310651E2,1.512477398E-1,2.401387691E-1,-4.133815765E-1
1.010389386E2,5.685207248E-2,1.251351833E-1,-3.713407516E-1
1.010468732E2,-1.768074036E-1,-1.239711046E-1,-1.715955734E-1
1.010547773E2,-4.668588042E-1,-4.558370113E-1,-1.727638245E-1
1.010626813E2,-8.457185030E-1,-6.266417503E-1,-1.903915405E-2
1.010706464E2,-1.051329851E0,-6.399290562E-1,3.517475128E-1
1.010785894E2,-1.067617297E0,-7.306764126E-1,7.485189438E-1
1.010864629E2,-7.530900240E-1,-7.905871868E-1,8.434925079E-1
1.010943670E2,-3.894800842E-1,-8.088560104E-1,9.456319809E-1
1.011022710E2,-9.337379783E-2,-7.374235392E-1,9.614830017E-1
1.011102056E2,1.178166047E-1,-5.770870447E-1,7.140455246E-1
1.011181097E2,3.003087044E-1,-3.833518028E-1,4.548292160E-1
1.011260137E2,3.550993800E-1,-1.928324699E-1,8.340644836E-2
1.011338872E2,3.784866333E-1,4.358839989E-2,-5.987596512E-1
1.011417913E2,4.851214290E-1,2.478853464E-1,-1.414318085E0
1.011497564E2,6.080852747E-1,3.486771584E-1,-2.172246933E0
1.011577215E2,6.705882549E-1,4.024465084E-1,-3.004526615E0
1.011655950E2,6.791650057E-1,4.395656586E-1,-3.511617661E0
1.011734991E2,8.066483736E-1,4.718612432E-1,-3.928157330E0
1.011814031E2,8.604635596E-1,4.622409344E-1,-4.067582130E0
1.011893682E2,8.755369186E-1,4.376361370E-1,-4.075546741E0
1.011973333E2,1.042812109E0,3.532265425E-1,-4.018773079E0
1.012052068E2,1.251946330E0,2.701905966E-1,-3.796165943E0
1.012130804E2,1.391004682E0,2.183383703E-1,-3.469787598E0
1.012210149E2,1.462570548E0,2.967133522E-1,-2.931739330E0
1.012289800E2,1.518392920E0,4.753847122E-1,-2.571531773E0
1.012368841E2,1.617556930E0,5.402833223E-1,-2.650368214E0
1.012447881E2,1.599504232E0,6.830413342E-1,-3.206539631E0
1.012526922E2,1.456607103E0,9.171346426E-1,-3.897771835E0
1.012605962E2,1.334582925E0,1.126256347E0,-4.339574337E0
1.012685613E2,1.144269705E0,1.311059713E0,-4.458278656E0
1.012764959E2,8.864700198E-1,1.423256993E0,-4.313862324E0
1.012843999E2,6.388037205E-1,1.578916073E0,-3.757948399E0
1.012923956E2,4.819761515E-1,1.621419072E0,-2.671126366E0
1.013002996E2,5.081053972E-1,1.625992537E0,-7.103919983E-1
1.013082647E2,4.025300741E-1,1.707941651E0,1.181334496E0
1.013161687E2,2.049686909E-1,1.563131213E0,2.439462662E0
1.013240423E2,1.826532483E-1,1.477871418E0,2.862845421E0
1.013319463E2,1.634076834E-1,1.543412566E0,2.825101852E0
1.013398809E2,2.730360329E-1,1.462189913E0,2.331028938E0
1.013478765E2,1.919860542E-1,1.742826581E0,1.754384995E0
1.013557500E2,2.111925185E-1,1.845229745E0,1.224582672E0
1.013637151E2,-8.665665984E-2,2.075693846E0,2.996397018E-1
1.013715887E2,-2.088120878E-1,2.221627235E0,-4.217433929E-1
1.013795232E2,-2.240474522E-1,2.280969620E0,-7.813577652E-1
1.013874883E2,-2.508801520E-1,2.122998714E0,-7.866573334E-1
1.013953619E2,-3.106719255E-2,1.865410089E0,-1.874303818E-1
1.014032659E2,1.471891850E-1,1.509972572E0,1.058985710E0
1.014112310E2,2.129298151E-1,1.266164064E0,2.404925346E0
1.014191351E2,2.028466761E-1,9.806127548E-1,3.967285156E0
1.014271001E2,3.309382498E-1,9.075490236E-1,5.112745285E0
1.014350042E2,3.654836118E-1,1.000198007E0,5.497561455E0
1.014428777E2,5.043905973E-1,1.329411387E0,5.443223953E0
1.014507818E2,7.404726744E-1,1.471911430E0,4.930659294E0
1.014586858E2,1.225302577E0,1.294723511E0,3.684842110E0
1.014666814E2,1.482414842E0,1.344627380E0,2.903057098E0
1.014745855E2,1.773934245E0,1.140386105E0,2.299320221E0
1.014824590E2,2.009441137E0,8.745280504E-1,2.040771484E0
1.014903631E2,2.034068823E0,5.696589947E-1,2.344107628E0
1.014982976E2,1.986476064E0,3.531084061E-1,3.254298210E0
1.015062627E2,1.821409583E0,2.084920406E-1,3.988380432E0
1.015142278E2,1.662397861E0,9.016084671E-2,3.967609406E0
1.015221014E2,1.662817836E0,2.773284912E-3,3.166579247E0
1.015300054E2,1.530110359E0,-9.776854515E-2,1.841597557E0
1.015379095E2,1.321028948E0,-1.207802296E-1,6.535100937E-1
1.015458746E2,1.068124294E0,-9.896969795E-2,-5.056381226E-1
1.015537786E2,9.500262737E-1,-7.819581032E-2,-1.423210144E0
1.015616521E2,8.126171827E-1,-1.160690784E-1,-2.147616863E0
1.015695562E2,5.203865767E-1,-1.813415289E-1,-2.511857033E0
1.015774297E2,2.976138592E-1,-2.786420584E-1,-2.911543846E0
1.015853948E2,2.428366244E-1,-3.953582048E-1,-3.257605553E0
1.015933599E2,1.111892909E-1,-6.260927916E-1,-3.172610283E0
1.016012640E2,2.232048661E-2,-7.935070992E-1,-2.650301456E0
1.016091680E2,-1.856840551E-1,-9.648517370E-1,-1.816262245E0
1.016171331E2,-5.172560811E-1,-1.135336399E0,-9.666576385E-1
1.016250982E2,-7.782540321E-1,-1.223998547E0,-7.998504639E-1
1.016330328E2,-9.499743581E-1,-1.359721541E0,-1.178451538E0
1.016409368E2,-1.065391898E0,-1.339303970E0,-2.133489132E0
1.016489019E2,-1.527681112E0,-1.231516480E0,-2.793506145E0
1.016568365E2,-1.810124397E0,-8.890089989E-1,-3.354980469E0
1.016648016E2,-1.972348094E0,-6.948426962E-1,-3.874974251E0
1.016727056E2,-1.799909353E0,-4.946016073E-1,-3.958359241E0
1.016805791E2,-1.619919538E0,-3.103547096E-1,-3.581237316E0
1.016885442E2,-1.388623714E0,-1.576787233E-1,-2.786536694E0
1.016964483E2,-1.135151029E0,-2.559363842E-2,-2.076918602E0
1.017044134E2,-8.879683018E-1,2.741880417E-1,-1.535971642E0
1.017122869E2,-6.797482967E-1,4.758712053E-1,-1.364710808E0
1.017201910E2,-3.073659539E-1,6.821266413E-1,-1.104189873E0
1.017281255E2,2.255859971E-2,8.515332937E-1,-8.720731735E-1
1.017360601E2,3.295230269E-1,1.108044624E0,-7.307510376E-1
1.017440252E2,4.599549174E-1,1.332369089E0,-8.503189087E-1
1.017519903E2,4.595198035E-1,1.651294708E0,-1.139594078E0
1.017598638E2,4.600708783E-1,1.867829561E0,-1.610380173E0
1.017677679E2,4.199642241E-1,2.090325356E0,-2.157133579E0
1.017756414E2,3.086925149E-1,2.125849724E0,-2.736438751E0
1.017836065E2,2.022634000E-1,2.114232063E0,-3.125818729E0
1.017915411E2,2.487437278E-1,2.122574806E0,-3.289498806E0
1.017994451E2,2.168270797E-1,2.095546246E0,-2.868711948E0
1.018074102E2,-6.745667756E-2,2.189621925E0,-2.019343853E0
1.018153143E2,-3.420469165E-1,2.284214973E0,-1.150733948E0
1.018232793E2,-2.439182848E-1,2.181338549E0,-6.408157349E-1
1.018311834E2,-1.012868285E-1,2.032258034E0,-1.733703613E-1
1.018391485E2,1.948556304E-2,1.930749416E0,3.258075714E-1
1.018470525E2,2.862495184E-1,1.891439676E0,9.762239456E-1
1.018549871E2,3.925963342E-1,1.722519755E0,1.679512978E0
1.018629827E2,4.834335148E-1,1.801820397E0,2.200562477E0
1.018708868E2,3.437808454E-1,1.759429336E0,2.381361008E0
1.018788213E2,2.573381066E-1,1.600961685E0,2.255738258E0
1.018867864E2,9.417945147E-2,1.430371881E0,2.047785759E0
1.018946905E2,-2.392274141E-1,1.277633429E0,1.894196510E0
1.019026861E2,-5.176953077E-1,1.163629651E0,1.881208420E0
1.019105901E2,-9.383741021E-1,9.817644358E-1,2.195783615E0
1.019184942E2,-9.998449683E-1,8.127774000E-1,3.053383827E0
1.019264288E2,-1.054460645E0,7.264747620E-1,3.800679207E0
1.019343328E2,-1.011679292E0,6.259911060E-1,4.641720772E0
1.019423284E2,-1.137844801E0,5.910313129E-1,5.167509079E0
1.019502019E2,-7.724711895E-1,1.240350962E0,5.179953575E0
1.019581060E2,-9.854273796E-1,1.050164580E0,4.834673882E0
1.019660406E2,-7.435188890E-1,8.329116106E-1,3.911746025E0
1.019739751E2,-6.418484449E-1,6.165846586E-1,2.677602768E0
1.019819402E2,-7.966970801E-1,5.580241680E-1,1.445108414E0
1.019898443E2,-1.130484581E0,2.471818924E-1,4.578695297E-1
1.019977178E2,-1.127614617E0,2.859282494E-2,-3.456897736E-1
1.020056219E2,-1.106858015E0,-1.146037579E-1,-6.730928421E-1
1.020135259E2,-8.653104305E-1,-2.513428926E-1,-6.624498367E-1
1.020215215E2,-4.882200956E-1,-4.986318946E-1,7.935523987E-3
1.020294256E2,-3.889989853E-1,-6.218976974E-1,7.906723022E-1
1.020373296E2,-2.942979336E-1,-5.777357817E-1,1.433039665E0
1.020452337E2,-4.162924290E-1,-6.117269397E-1,1.993110657E0
1.020531683E2,-5.700268745E-1,-5.264301896E-1,2.434053421E0
1.020611333E2,-5.953821540E-1,-5.316128731E-1,2.300351143E0
1.020690374E2,-6.276353598E-1,-4.793916941E-1,2.063872337E0
1.020769109E2,-5.963439345E-1,-4.084509611E-1,1.956647873E0
1.020848150E2,-6.262255311E-1,-2.637245655E-1,1.926325798E0
1.020927496E2,-6.202025414E-1,-5.952292681E-2,1.672653198E0
1.021007452E2,-4.979397058E-1,7.254874706E-2,1.231480598E0
1.021086492E2,-2.997290492E-1,1.958757043E-1,6.642065048E-1
1.021165227E2,-5.879038572E-2,3.502414823E-1,1.309309006E-1
1.021244268E2,6.251686811E-2,4.599868655E-1,-5.193691254E-1
1.021323614E2,2.088804841E-1,6.075109839E-1,-1.413792610E0
1.021403265E2,3.553578258E-1,6.855311394E-1,-2.334579468E0
1.021482305E2,4.740505219E-1,7.545685768E-1,-3.090523243E0
1.021561040E2,5.642664433E-1,7.834101915E-1,-3.605057716E0
1.021640691E2,8.193690181E-1,6.655443907E-1,-4.017132759E0
1.021719427E2,9.989175797E-1,5.205792189E-1,-4.034746647E0
1.021799078E2,8.864781857E-1,3.740197420E-1,-4.169753075E0
1.021878728E2,8.104807734E-1,3.255460262E-1,-4.551138401E0
1.021957769E2,8.992863297E-1,2.700014114E-1,-4.831681728E0
1.022036810E2,9.603095055E-1,1.219322681E-1,-4.700348854E0
1.022116155E2,8.862126470E-1,1.293760538E-1,-4.408627033E0
1.022196111E2,7.698759437E-1,1.004492044E-1,-3.829153061E0
1.022275457E2,6.999149323E-1,1.351519823E-1,-3.119613171E0
1.022354497E2,7.461062074E-1,3.146449327E-1,-2.700757980E0
1.022433843E2,5.505542755E-1,4.515396357E-1,-2.498382568E0
1.022512579E2,4.556778967E-1,7.168418169E-1,-2.660830021E0
1.022592229E2,2.300053090E-1,9.094229937E-1,-3.262033463E0
1.022671880E2,1.022854596E-1,1.118199110E0,-3.871620655E0
1.022750616E2,-7.328957319E-3,1.166761637E0,-3.920518398E0
1.022829656E2,1.806169748E-2,1.218606472E0,-3.246771812E0
1.022908697E2,1.583529413E-1,1.279175639E0,-2.358033180E0
1.022988348E2,3.368415833E-1,1.355073214E0,-1.563398361E0
1.023067083E2,4.293902218E-1,1.373016119E0,-1.085824966E-1
1.023146123E2,3.848064542E-1,1.522735476E0,1.415134430E0
1.023225469E2,2.667258978E-1,1.610092521E0,2.180329323E0
1.023304815E2,1.862601042E-1,1.636700869E0,2.262058258E0
1.023384466E2,2.184295654E-2,1.698825836E0,1.878494263E0
1.023463506E2,-1.664483249E-1,1.748691916E0,1.206025124E0
1.023542242E2,-2.019491792E-1,1.725578666E0,9.222431183E-1
1.023621587E2,-1.811273098E-1,1.697568297E0,8.514900208E-1
1.023700323E2,-7.452017069E-2,1.622613668E0,8.992757797E-1
1.023780279E2,3.600430489E-2,1.415000439E0,1.120467186E0
1.023859014E2,6.005257368E-2,1.193883657E0,1.323155403E0
1.023938055E2,5.460661650E-2,1.043578386E0,1.395664215E0
1.024017400E2,9.353619814E-2,6.813421249E-1,1.649280548E0
1.024096441E2,1.342316270E-1,3.921144009E-1,2.140886307E0
1.024176397E2,2.990965247E-1,2.503838539E-1,2.920979500E0
1.024255437E2,5.491121411E-1,1.625397205E-1,3.719117165E0
1.024334478E2,1.011431694E0,4.055898190E-1,4.255543709E0
1.024413213E2,1.430295706E0,8.695220947E-1,4.334951401E0
1.024492559E2,1.559141159E0,1.048245430E0,3.970060349E0
1.024572515E2,1.908674955E0,1.261743069E0,2.913060188E0
1.024651556E2,1.715722680E0,1.365302801E0,1.866998672E0
1.024730596E2,1.448650360E0,1.198750973E0,1.395585060E0
1.024810247E2,1.071243286E0,9.972918034E-1,1.339565277E0
1.024889593E2,8.857295513E-1,8.117613792E-1,1.606873512E0
1.024969244E2,6.375451088E-1,7.132108212E-1,1.966773987E0
1.025048589E2,3.228304386E-1,5.926828384E-1,2.068068504E0
1.025127630E2,2.071129084E-1,5.444085598E-1,1.794429779E0
1.025207281E2,1.792218685E-1,4.875795841E-1,1.254706383E0
1.025286321E2,2.707769871E-1,4.685370922E-1,7.920923233E-1
1.025365972E2,2.733340263E-1,4.127171040E-1,-1.126375198E-1
1.025445013E2,3.658120036E-1,3.183186054E-1,-1.081301689E0
1.025524053E2,2.410794497E-1,1.337122917E-1,-1.648497105E0
1.025603094E2,-5.591332912E-2,5.188703537E-3,-1.849056721E0
1.025682439E2,-2.576377392E-1,-2.161958218E-1,-1.930764198E0
1.025761785E2,-7.023986578E-1,-4.611288309E-1,-1.812634945E0
1.025841436E2,-7.902011275E-1,-5.417869091E-1,-1.512346268E0
1.025920171E2,-9.171181917E-1,-7.355374098E-1,-1.144140244E0
1.025999822E2,-7.378820181E-1,-8.401565552E-1,-6.427469254E-1
1.026078863E2,-3.334965110E-1,-8.759887218E-1,-1.061458588E-1
1.026158819E2,5.355864763E-2,-7.687278986E-1,1.506519318E-1
1.026237554E2,4.037610292E-1,-5.626872778E-1,3.362808228E-1
1.026316900E2,6.217180490E-1,-4.370520115E-1,2.715702057E-1
1.026395940E2,6.204184294E-1,-3.049796820E-1,-3.661632538E-2
1.026475591E2,5.344814062E-1,-7.236218452E-2,-4.589700699E-1
1.026555547E2,4.202176332E-1,9.257698059E-2,-1.021914482E0
1.026634893E2,3.161097169E-1,2.852896452E-1,-1.816438198E0
1.026713628E2,2.719761133E-1,3.482043743E-1,-2.743806839E0
1.026792364E2,1.402283907E-1,3.337666988E-1,-3.940553665E0
1.026871709E2,-2.275261879E-1,2.652858496E-1,-4.715050697E0
1.026951360E2,-6.909723878E-1,3.674299717E-1,-5.060242653E0
1.027030401E2,-7.610855699E-1,3.860304356E-1,-5.146195889E0
1.027109441E2,-7.798204422E-1,5.737090111E-1,-4.611854553E0
1.027188482E2,-7.041962147E-1,8.137819767E-1,-3.546566010E0
1.027267828E2,-4.834865332E-1,9.423211813E-1,-2.562747955E0
1.027347478E2,8.402645588E-3,1.109583020E0,-1.346179962E0
1.027426519E2,2.308453321E-1,1.231655240E0,-6.433229446E-1
1.027505254E2,9.174299240E-2,1.391304255E0,-7.982473373E-1
1.027583990E2,-1.037469208E-1,1.418988109E0,-1.393564224E0
1.027663335E2,-3.451837301E-1,1.410254478E0,-2.281679153E0
1.027742986E2,-6.695434451E-1,1.336191177E0,-2.910033226E0
1.027822027E2,-8.865012527E-1,1.311269283E0,-3.336476326E0
1.027900762E2,-8.593664169E-1,1.210839033E0,-3.312987804E0
1.027979803E2,-6.878299713E-1,1.246129394E0,-3.012492657E0
1.028058538E2,-7.274743319E-1,1.123349667E0,-2.241710663E0
1.028138189E2,-6.303322315E-1,9.723449945E-1,-1.321269035E0
1.028216924E2,-4.647773504E-1,9.082982540E-1,-2.723398209E-1
1.028296270E2,-2.033127546E-1,9.074783325E-1,6.588659286E-1
1.028375921E2,-8.228650689E-2,8.813769817E-1,1.491835594E0
1.028454961E2,9.847611189E-3,9.535927773E-1,2.473353386E0
1.028534612E2,1.199418604E-1,9.572451115E-1,3.122480392E0
1.028613958E2,2.128303498E-1,1.073074698E0,3.688449860E0
1.028692998E2,2.051585615E-1,1.132445693E0,4.003887177E0
1.028772039E2,2.598521113E-1,1.176683187E0,4.063899994E0
1.028851080E2,2.897840142E-1,1.088467598E0,3.882869720E0
1.028930730E2,2.742458284E-1,9.663493633E-1,3.515796661E0
1.029010381E2,1.740884483E-1,7.140934467E-1,3.225696564E0
1.029089422E2,8.173618466E-2,4.763548374E-1,3.021968842E0
1.029168462E2,2.914163098E-2,3.499023914E-1,3.047529221E0
1.029247503E2,1.061019078E-1,4.003419876E-1,3.196785927E0
1.029327154E2,1.039659977E-2,6.159093380E-1,3.151225090E0
1.029406194E2,-2.575648129E-1,3.685054779E-1,3.083353996E0
1.029484930E2,-1.826896966E-1,2.218105793E-1,2.800123215E0
1.029563970E2,-3.420461416E-1,2.628803253E-1,2.417432785E0
1.029643316E2,-6.124689579E-1,1.665043831E-1,2.191387177E0
1.029722662E2,-7.404498458E-1,1.648468971E-1,1.762836456E0
1.029802312E2,-6.324146390E-1,1.420211792E-1,1.351553917E0
1.029881353E2,-6.470691562E-1,1.336033344E-1,1.123927116E0
1.029960088E2,-7.009502649E-1,1.640737057E-1,1.043128967E0
1.030039434E2,-6.555252671E-1,1.189017296E-1,8.591022491E-1
1.030119390E2,-6.356136799E-1,4.124975204E-2,6.108894348E-1
1.030199041E2,-6.318724751E-1,-3.771138191E-2,2.650985718E-1
1.030278081E2,-8.044468164E-1,-1.141445637E-1,-1.305646896E-1
1.030357122E2,-9.736486673E-1,-2.072808743E-1,-4.842100143E-1
1.030436163E2,-9.198692441E-1,-3.329575062E-1,-8.366413116E-1
1.030516119E2,-7.611069083E-1,-4.638987780E-1,-1.115649223E0
1.030595464E2,-4.102350175E-1,-5.683546066E-1,-1.144213676E0
1.030674200E2,1.726086438E-2,-5.549325943E-1,-8.104534149E-1
1.030753851E2,3.263392448E-1,-5.899411440E-1,-2.744884491E-1
1.030832891E2,6.991917491E-1,-5.474036932E-1,4.711360931E-1
1.030912847E2,9.566552043E-1,-5.305861235E-1,9.846773148E-1
1.030991888E2,1.077152252E0,-4.291404486E-1,1.089937210E0
1.031070623E2,1.019400001E0,-2.980873585E-1,9.214277267E-1
1.031149358E2,7.600449324E-1,-1.484559774E-1,3.601503372E-1
1.031229009E2,5.199253559E-1,5.973458290E-3,-5.036439896E-1
1.031308965E2,4.065477848E-1,7.822155952E-2,-1.332253456E0
1.031388311E2,2.805910408E-1,1.632603407E-1,-2.404260159E0
1.031467657E2,1.635658145E-1,1.737934351E-1,-3.420653820E0
1.031547002E2,-4.438742623E-2,1.907246113E-1,-4.266902924E0
1.031626043E2,-1.446886808E-1,2.086927891E-1,-4.708721638E0
1.031705999E2,-1.981849223E-1,2.655155659E-1,-4.911662579E0
1.031785039E2,1.464139670E-2,3.127633333E-1,-4.943072796E0
1.031863775E2,3.959897161E-1,2.692605257E-1,-4.665962219E0
1.031943426E2,8.424773216E-1,2.757142782E-1,-3.519883156E0
1.032022771E2,9.636268616E-1,3.176352978E-1,-1.935141087E0
1.032103033E2,1.080973625E0,1.047986984E0,-1.028691292E0
1.032182073E2,9.548767209E-1,1.225327611E0,-5.212268829E-1
1.032261419E2,5.732480884E-1,1.237716317E0,-6.307945251E-1
1.032340765E2,4.125062227E-1,1.309672952E0,-1.261129379E0
1.032419805E2,1.211424172E-1,1.384052753E0,-2.430744648E0
1.032499761E2,-2.171538174E-1,1.473259211E0,-3.219667912E0
1.032579412E2,-5.583679080E-1,1.627543211E0,-3.871201038E0
1.032658453E2,-7.498250008E-1,1.817739964E0,-4.152330399E0
1.032738103E2,-7.288902998E-1,2.029760599E0,-3.623424530E0
1.032817144E2,-6.729089022E-1,2.075605631E0,-2.664334297E0
1.032896795E2,-5.851102471E-1,1.883258820E0,-1.522867680E0
1.032975835E2,-2.600261569E-1,1.695179462E0,-2.985029221E-1
1.033054571E2,-6.363618374E-2,1.472919703E0,8.776531219E-1
1.033134222E2,-1.494169235E-2,1.296754122E0,2.047179222E0
1.033213567E2,2.546453476E-2,1.264220238E0,2.720165253E0
1.033293523E2,1.792290807E-2,1.276212454E0,2.979032516E0
1.033372869E2,-1.264217496E-2,1.350245237E0,2.820608139E0
1.033451910E2,4.157024622E-2,1.498003721E0,2.556303024E0
1.033530950E2,-8.088564873E-2,1.672760248E0,2.091742516E0
1.033609991E2,-1.514638066E-1,1.939794779E0,1.778673172E0
1.033689642E2,-2.736930847E-1,2.028212070E0,1.274885178E0
1.033768377E2,-3.099193573E-1,2.095237970E0,1.617288589E-1
1.033847112E2,-5.585462451E-1,1.872258186E0,-4.975881577E-1
1.033925848E2,-3.847592771E-1,1.689606190E0,-6.177291870E-1
1.034004888E2,-1.654323190E-1,1.282269001E0,-4.145717621E-1
1.034084844E2,5.759856105E-2,1.133488178E0,3.345842361E-1
1.034164190E2,8.089494109E-1,1.267793655E0,1.434258461E0
1.034242925E2,1.198989034E0,1.474713087E0,2.492473602E0
1.034321661E2,1.434651852E0,1.344300508E0,3.666716576E0
1.034401006E2,1.712233663E0,1.333145142E0,4.260489464E0
1.034480657E2,1.726048589E0,1.317023039E0,3.986173630E0
1.034560003E2,1.918654561E0,1.137212992E0,2.940548897E0
1.034639043E2,1.751026988E0,8.767066002E-1,2.193211555E0
1.034718389E2,1.638708830E0,4.217193127E-1,1.709296227E0
1.034797430E2,1.815942526E0,3.280432224E-1,1.787908554E0
1.034877081E2,1.687212229E0,1.809077263E-1,1.868235588E0
1.034956121E2,1.702401638E0,2.181291580E-1,2.091370583E0
1.035035162E2,1.816661954E0,1.575286388E-1,1.990537643E0
1.035113897E2,1.927925825E0,8.785820007E-2,1.649515152E0
1.035193853E2,2.141245842E0,-5.944538116E-2,1.060014725E0
1.035273809E2,2.090456247E0,-1.568951607E-1,-7.841491699E-2
1.035352850E2,1.791218042E0,-2.438781261E-1,-1.062491417E0
1.035431585E2,1.392989397E0,-3.942918777E-1,-2.036905289E0
1.035510625E2,1.213529348E0,-6.704256535E-1,-2.778293610E0
1.035589666E2,9.028894901E-1,-9.952242374E-1,-3.136429310E0
1.035669317E2,7.143129110E-1,-1.108726859E0,-3.277390957E0
1.035748663E2,5.562421083E-1,-1.356749773E0,-3.442249775E0
1.035827703E2,7.068988681E-1,-1.489560485E0,-3.477919579E0
1.035907354E2,7.804409266E-1,-1.542077541E0,-3.428002357E0
1.035986700E2,7.087928057E-1,-1.389193177E0,-3.252835274E0
1.036066656E2,5.420743227E-1,-1.219864726E0,-2.901222706E0
1.036146307E2,4.347220659E-1,-1.137256742E0,-2.759958744E0
1.036225347E2,9.887206554E-2,-1.085093856E0,-2.617536545E0
1.036304998E2,-2.399460971E-1,-9.906028509E-1,-2.157799721E0
1.036384344E2,-5.607326031E-1,-9.036854506E-1,-1.194587708E0
1.036464300E2,-7.029007673E-1,-7.449774742E-1,-3.047361374E-1
1.036543645E2,-7.368915081E-1,-5.909057856E-1,2.874126434E-1
1.036622686E2,-7.039930820E-1,-4.205522537E-1,7.157754898E-1
1.036702337E2,-7.327226996E-1,-1.320517063E-1,6.623783112E-1
1.036781377E2,-5.552863479E-1,1.136896610E-1,1.583099365E-2
1.036861028E2,-8.156621456E-2,1.660711765E-1,-6.972446442E-1
1.036940069E2,-1.618101299E-1,4.085907936E-1,-1.728421211E0
1.037019109E2,-6.149458885E-2,6.773748398E-1,-2.507607460E0
1.037098760E2,1.435114741E-1,8.140082359E-1,-3.744549751E0
1.037177801E2,1.078964472E-1,9.769308567E-1,-4.747414112E0
1.037257452E2,-2.202872336E-1,1.236887455E0,-5.431577206E0
1.037336797E2,-4.754146338E-1,1.450343132E0,-5.364865303E0
1.037416143E2,-6.455167532E-1,1.592800140E0,-4.998260498E0
1.037495184E2,-7.412706614E-1,1.716438532E0,-4.481842041E0
1.037574529E2,-7.590336800E-1,1.783923864E0,-3.544909954E0
1.037654180E2,-6.428311467E-1,1.686761141E0,-2.205533981E0
1.037733526E2,-5.614066124E-1,1.669712067E0,-7.506685257E-1
1.037812566E2,-4.404138625E-1,1.734212399E0,1.049752235E0
1.037891607E2,-2.088309526E-1,1.577474356E0,2.629520416E0
1.037970342E2,1.565998197E-1,1.544372559E0,3.528465271E0
1.038050298E2,1.287433505E-1,1.528547049E0,3.604890823E0
1.038129339E2,-1.003586650E-1,1.671444178E0,3.229274750E0
1.038208684E2,-2.464657724E-1,1.560809374E0,2.662737846E0
1.038287725E2,-4.223576188E-1,1.571827888E0,2.062398911E0
1.038366766E2,-6.923440695E-1,1.604412317E0,1.194872856E0
1.038446416E2,-8.777266741E-1,1.561539650E0,6.552963257E-1
1.038526067E2,-9.114150405E-1,1.394614220E0,5.497941971E-1
1.038604803E2,-9.346042871E-1,1.294843912E0,4.902944565E-1
1.038684454E2,-1.077893496E0,1.122610569E0,7.252178192E-1
1.038763494E2,-8.907575607E-1,8.579273224E-1,1.604787827E0
1.038843450E2,-4.993211031E-1,5.989468098E-1,2.689556122E0
1.038922796E2,-1.866360903E-1,5.698292255E-1,3.500871658E0
1.039001836E2,9.507307410E-2,7.935585976E-1,4.344824791E0
1.039080877E2,-1.422198713E-1,8.270061016E-1,4.923412323E0
1.039159917E2,-3.132260740E-1,7.405476570E-1,4.793373108E0
1.039239568E2,-4.608654976E-1,5.762009621E-1,3.615063667E0
1.039318914E2,-1.110174537E0,4.673240185E-1,2.271598816E0
1.039398260E2,-1.419328928E0,2.839038372E-1,2.176547050E0
1.039477300E2,-1.622516513E0,-2.301192284E-2,2.450416565E0
1.039556341E2,-1.503765702E0,-1.737570763E-1,2.786714554E0
1.039635992E2,-1.150504589E0,-2.534158230E-1,2.962121010E0
1.039715032E2,-8.836482763E-1,-2.753238678E-1,2.775062561E0
1.039793768E2,-7.872353792E-1,-2.587807178E-1,2.040801048E0
1.039872808E2,-8.086634874E-1,-1.829223633E-1,1.176353455E0
1.039951849E2,-8.411473036E-1,-7.785773277E-2,6.294651031E-1
1.040031499E2,-1.077228546E0,-1.352572441E-2,1.275968552E-1
1.040111150E2,-1.236746907E0,5.906987190E-2,-7.999744415E-1
1.040189886E2,-1.314871073E0,6.775927544E-2,-1.918533325E0
1.040269537E2,-1.233141303E0,-7.355213165E-2,-2.549190521E0
1.040348577E2,-1.063570261E0,-2.037502527E-1,-2.446592331E0
1.040428533E2,-8.733650446E-1,-2.541426420E-1,-1.668457508E0
1.040507879E2,-6.578413248E-1,-3.138734102E-1,-8.525848389E-1
1.040586614E2,-4.182536006E-1,-3.430945873E-1,-1.677122116E-1
1.040665655E2,-2.406034470E-1,-3.681329489E-1,3.921527863E-1
1.040744695E2,-6.789151579E-3,-3.392015696E-1,7.750320435E-1
1.040824346E2,3.628638806E-3,-2.071650028E-1,6.249704361E-1
1.040903387E2,-3.346884996E-2,-1.104463339E-1,2.132472992E-1
1.040982732E2,-3.497084975E-2,8.137226105E-4,-3.309059143E-1
1.041062078E2,-2.490244806E-1,2.094045877E-1,-9.308443069E-1
1.041141729E2,-1.908051968E-1,3.862297535E-1,-1.605472565E0
1.041221380E2,-1.771918535E-1,4.995485544E-1,-2.383992195E0
1.041301031E2,-2.191385627E-1,6.121518612E-1,-3.383925915E0
1.041379766E2,-2.223692983E-1,6.503543854E-1,-4.263082504E0
1.041458807E2,-2.191736102E-1,5.808013678E-1,-4.761248112E0
1.041537847E2,-8.135737479E-2,4.274089336E-1,-5.187639236E0
1.041617193E2,9.679958224E-2,2.675842047E-1,-5.030390739E0
1.041696539E2,2.727761567E-1,2.147644758E-1,-4.215378284E0
1.041775274E2,3.217720985E-1,2.250475883E-1,-3.364892483E0
1.041854314E2,5.213465095E-1,3.343276978E-1,-2.231559277E0
1.041933355E2,7.270188332E-1,5.054841042E-1,-1.267368317E0
1.042013311E2,7.079890370E-1,7.584073544E-1,-1.098271370E0
1.042092046E2,6.143221855E-1,1.078794003E0,-1.719432831E0
1.042171392E2,5.570319891E-1,1.273680568E0,-2.898629665E0
1.042250433E2,5.371017456E-1,1.422543287E0,-3.733529568E0
1.042329473E2,2.673510611E-1,1.671143293E0,-3.947843552E0
1.042409429E2,1.074807644E-1,1.918558002E0,-3.745848179E0
1.042489080E2,-1.090547740E-1,2.056636095E0,-3.183378220E0
1.042568121E2,-3.107525408E-1,2.222010136E0,-2.523528576E0
1.042647161E2,-3.554309905E-1,2.276321650E0,-1.644468784E0
1.042725896E2,-1.985890865E-1,2.151547670E0,-5.432920456E-1
1.042805852E2,2.259919941E-1,2.044399738E0,6.870050430E-1
1.042885503E2,2.618769407E-1,2.070997715E0,2.235680580E0
1.042964544E2,3.381015658E-1,2.084472895E0,3.779631615E0
1.043043890E2,2.832009792E-1,2.148431778E0,4.725713730E0
1.043122625E2,3.345727623E-1,2.174135685E0,5.013144493E0
1.043202276E2,3.359560966E-1,2.175688267E0,4.866841316E0
1.043281927E2,1.849933267E-1,2.155226946E0,4.212752342E0
1.043360967E2,2.174409926E-1,2.051390409E0,3.034612656E0
1.043440008E2,2.535743117E-1,1.878247023E0,1.582641602E0
1.043519353E2,1.954888999E-1,1.652538538E0,8.368864059E-1
1.043599004E2,1.390905976E-1,1.394868374E0,4.080362320E-1
1.043678045E2,2.337492704E-1,1.079552412E0,3.456201553E-1
1.043756780E2,4.456552267E-1,9.438028336E-1,7.531719208E-1
1.043835516E2,8.275561333E-1,6.937627792E-1,1.420865059E0
1.043914861E2,1.469915867E0,8.392658234E-1,2.076505661E0
1.043994512E2,1.498842001E0,7.618024349E-1,2.813425064E0
1.044073553E2,1.712943077E0,8.072190285E-1,3.249824524E0
1.044152288E2,1.847408891E0,8.811624050E-1,3.398150444E0
1.044231023E2,1.807013631E0,7.921898365E-1,3.579102516E0
1.044310369E2,1.752704620E0,6.496684551E-1,3.771747589E0
1.044390020E2,1.762718081E0,2.459805012E-1,4.035927773E0
1.044469060E2,1.956977606E0,1.458806992E-1,3.990748405E0
1.044548101E2,1.505179167E0,-2.874851227E-2,4.272788048E0
1.044627142E2,1.283476591E0,1.040925980E-1,3.982953072E0
1.044706487E2,1.256517410E0,5.270862579E-2,3.306887627E0
1.044785833E2,1.303475976E0,2.007555962E-2,2.139620781E0
1.044865484E2,1.320339918E0,7.446527481E-3,8.837165833E-1
1.044944524E2,1.264260530E0,1.215975285E-1,-3.586540222E-1
1.045023260E2,1.304841399E0,1.760098934E-1,-1.949526310E0
1.045102605E2,1.163133264E0,4.852771759E-2,-3.275315285E0
1.045182256E2,9.984908104E-1,-5.020546913E-2,-3.598197937E0
1.045261297E2,6.780310869E-1,-1.685457230E-1,-3.285526752E0
1.045340032E2,4.727917910E-1,-3.652210236E-1,-2.730203152E0
1.045419378E2,6.078013182E-1,-5.673301220E-1,-1.976587772E0
1.045498418E2,7.767926455E-1,-8.872401714E-1,-1.178276062E0
1.045578374E2,1.040834665E0,-1.105207920E0,-2.943449020E-1
1.045657415E2,1.203786016E0,-1.268727064E0,2.620058060E-1
1.045736150E2,1.155261517E0,-1.413192511E0,4.583463669E-1
1.045815191E2,8.928824663E-1,-1.510473013E0,3.211441040E-1
1.045894537E2,6.136869788E-1,-1.422843218E0,-2.907228470E-1
1.045973882E2,2.471991777E-1,-1.229175448E0,-1.082292557E0
1.046052923E2,7.883369923E-2,-1.027082205E0,-1.704778671E0
1.046131658E2,-5.454003811E-3,-8.345877528E-1,-2.393326283E0
1.046210699E2,5.230605602E-3,-7.807347775E-1,-3.413259506E0
1.046290044E2,-5.092373490E-2,-8.160594702E-1,-4.305416107E0
1.046369695E2,-3.888429403E-1,-7.425076962E-1,-4.821455956E0
1.046449346E2,-7.872554064E-1,-5.659517050E-1,-4.952730179E0
1.046528081E2,-7.320312262E-1,-5.169640779E-1,-4.527133465E0
1.046607122E2,-7.534519434E-1,-3.587175608E-1,-3.834688187E0
1.046686163E2,-7.854640484E-1,-1.409482956E-2,-2.824491501E0
1.046765813E2,-7.354580760E-1,2.296724319E-1,-2.058291912E0
1.046845464E2,-4.922497571E-1,4.788661003E-1,-1.692681313E0
1.046924505E2,-2.268427163E-1,7.034633160E-1,-1.619918823E0
1.047004156E2,2.009937167E-2,9.573736191E-1,-1.940485477E0
1.047082891E2,8.949354291E-2,1.195184469E0,-2.596118927E0
1.047162847E2,6.760111451E-2,1.381884575E0,-3.362536907E0
1.047242193E2,-1.920153797E-1,1.602630854E0,-4.338430882E0
1.047321233E2,-4.070324898E-1,1.824137092E0,-4.373440742E0
1.047400274E2,-3.375884295E-1,1.862075806E0,-4.117146969E0
1.047479314E2,-3.394595981E-1,1.863053322E0,-3.852586269E0
1.047558965E2,-4.872862399E-1,1.893212914E0,-3.007517338E0
1.047637701E2,-7.263378501E-1,2.011932850E0,-1.553735733E0
1.047716741E2,-9.305174947E-1,2.066074848E0,-3.173704147E-1
1.047795782E2,-7.545523047E-1,1.916069388E0,1.356804848E0
1.047874822E2,-3.966801167E-1,1.804909825E0,2.895453453E0
1.047954473E2,-1.580003649E-1,1.959755659E0,4.322176933E0
1.048033514E2,-1.605095565E-1,2.018322468E0,5.326235771E0
1.048112249E2,-5.284041166E-2,2.164297581E0,5.662045479E0
1.048190984E2,9.881854057E-3,2.312911510E0,4.701987267E0
1.048270025E2,1.330137253E-2,2.438228369E0,3.007478714E0
1.048349676E2,3.132365048E-1,2.602803707E0,4.738140106E-1
1.048428716E2,3.266755342E-1,2.596695423E0,-1.761610031E0
1.048508062E2,3.127136827E-1,2.328126669E0,-2.324154854E0
1.048586797E2,3.032689691E-1,2.087096930E0,-1.416713715E0
1.048666143E2,-4.498407245E-2,1.658120155E0,8.746986389E-1
1.048745489E2,-4.863038659E-2,1.477546692E0,4.233919144E0
1.048824834E2,-1.468988359E-1,1.421732426E0,6.674946785E0
1.048904180E2,-2.359867543E-1,1.418193817E0,8.270679474E0
1.048983526E2,-3.107465208E-1,1.431079865E0,8.221756935E0
1.049062566E2,-6.183654070E-1,1.074517012E0,6.948358536E0
1.049142522E2,-9.143056273E-1,9.920039177E-1,5.391633987E0
1.049221868E2,-1.305517197E0,5.443196297E-1,3.474225998E0
1.049301214E2,-9.896189570E-1,1.848843098E-1,2.135805130E0
1.049380254E2,-4.701820612E-1,-1.897230148E-1,1.262882233E0
1.049459295E2,4.358667135E-2,-2.930881977E-1,1.098163605E0
1.049538641E2,2.256656289E-1,-2.355585098E-1,1.293317795E0
1.049618291E2,2.958787680E-1,-1.505312920E-1,1.598567009E0
1.049697332E2,1.529422998E-1,-9.804272652E-2,1.637357712E0
1.049776067E2,-9.450095892E-2,-6.633234024E-2,1.652024269E0
1.049855413E2,-4.086844921E-1,-2.053997517E-1,1.244389534E0
1.049935369E2,-9.523655176E-1,-2.353227139E-1,6.442260742E-2
1.050014104E2,-1.272265315E0,-3.272798061E-1,-1.002047539E0
1.050093145E2,-1.520208120E0,-4.388830662E-1,-2.042239189E0
1.050172796E2,-1.756468296E0,-5.919239521E-1,-2.684645176E0
1.050252142E2,-1.704811811E0,-6.368310452E-1,-2.752620697E0
1.050331792E2,-1.605395913E0,-6.877138615E-1,-2.549251556E0
1.050410833E2,-1.339327455E0,-7.902463675E-1,-2.319304943E0
1.050489873E2,-1.046709895E0,-8.725359440E-1,-2.404444218E0
1.050568914E2,-9.201104641E-1,-8.814464808E-1,-2.550288677E0
1.050647955E2,-8.143552542E-1,-9.342459440E-1,-2.942831516E0
1.050727911E2,-5.062870979E-1,-8.492623568E-1,-3.189332485E0
1.050806951E2,-3.133279085E-1,-7.528618574E-1,-3.378497124E0
1.050885686E2,-1.408829167E-2,-6.660032272E-1,-3.303966999E0
1.050964422E2,2.478201240E-1,-4.962965250E-1,-2.967926025E0
1.051043768E2,3.532053232E-1,-3.052108288E-1,-2.790845394E0
1.051123113E2,3.452548683E-1,-2.577345371E-1,-2.987785816E0
1.051202459E2,4.951180518E-1,-9.006500244E-3,-3.515207291E0
1.051281805E2,5.198051333E-1,-4.817008972E-3,-4.025932789E0
1.051361456E2,6.534416676E-1,9.259223938E-2,-4.619305134E0
1.051440801E2,6.229589581E-1,1.391005516E-1,-4.903129578E0
1.051520757E2,7.045116425E-1,2.154026031E-1,-4.792143822E0
1.051600103E2,8.246005774E-1,3.170528412E-1,-4.465979099E0
1.051679449E2,9.842010140E-1,4.385094643E-1,-3.996253490E0
1.051758794E2,1.247005582E0,4.196751118E-1,-3.478231907E0
1.051837835E2,1.417484403E0,4.817094803E-1,-3.007314205E0
1.051917791E2,1.481040955E0,6.162111759E-1,-2.872340202E0
1.051996831E2,1.502590179E0,7.900965214E-1,-3.066207409E0
1.052075567E2,1.346629739E0,8.931021690E-1,-3.339911938E0
1.052154913E2,1.244266510E0,1.060836554E0,-3.385566711E0
1.052233953E2,1.043302894E0,1.151497602E0,-3.045636177E0
1.052313909E2,9.232035279E-1,1.274024248E0,-2.567112446E0
1.052393560E2,6.083287001E-1,1.402404785E0,-1.907015324E0
1.052472601E2,3.346870840E-1,1.510533333E0,-1.257019997E0
1.052551336E2,-5.753761530E-2,1.613907814E0,-7.875137329E-1
1.052630682E2,-1.615833342E-1,1.631633759E0,-2.231941223E-1
1.052710027E2,-1.008165032E-1,1.832459211E0,8.548364639E-1
1.052789678E2,-1.202359498E-1,1.938687086E0,1.998270035E0
1.052868719E2,2.500306964E-1,2.022440434E0,3.189261436E0
1.052947759E2,6.095122099E-1,1.978895187E0,4.103359222E0
1.053026800E2,1.062820554E0,1.944009542E0,4.920811653E0
1.053106451E2,1.095816851E0,1.835806847E0,5.201816559E0
1.053185491E2,1.019283295E0,1.765513659E0,4.773201942E0
1.053264226E2,7.589421868E-1,1.584998846E0,3.628998756E0
1.053342962E2,4.934397042E-1,1.414760351E0,2.316841125E0
1.053422308E2,3.773192763E-1,1.316692114E0,1.519877434E0
1.053501653E2,2.517222762E-1,1.235089779E0,1.004057884E0
1.053581304E2,3.951261938E-1,1.296215773E0,9.262285233E-1
1.053660345E2,4.259028435E-1,1.501511335E0,1.157802582E0
1.053739385E2,3.898915350E-1,1.587374210E0,1.458296776E0
1.053818426E2,7.615422010E-1,1.592311144E0,1.682301521E0
1.053898077E2,1.245503902E0,1.642327785E0,1.763039589E0
1.053977117E2,1.427388668E0,1.544600010E0,2.333380699E0
1.054055852E2,1.365086675E0,1.288296700E0,3.167522430E0
1.054135503E2,1.762629986E0,1.089562654E0,4.465167046E0
1.054214849E2,2.125031948E0,4.781622887E-1,5.635677338E0
1.054294805E2,2.096945763E0,3.222963810E-1,6.510291100E0
1.054373846E2,2.017130375E0,1.045989990E-1,6.690129280E0
1.054452581E2,2.061298609E0,-7.635760307E-2,6.008273125E0
1.054531927E2,1.911367178E0,-1.914439201E-1,4.363116264E0
1.054611272E2,1.862044692E0,-1.910772324E-1,2.729923248E0
1.054691228E2,1.820477247E0,-2.430584431E-1,1.076283455E0
1.054770574E2,1.758610249E0,-3.039686680E-1,-2.521123886E-1
1.054849615E2,1.513323069E0,-3.228700161E-1,-1.275172234E0
1.054929266E2,1.286976337E0,-3.870301247E-1,-1.906127453E0
1.055008306E2,1.009001970E0,-4.785630703E-1,-2.312946320E0
1.055087957E2,7.203069925E-1,-5.790103674E-1,-2.211098194E0
1.055167303E2,5.014547110E-1,-6.199450493E-1,-2.048891544E0
1.055246343E2,4.049778581E-1,-6.564575434E-1,-2.168832779E0
1.055325384E2,3.916079402E-1,-7.752807140E-1,-2.416810989E0
1.055404424E2,4.517795742E-1,-9.245479107E-1,-2.596222878E0
1.055484075E2,1.764500439E-1,-9.651410580E-1,-2.615420341E0
1.055563116E2,2.484871149E-1,-8.865294456E-1,-2.636656284E0
1.055642156E2,2.744640112E-1,-9.067457914E-1,-2.879804134E0
1.055721197E2,-9.339392185E-3,-8.027900457E-1,-2.950205326E0
1.055801153E2,-2.784613669E-1,-7.405261993E-1,-2.922074318E0
1.055881109E2,-4.080983996E-1,-5.725899935E-1,-3.007926941E0
1.055960149E2,-8.691124320E-1,-5.734422207E-1,-3.331858158E0
1.056038885E2,-1.200263262E0,-6.048851013E-1,-3.859801769E0
1.056118536E2,-1.202486038E0,-6.174564362E-1,-3.950976372E0
1.056197576E2,-1.374590278E0,-5.076763630E-1,-4.108780861E0
1.056277227E2,-1.467162609E0,-3.812299967E-1,-3.988758087E0
1.056356878E2,-1.058829546E0,-1.986267567E-1,-3.552813053E0
1.056435918E2,-3.777365088E-1,-7.737600803E-2,-2.745665073E0
1.056514959E2,9.652596712E-2,1.628782749E-1,-1.887385368E0
1.056594305E2,2.803429365E-1,5.982027054E-1,-1.386972427E0
1.056673650E2,2.954039574E-1,9.660018682E-1,-1.659663200E0
1.056753301E2,2.617553473E-1,1.229863524E0,-2.885411263E0
1.056832037E2,1.545575261E-1,1.445667624E0,-4.492140293E0
1.056911077E2,-2.423020601E-1,1.481400490E0,-5.640191555E0
1.056990118E2,-5.673588812E-2,1.350296497E0,-6.175286770E0
1.057069768E2,1.073187366E-1,1.332289577E0,-5.743837833E0
1.057148809E2,-7.469059229E-1,1.590924859E0,-4.806468010E0
1.057227544E2,-6.700325608E-1,1.758478045E0,-3.197749615E0
1.057306585E2,-3.416153491E-1,1.469272733E0,-1.176323891E0
1.057385625E2,-2.671349049E-1,1.646466970E0,-1.159257889E-1
1.057465581E2,-2.728575468E-1,1.691012740E0,1.638336182E0
1.057544927E2,-4.156360626E-1,1.839888811E0,3.147971153E0
1.057624273E2,-4.683416188E-1,1.992806077E0,4.404473305E0
1.057703619E2,-2.458695173E-1,2.164409161E0,5.331903458E0
1.057782659E2,-7.047367096E-2,2.195574999E0,5.536384583E0
1.057862310E2,3.773544729E-1,2.497274637E0,5.637711525E0
1.057941351E2,4.856754839E-1,2.455290318E0,5.425013542E0
1.058020086E2,6.050242186E-1,2.347084999E0,4.761794090E0
1.058099126E2,5.760392547E-1,2.164836407E0,4.077607155E0
1.058179388E2,5.201428533E-1,1.895344734E0,3.419342995E0
1.058259039E2,2.909804583E-1,1.634421229E0,2.852157593E0
1.058338384E2,1.320192814E-1,1.365853906E0,2.682102203E0
1.058417730E2,9.825019538E-2,1.189334631E0,2.974969864E0
1.058496770E2,3.073628247E-2,1.092602491E0,3.505057335E0
1.058575811E2,2.047820389E-2,1.049074173E0,4.010136604E0
1.058655462E2,-2.975465357E-2,8.629158735E-1,4.333528519E0
1.058734197E2,1.187427789E-1,5.962438583E-1,4.407009125E0
1.058813543E2,-1.572791338E-1,4.998370409E-1,4.212186813E0
1.058892889E2,-4.067623615E-1,3.877764940E-1,3.745660782E0
1.058971929E2,-6.604365110E-1,2.800016403E-1,3.061573982E0
1.059051275E2,-8.569281101E-1,7.017683983E-2,2.264778137E0
1.059130315E2,-8.347487450E-1,-2.387011051E-2,2.019705772E0
1.059209356E2,-8.700497746E-1,-1.840283871E-1,2.104702950E0
1.059288396E2,-9.778891802E-1,-3.088054657E-1,2.023305893E0
1.059367742E2,-8.533078432E-1,-3.643748760E-1,1.873908997E0
1.059447393E2,-9.716799259E-1,-3.141931295E-1,2.111186028E0
1.059526739E2,-9.916724563E-1,-1.733033657E-1,1.633811951E0
1.059605474E2,-1.113641262E0,-2.052758932E-1,5.627269745E-1
1.059685125E2,-1.074498534E0,-1.672253609E-1,-2.765836716E-1
1.059764165E2,-1.102596879E0,-2.830666304E-1,-9.661941528E-1
1.059844122E2,-1.066525936E0,-2.930171490E-1,-1.410111427E0
1.059923772E2,-9.850679040E-1,-3.052114248E-1,-1.842923164E0
1.060002813E2,-7.699840069E-1,-3.820266724E-1,-2.064539433E0
1.060081853E2,-8.298208117E-1,-3.621639013E-1,-1.964561939E0
1.060161199E2,-9.938049316E-1,-3.879246712E-1,-1.835350513E0
1.060240850E2,-9.499018788E-1,-2.584944963E-1,-1.788340092E0
1.060319891E2,-7.977716327E-1,-2.442351580E-1,-2.184577465E0
1.060398931E2,-5.070664883E-1,-2.174774408E-1,-2.465873718E0
1.060477972E2,-2.558265328E-1,-1.713675261E-1,-2.512442112E0
1.060557317E2,-1.053078473E-2,-3.057932854E-2,-2.697500706E0
1.060636663E2,8.201196790E-2,1.321470737E-1,-2.934633255E0
1.060716314E2,1.155082583E-1,1.890314817E-1,-2.898522854E0
1.060795354E2,1.500203907E-1,3.527975082E-1,-2.873993397E0
1.060874395E2,-2.866239846E-2,4.726303816E-1,-2.972690105E0
1.060953435E2,-2.051222920E-1,5.289726257E-1,-3.369377613E0
1.061033392E2,-2.656647861E-1,4.570850134E-1,-3.984822750E0
1.061112595E2,-2.464380115E-1,3.078068495E-1,-4.654464245E0
1.061191330E2,-3.564748168E-2,3.131144047E-1,-4.998103619E0
1.061270371E2,9.486368299E-2,2.370916605E-1,-4.805742741E0
1.061349411E2,1.824568510E-1,3.615291119E-1,-4.254735947E0
1.061429062E2,3.365777135E-1,4.961358309E-1,-3.565038204E0
1.061508103E2,5.542888641E-1,6.483142376E-1,-2.906144142E0
1.061587143E2,6.987837553E-1,7.583709955E-1,-2.435570240E0
1.061666184E2,8.540277481E-1,1.064223170E0,-2.078824520E0
1.061745530E2,8.618278503E-1,1.346518993E0,-2.246876240E0
1.061825180E2,1.008352757E0,1.729835987E0,-2.604943275E0
1.061904221E2,1.094615817E0,2.119466305E0,-3.229718685E0
1.061983262E2,6.146696806E-1,2.470835686E0,-3.858437538E0
1.062062302E2,1.693351269E-1,2.595310211E0,-3.898551941E0
1.062141343E2,-6.458282471E-2,2.506702900E0,-3.710321426E0
1.062220993E2,-2.744571567E-1,2.333548546E0,-2.887054443E0
1.062300034E2,-3.020642757E0,3.045551300E0,-2.015568733E0
1.062379075E2,-3.005470753E0,3.058426857E0,1.597490311E-1
1.062458115E2,-1.814026117E0,2.354909897E0,3.110830307E0
1.062537156E2,7.210320234E-2,1.659861803E0,6.087381363E0
1.062616806E2,1.415521979E0,1.214260101E0,8.648150444E0
1.062695847E2,1.851182699E0,1.086891532E0,1.004539871E1
1.062774888E2,2.178995609E0,8.350635767E-1,1.001897621E1
1.062853928E2,2.570378780E0,4.612368345E-1,8.444141388E0
1.062933274E2,2.881567240E0,5.464386940E-2,6.332824707E0
1.063012619E2,3.082817554E0,-3.025382757E-1,3.675887108E0
1.063092270E2,8.594219685E-1,2.425094843E-1,1.057411194E0
1.063171006E2,-3.184713125E-1,7.637472153E-1,-6.335067749E-1
1.063250657E2,-4.545418620E-1,9.483854771E-1,-1.493252754E0
1.063329392E2,-2.147321701E-1,1.066132069E0,-1.907902718E0
1.063409043E2,-2.258393168E-1,1.266978741E0,-1.141352654E0
1.063488083E2,-1.402369142E-1,1.440194130E0,3.133296967E-2
1.063567124E2,4.212461710E-1,1.414092541E0,1.078446388E0
1.063646470E2,9.035239220E-1,1.267771721E0,2.463265419E0
1.063725510E2,1.372858524E0,9.157638550E-1,3.538570404E0
1.063805466E2,1.871432543E0,4.836106300E-1,4.387145042E0
1.063884507E2,1.980588913E0,4.686737061E-2,5.564359665E0
1.063963547E2,1.749695063E0,-2.811185122E-1,6.373887062E0
1.064042588E2,1.380160570E0,-4.655911922E-1,6.064543724E0
1.064121628E2,1.251015425E0,-5.779281855E-1,5.030289650E0
1.064201584E2,1.158008695E0,-5.767943859E-1,3.449592590E0
1.064280625E2,8.329083920E-1,-4.663833380E-1,1.584983826E0
1.064359360E2,6.689369678E-1,-2.575600147E-1,-2.339725494E-1
1.064438096E2,5.143796206E-1,-2.047698498E-1,-2.204568386E0
1.064517441E2,5.085896254E-1,-1.075134277E-1,-3.513995171E0
1.064597092E2,4.279676676E-1,-1.475014687E-1,-3.902042389E0
1.064676133E2,4.816579819E-1,-1.477694511E-1,-3.956904411E0
1.064755173E2,6.055055857E-1,-3.326351643E-1,-3.622454166E0
1.064834214E2,7.495568991E-1,-4.823943377E-1,-2.852188110E0
1.064913254E2,6.842463017E-1,-4.424165487E-1,-2.000932217E0
1.064992905E2,4.829767942E-1,-4.392670393E-1,-1.182310104E0
1.065072556E2,1.228529811E0,-5.391870737E-1,-7.942848206E-1
1.065151291E2,6.479371786E-1,-4.825037718E-1,-6.494522095E-1
1.065230942E2,3.323445320E-1,-2.651156187E-1,-9.029912949E-1
1.065309983E2,-2.045109272E-1,-3.531378508E-1,-1.486328125E0
1.065389634E2,-5.522727966E-1,-3.577553034E-1,-2.134414196E0
1.065468674E2,-8.723402023E-1,-2.817653418E-1,-2.718090534E0
1.065547409E2,-1.198001504E0,-2.314686775E-1,-3.069760323E0
1.065626145E2,-1.467743397E0,-1.642855406E-1,-3.591432571E0
1.065705491E2,-1.629186988E0,-2.073925734E-1,-4.302442074E0
1.065785141E2,-1.564603329E0,-1.247466803E-1,-4.692790031E0
1.065864182E2,-1.527085662E0,-1.258869171E-1,-4.836913586E0
1.065943222E2,-1.306687832E0,-1.437712908E-1,-4.624758244E0
1.066022263E2,-9.161956906E-1,-1.196463108E-1,-4.429158688E0
1.066101609E2,-1.090055585E0,-2.780091763E-2,-3.371314049E0
1.066181260E2,-9.027190804E-1,1.939924955E-1,-2.254687786E0
1.066260300E2,-6.760625839E-1,3.960856199E-1,-1.666874409E0
1.066339341E2,-3.193506896E-1,6.218174696E-1,-1.816524506E0
1.066418381E2,-2.955132425E-1,8.099485636E-1,-2.372304440E0
1.066497422E2,-2.999590039E-1,1.180252671E0,-2.688600063E0
1.066577378E2,-3.630996346E-1,1.414715648E0,-3.156033039E0
1.066656418E2,-4.238065481E-1,1.598278284E0,-3.354630470E0
1.066735459E2,-5.149757266E-1,1.619685411E0,-3.330725670E0
1.066814804E2,-6.080926657E-1,1.658249140E0,-2.903494835E0
1.066893845E2,-5.656393766E-1,1.684077024E0,-2.310038567E0
1.066973496E2,-6.110406518E-1,1.614731073E0,-1.400219917E0
1.067053147E2,-6.641793251E-1,1.663538814E0,-1.373615265E-1
1.067132187E2,-5.808970928E-1,1.692076921E0,7.274389267E-1
1.067210923E2,-5.010477304E-1,1.559884429E0,1.413158417E0
1.067290268E2,-3.474259377E-1,1.537520885E0,1.952118874E0
1.067370224E2,-2.217122763E-1,1.474276423E0,2.065007210E0
1.067449265E2,-7.876197994E-2,1.496461391E0,2.171061516E0
1.067528305E2,-2.178126574E-1,1.555115223E0,2.128104210E0
1.067607651E2,-2.658300996E-1,1.589479804E0,1.727630615E0
1.067686997E2,-3.267836273E-1,1.724750519E0,1.036073685E0
1.067766953E2,-3.540017903E-1,1.810458660E0,4.997892380E-1
1.067846299E2,-3.285392821E-1,1.851467609E0,3.887796402E-1
1.067925339E2,-3.474445045E-1,1.830556154E0,6.333341599E-1
1.068004990E2,-6.331850290E-1,1.698507071E0,1.419773102E0
1.068084031E2,-8.346835971E-1,1.610444069E0,2.627904892E0
1.068163681E2,-9.155018330E-1,1.355467796E0,3.599188805E0
1.068243638E2,-8.078117371E-1,1.091355085E0,4.674799919E0
1.068322983E2,-6.156338453E-1,1.087562323E0,5.669338226E0
1.068402024E2,-4.920566678E-1,1.114667177E0,5.942601204E0
1.068481675E2,-6.577150822E-1,1.014335871E0,5.442960739E0
1.068561020E2,-8.037080765E-1,7.401416302E-1,4.186534882E0
1.068640671E2,-7.757439017E-1,6.763272285E-1,2.854495049E0
1.068720017E2,-1.012584209E0,5.703477859E-1,2.018943787E0
1.068799363E2,-1.169970751E0,4.145727158E-1,1.225378990E0
1.068879319E2,-1.128753901E0,3.662292957E-1,8.007326126E-1
1.068958664E2,-1.080782771E0,2.894895077E-1,7.426290512E-1
1.069037705E2,-7.828785777E-1,2.274930477E-1,7.748365402E-1
1.069117051E2,-4.565601349E-1,5.145335197E-2,1.131296158E0
1.069196701E2,-2.857030332E-1,1.296854019E-2,1.468605995E0
1.069275742E2,-2.222133726E-1,-3.596305847E-3,1.511527061E0
1.069355393E2,-2.594257295E-1,-6.114506721E-2,1.517270088E0
1.069434433E2,-5.083443522E-1,-1.132597923E-1,1.473069191E0
1.069513779E2,-6.883820891E-1,-1.305952072E-1,1.214638710E0
1.069592820E2,-8.277554512E-1,-1.989672184E-1,5.297498703E-1
1.069672776E2,-9.037724733E-1,-3.188294172E-1,-4.832649231E-2
1.069752427E2,-9.899788499E-1,-4.279744625E-1,-8.506078720E-1
1.069831772E2,-8.633110523E-1,-4.914939404E-1,-1.164503098E0
1.069911118E2,-8.171393871E-1,-5.143362284E-1,-1.158646584E0
1.069990769E2,-6.327314973E-1,-4.801480770E-1,-1.257253647E0
1.070069809E2,-4.076934159E-1,-4.552693367E-1,-1.191764832E0
1.070149155E2,-2.808583379E-1,-4.286139011E-1,-1.127137184E0
1.070228806E2,-2.009614855E-1,-4.164955616E-1,-1.199318886E0
1.070307541E2,-1.491312683E-1,-3.757731915E-1,-1.429255486E0
1.070386582E2,-7.181254029E-2,-2.888302803E-1,-1.711210251E0
1.070465317E2,-8.749555051E-2,-1.863898039E-1,-2.195562363E0
1.070544968E2,-1.535262167E-1,-1.785326004E-1,-2.688390732E0
1.070624619E2,-1.966245174E-1,-1.311329603E-1,-3.326198101E0
1.070703659E2,-1.629449427E-1,-2.520306110E-1,-3.977437496E0
1.070782700E2,-7.956993580E-2,-2.821304798E-1,-4.254921436E0
1.070862046E2,-2.630767226E-2,-3.192993402E-1,-4.346052647E0
1.070941697E2,1.196182072E-1,-2.988090515E-1,-3.925915718E0
1.071020737E2,3.436728120E-1,-2.624742985E-1,-3.224178791E0
1.071099778E2,5.680025220E-1,-2.276303768E-1,-2.448658943E0
1.071178818E2,8.028684855E-1,-1.060860157E-1,-1.739555359E0
1.071258469E2,9.283949137E-1,-5.093574524E-3,-1.280429840E0
1.071338120E2,6.363639235E-1,2.238166332E-1,-1.584101677E0
1.071417160E2,3.104058504E-1,4.306352139E-1,-2.332472801E0
1.071496506E2,9.886860847E-3,5.896297693E-1,-3.135589123E0
1.071575547E2,-1.146389246E-1,8.241051435E-1,-3.704002380E0
1.071654587E2,-3.044415712E-1,1.004510164E0,-4.137204647E0
1.071734238E2,-5.049113035E-1,1.383116961E0,-4.447568417E0
1.071812973E2,-6.406171322E-1,1.580409765E0,-4.494949341E0
1.071892014E2,-5.317834020E-1,1.721173286E0,-4.294107437E0
1.071971665E2,-4.793025851E-1,1.830360651E0,-3.759647369E0
1.072051011E2,-3.451872468E-1,1.965342760E0,-2.687831879E0
1.072130967E2,-2.951455116E-2,1.964904070E0,-1.265398979E0
1.072210312E2,3.396824598E-1,1.843449116E0,1.621818542E-1
1.072289353E2,5.905125141E-1,1.811272383E0,2.017312050E0
1.072369004E2,8.324024677E-1,1.866303205E0,4.470674515E0
1.072448349E2,1.057739019E0,1.932655811E0,6.183051109E0
1.072528305E2,1.078615189E0,1.963520527E0,6.507342339E0
1.072607651E2,9.924114943E-1,1.954913616E0,5.445685387E0
1.072686997E2,8.505457640E-1,1.843343735E0,3.597684860E0
1.072766343E2,4.578825235E-1,1.918162584E0,1.996839523E0
1.072845078E2,1.358498335E-1,1.996002197E0,7.996110916E-1
1.072924729E2,-7.973504066E-2,1.886280537E0,-3.521690369E-1
1.073003769E2,1.657485962E-3,1.704100609E0,-1.095632553E0
1.073082505E2,-1.284137964E-1,1.467361450E0,-1.134377480E0
1.073161240E2,4.533147812E-2,1.540675640E0,-8.968896866E-1
1.073240586E2,4.952983856E-1,1.262564898E0,-9.673118591E-2
1.073320237E2,8.492621183E-1,1.406919479E0,8.353786469E-1
1.073399277E2,1.069725394E0,1.304240942E0,1.718031883E0
1.073478012E2,1.911563277E0,1.244834900E0,2.932503700E0
1.073557053E2,2.255194664E0,1.298879862E0,3.952780724E0
1.073636399E2,2.242051601E0,1.281808853E0,4.344381332E0
1.073716050E2,2.190412521E0,1.000654936E0,4.311950684E0
1.073795090E2,2.305214882E0,7.755906582E-1,4.330374718E0
1.073874131E2,1.976228952E0,2.213461399E-1,4.621485710E0
1.073953171E2,1.936891437E0,8.991718292E-2,4.298684120E0
1.074032517E2,1.593043923E0,3.871202469E-2,3.767978668E0
1.074112168E2,1.222434759E0,9.273290634E-2,2.942670822E0
1.074191208E2,9.176229239E-1,1.421592236E-1,1.777054787E0
1.074270249E2,9.326417446E-1,1.452548504E-1,5.347976685E-1
1.074349289E2,8.689604998E-1,1.769478321E-1,-8.847436905E-1
1.074428330E2,6.547753811E-1,1.575133801E-1,-2.073829651E0
1.074508286E2,3.195428848E-1,1.145207882E-1,-2.896866798E0
1.074587326E2,6.820952892E-2,-1.562237740E-2,-3.260128498E0
1.074666367E2,-6.444704533E-2,-2.337312698E-1,-3.035958767E0
1.074745408E2,4.341840744E-3,-4.557232857E-1,-2.390957832E0
1.074824753E2,1.320793629E-1,-7.138698101E-1,-1.753568649E0
1.074904404E2,3.194572926E-1,-8.041064739E-1,-9.684286118E-1
1.074983445E2,4.651466608E-1,-7.997589111E-1,-4.570579529E-1
1.075062485E2,5.789467096E-1,-7.081506252E-1,-1.460180283E-1
1.075141221E2,6.592535973E-1,-6.402189732E-1,1.616353989E-1
1.075220566E2,7.605963945E-1,-4.973595142E-1,4.801111221E-1
1.075300217E2,6.343054771E-1,-4.173984528E-1,3.316278458E-1
1.075379258E2,4.799265862E-1,-3.538532257E-1,-9.687232971E-2
1.075458298E2,2.307176590E-1,-2.380068302E-1,-8.724517822E-1
1.075537339E2,-1.443054676E-1,-1.209795475E-1,-1.876257896E0
1.075616074E2,-6.365121603E-1,-1.052381992E-1,-3.158986568E0
1.075696030E2,-1.010062099E0,-2.276828289E-1,-4.393085957E0
1.075775071E2,-1.418532848E0,-4.370528460E-1,-5.654096127E0
1.075854111E2,-1.561929226E0,-4.543591738E-1,-6.014266491E0
1.075933152E2,-1.532116413E0,-3.990358114E-1,-5.595713615E0
1.076012192E2,-1.353407860E0,-3.865801096E-1,-4.631604671E0
1.076091843E2,-1.043135405E0,-3.869358301E-1,-3.455649853E0
1.076170884E2,-2.485580444E-1,-2.132320404E-2,-2.123934269E0
1.076250229E2,1.754958630E-1,1.240131855E-1,-7.764148712E-1
1.076329880E2,3.671525717E-1,5.048668385E-1,3.368206024E-1
1.076409226E2,2.927073836E-1,9.233322144E-1,2.706947327E-1
1.076488877E2,6.854295731E-3,1.115005255E0,-7.073049545E-1
1.076567917E2,1.950544119E-2,1.266417265E0,-1.877728939E0
1.076646653E2,-3.246125579E-1,1.461872339E0,-3.358425140E0
1.076726304E2,-5.777663589E-1,1.687632322E0,-4.471192360E0
1.076805649E2,-8.122640252E-1,1.807577610E0,-5.053169250E0
1.076885300E2,-1.082008600E0,1.947431564E0,-5.103506088E0
1.076964341E2,-1.109387875E0,1.949583292E0,-4.469744682E0
1.077043076E2,-1.025760412E0,1.856321335E0,-3.196163654E0
1.077122117E2,-9.177883863E-1,1.693579435E0,-1.807798862E0
1.077201462E2,-5.599014759E-1,1.517158985E0,-9.083938599E-2
1.077281113E2,-1.980822384E-1,1.288613558E0,1.852659225E0
1.077360154E2,1.984381676E-2,1.198243856E0,3.507486343E0
1.077438889E2,3.921484947E-2,1.197733879E0,4.447677612E0
1.077517929E2,1.226136088E-2,1.414769173E0,4.944112778E0
1.077597275E2,-7.420168817E-2,1.514185190E0,4.597120285E0
1.077676926E2,-2.309852242E-1,1.519789457E0,3.811534882E0
1.077755967E2,-3.520435095E-1,1.679583073E0,2.539777756E0
1.077835007E2,-6.187395453E-1,1.802362204E0,1.398217201E0
1.077914048E2,-6.690587997E-1,1.821365356E0,4.710140228E-1
1.077993393E2,-7.445706725E-1,1.593259811E0,-8.714389801E-2
1.078073044E2,-7.773770094E-1,1.378047228E0,-3.708438873E-1
1.078151780E2,-8.220944405E-1,1.086088181E0,1.728792191E-1
1.078230820E2,-7.487643361E-1,7.271661758E-1,1.265051842E0
1.078311081E2,-3.620138466E-1,4.757430553E-1,2.901635170E0
1.078390122E2,1.387570947E-1,4.430165291E-1,4.303200722E0
1.078470078E2,2.253140509E-1,3.575773239E-1,5.272161484E0
1.078549118E2,5.781403929E-2,2.250957489E-1,5.186501503E0
1.078627854E2,-1.166555136E-1,2.882971764E-1,3.637133598E0
1.078706589E2,-8.704599142E-1,1.994595528E-1,2.582062721E0
1.078785935E2,-1.076466560E0,2.620646954E-1,1.630716324E0
1.078865586E2,-1.432801127E0,3.797512054E-1,6.138801575E-1
1.078945847E2,-1.405039907E0,3.699860573E-1,3.988733292E-1
1.079024582E2,-1.167452335E0,3.005671501E-1,6.984148026E-1
1.079104233E2,-1.006076813E0,2.027740479E-1,7.675914764E-1
1.079183274E2,-8.344092965E-1,1.212005615E-1,6.864728928E-1
1.079262925E2,-7.280277014E-1,-1.658535004E-2,7.721405029E-1
1.079341965E2,-8.954790831E-1,-1.043527126E-1,7.858438492E-1
1.079421006E2,-1.215153456E0,-2.574036121E-1,5.681762695E-1
1.079500046E2,-1.308242440E0,-4.143285751E-1,1.327810287E-1
1.079579087E2,-1.307331443E0,-5.589023829E-1,-1.945915222E-1
1.079659043E2,-1.265316844E0,-6.823325157E-1,-3.306636810E-1
1.079738694E2,-1.044915915E0,-6.763699055E-1,-1.655006409E-1
1.079817429E2,-7.385916710E-1,-6.549031734E-1,2.264013290E-1
1.079896470E2,-3.192099035E-1,-6.458286047E-1,5.455980301E-1
1.079975510E2,-8.448438346E-2,-5.911978483E-1,6.777524948E-1
1.080055161E2,1.264748126E-1,-4.186098576E-1,7.598304749E-1
1.080134507E2,2.021824867E-1,-2.665666342E-1,5.624923706E-1
1.080214158E2,2.732838988E-1,-1.320064068E-1,3.580379486E-2
1.080293198E2,3.334759772E-1,-3.219437599E-2,-5.108203888E-1
1.080372849E2,4.611806870E-1,7.383322716E-2,-1.125443459E0
1.080452805E2,4.977733493E-1,1.497446299E-1,-1.798369408E0
1.080532456E2,2.967220247E-1,2.670500278E-1,-2.612945080E0
1.080611191E2,1.531792581E-1,3.432710171E-1,-3.399919510E0
1.080690232E2,1.051781476E-1,3.211457729E-1,-4.138257027E0
1.080769272E2,3.287354112E-2,2.767021656E-1,-4.541360378E0
1.080849228E2,-1.568688750E-1,2.829333544E-1,-4.805851460E0
1.080928269E2,-1.573534012E-1,2.720758915E-1,-4.869777203E0
1.081007004E2,-3.119200468E-2,1.540520191E-1,-4.804738522E0
1.081086045E2,-1.078048348E-1,1.338684559E-1,-4.385545731E0
1.081165085E2,-1.006845832E-1,1.497434378E-1,-3.714890480E0
1.081244736E2,2.461670637E-1,2.802479267E-2,-2.440331459E0
1.081324082E2,2.724202871E-1,6.265246868E-2,-1.681479454E0
1.081402817E2,-1.946954131E-1,2.937222719E-1,-1.865253448E0
1.081481553E2,-6.655086279E-1,5.585056543E-1,-2.587872505E0
1.081560898E2,-7.705993056E-1,6.748236418E-1,-3.801474571E0
1.081640854E2,-7.065124512E-1,8.507144451E-1,-5.146811962E0
1.081719895E2,-7.915086150E-1,1.084229589E0,-5.888345718E0
1.081798630E2,-1.030525208E0,1.418581963E0,-6.053872108E0
1.081877671E2,-9.834893942E-1,1.595805526E0,-5.561002731E0
1.081956711E2,-8.060940504E-1,1.756039023E0,-4.411428452E0
1.082036362E2,-6.541914940E-1,1.819584846E0,-3.357217789E0
1.082115403E2,-3.730104566E-1,1.808480501E0,-2.033385277E0
1.082194443E2,-9.946525097E-2,1.797353506E0,-3.705186844E-1
1.082273484E2,5.140769482E-2,1.817085505E0,1.154651642E0
1.082352524E2,1.315066814E-1,1.917241096E0,2.615050316E0
1.082432480E2,7.497155666E-2,2.167582035E0,3.822484016E0
1.082511521E2,-9.868466854E-2,2.388631344E0,4.488555908E0
1.082590256E2,-8.232796192E-2,2.431440830E0,4.328482628E0
1.082669297E2,1.542921066E-1,2.426099777E0,3.469172478E0
1.082748337E2,2.308278084E-1,2.410995483E0,2.731695175E0
1.082827988E2,1.058073044E-1,2.406083345E0,2.222299576E0
1.082906723E2,1.433961391E-1,2.309388876E0,1.650847435E0
1.082986069E2,2.270665169E-1,2.099275351E0,1.355923653E0
1.083065720E2,1.692311764E-1,1.890330315E0,1.583386421E0
1.083145066E2,1.693162918E-1,1.661706686E0,1.939502716E0
1.083224717E2,2.971788645E-1,1.528056860E0,2.363100052E0
1.083303757E2,6.073077917E-1,1.581473112E0,3.146687508E0
1.083382798E2,7.523945570E-1,1.846239090E0,3.854556084E0
1.083461838E2,8.886642456E-1,1.690822363E0,4.686569214E0
1.083541184E2,1.230122447E0,1.756988287E0,5.001640320E0
1.083620835E2,1.156113386E0,1.680835485E0,4.716462135E0
1.083699875E2,1.164177537E0,1.448608398E0,4.422224998E0
1.083778916E2,1.184431672E0,1.038578272E0,4.450875282E0
1.083857956E2,1.341051102E0,6.688485146E-1,4.973145485E0
1.083937302E2,1.454475641E0,4.279737473E-1,5.632566452E0
1.084016953E2,1.395389557E0,3.581852913E-1,5.776646614E0
1.084095993E2,1.477158189E0,2.801816463E-1,5.325600624E0
1.084174729E2,1.544650555E0,1.977441311E-1,4.256341934E0
1.084253769E2,1.594960690E0,1.886925697E-1,2.978948593E0
1.084333115E2,1.641234279E0,1.666584015E-1,1.279181480E0
1.084412766E2,1.654526114E0,1.406471729E-1,-6.366825104E-2
1.084491501E2,1.531157017E0,3.629946709E-2,-1.022997856E0
1.084570542E2,1.371192932E0,-1.422126293E-1,-1.482160568E0
1.084650193E2,1.089382887E0,-3.600332737E-1,-1.630702496E0
1.084728928E2,7.059872150E-1,-4.934097528E-1,-1.654228687E0
1.084808884E2,3.966058493E-1,-6.305854321E-1,-1.577437401E0
1.084887925E2,1.083717346E-1,-7.356090546E-1,-1.397473335E0
1.084966965E2,1.803731918E-2,-8.144849539E-1,-9.491596222E-1
1.085046006E2,1.039467454E-1,-9.033949375E-1,-2.288579941E-1
1.085125046E2,2.110838890E-1,-9.244877696E-1,3.068990707E-1
1.085204392E2,1.859989166E-1,-8.346538544E-1,5.111522675E-1
1.085284043E2,4.529944658E-1,-5.886421204E-1,8.810043335E-3
1.085363083E2,2.805657387E-1,-6.590967178E-1,-4.150581360E-1
1.085442124E2,2.415302992E-1,-5.580983162E-1,-1.026424408E0
1.085521164E2,5.684858561E-2,-4.075102806E-1,-1.988276005E0
1.085600815E2,-2.421025634E-1,-3.247355223E-1,-3.068019867E0
1.085679856E2,-3.155194521E-1,-1.616109610E-1,-3.880594254E0
1.085758591E2,-4.455960691E-1,-1.023763418E-1,-4.723102570E0
1.085837326E2,-3.689163327E-1,2.961289883E-2,-5.384919167E0
1.085916672E2,-2.907012105E-1,-1.324065924E-1,-5.851681232E0
1.085996323E2,-2.825554013E-1,9.764242172E-2,-6.123466969E0
1.086075669E2,-1.669342518E-1,2.056478262E-1,-6.092786789E0
1.086154709E2,1.121416315E-1,2.205294371E-1,-5.767120838E0
1.086233750E2,3.119432330E-1,3.099137545E-1,-5.017535686E0
1.086313096E2,5.852620602E-1,5.787246227E-1,-3.956161976E0
1.086392746E2,8.793596029E-1,8.030525446E-1,-2.915233135E0
1.086471787E2,1.064544678E0,1.016179085E0,-2.707659721E0
1.086550522E2,9.217646718E-1,9.806379080E-1,-2.976623058E0
1.086629258E2,6.936810613E-1,1.308058143E0,-3.389600754E0
1.086708603E2,2.861199677E-1,1.523397088E0,-3.906006336E0
1.086788254E2,1.248717308E-1,1.605390310E0,-4.103538036E0
1.086867295E2,1.603944898E-1,1.559086084E0,-4.081476212E0
1.086946030E2,4.527848363E-1,1.531326294E0,-3.808094978E0
1.087025071E2,4.501822591E-1,1.357264876E0,-3.374318123E0
1.087104111E2,2.997353673E-1,1.215051770E0,-2.443627357E0
1.087184067E2,8.029955626E-2,1.214246869E0,-1.153473854E0
1.087263413E2,-6.561154127E-2,1.181468129E0,1.691808701E-1
1.087342453E2,-2.204738855E-1,1.289512873E0,1.197612762E0
1.087422104E2,-6.044020653E-1,1.453949094E0,2.254005432E0
1.087501145E2,-9.140310287E-1,1.692531586E0,3.111920357E0
1.087581101E2,-1.350691199E0,1.812097073E0,3.543185234E0
1.087660141E2,-1.466288090E0,1.900581360E0,3.324256897E0
1.087739182E2,-1.407331705E0,2.040744781E0,2.928775787E0
1.087818833E2,-1.311577678E0,2.158332348E0,2.299999237E0
1.087897873E2,-1.284241915E0,2.233917475E0,1.480076790E0
1.087977524E2,-1.203301430E0,2.214665890E0,8.946743011E-1
1.088056565E2,-1.160893440E0,2.039537430E0,4.009466171E-1
1.088136216E2,-1.117443204E0,1.785753608E0,4.830665588E-1
1.088215256E2,-1.188453197E0,1.455023646E0,9.894399643E-1
1.088294602E2,-1.132045984E0,1.232196450E0,2.111756325E0
1.088374558E2,-1.199324846E0,1.242401361E0,4.165153503E0
1.088453598E2,-1.291649938E0,1.272125483E0,6.198912621E0
1.088532944E2,-1.529646039E0,1.068503618E0,7.305245399E0
1.088612595E2,-1.574647307E0,1.005908608E0,7.553638458E0
1.088691636E2,-1.718359590E0,7.690132856E-1,6.519346237E0
1.088771286E2,-1.743219018E0,6.574974060E-1,4.660797119E0
1.088850937E2,-1.861649036E0,3.937150240E-1,2.752350807E0
1.088929978E2,-1.733380437E0,2.382062674E-1,1.225497246E0
1.089009018E2,-1.677035928E0,1.425187588E-1,4.746704102E-1
1.089088364E2,-1.353261113E0,6.921613216E-2,-1.794805527E-1
1.089168015E2,-1.004544735E0,-2.317571640E-1,-1.614456177E-1
1.089246750E2,-5.962454081E-1,-2.996093035E-1,4.346446991E-1
1.089325791E2,-8.707513809E-1,-3.185856342E-1,1.129343987E0
1.089404831E2,-1.195474863E0,-3.442595005E-1,1.581998825E0
1.089484177E2,-1.410304070E0,-4.057172537E-1,1.813634872E0
1.089563828E2,-1.619632006E0,-4.044225216E-1,1.708815575E0
1.089643479E2,-1.736194372E0,-5.086634159E-1,1.412145615E0
1.089722519E2,-1.693668842E0,-5.685279369E-1,1.036397934E0
1.089802170E2,-1.697103024E0,-5.403435230E-1,7.484903336E-1
1.089881211E2,-1.612933040E0,-5.158205032E-1,5.694694519E-1
1.089961167E2,-1.388405800E0,-4.814169407E-1,1.665096283E-1
1.090040207E2,-1.152775288E0,-4.175231457E-1,-2.142009735E-1
1.090118943E2,-9.545368552E-1,-2.920240164E-1,-7.668304443E-1
1.090197678E2,-7.209801674E-1,-1.613715887E-1,-1.417327881E0
1.090277329E2,-4.803142250E-1,-6.679916382E-2,-1.979180813E0
1.090356980E2,-3.097192049E-1,4.258072376E-2,-2.471467972E0
1.090436020E2,-2.088285834E-1,1.633318663E-1,-2.932326317E0
1.090514756E2,-1.188647151E-1,2.318098545E-1,-3.313651562E0
1.090593796E2,-4.206237942E-2,2.015986443E-1,-3.545958042E0
1.090673142E2,-1.334558427E-2,1.426627636E-1,-3.806447029E0
1.090752793E2,1.107207239E-1,2.464835644E-1,-3.977763653E0
1.090831528E2,1.072354019E-1,1.247709990E-1,-3.954467297E0
1.090910874E2,2.912530303E-1,1.951807737E-1,-3.885111809E0
1.090989914E2,3.506191671E-1,1.647928953E-1,-3.858129025E0
1.091069260E2,3.181934357E-1,2.376524210E-1,-3.906718254E0
1.091148911E2,2.434936166E-1,2.783368826E-1,-4.069314957E0
1.091227951E2,1.419856250E-1,2.731074095E-1,-4.346006870E0
1.091306687E2,9.492650628E-2,3.203121424E-1,-4.504558086E0
1.091385422E2,7.145562768E-2,3.932607174E-1,-4.633955002E0
1.091464768E2,1.479951143E-1,3.963104486E-1,-4.731844425E0
1.091544724E2,4.073375463E-1,4.705679417E-1,-4.656919479E0
1.091623764E2,3.773922324E-1,5.954364538E-1,-4.335083485E0
1.091702805E2,2.068366408E-1,7.524735928E-1,-3.852832317E0
1.091781846E2,5.863368511E-2,9.690669775E-1,-3.446875095E0
1.091860886E2,1.085113287E-1,1.064742684E0,-3.076457500E0
1.091940537E2,1.801226735E-1,1.184421182E0,-2.571302414E0
1.092019577E2,1.320561767E-1,1.301769257E0,-2.110950470E0
1.092098618E2,-1.466684937E-1,1.495690346E0,-1.690735340E0
1.092177658E2,-4.771363139E-1,1.674017310E0,-1.732034683E0
1.092257004E2,-5.656898022E-1,1.765084267E0,-1.615101814E0
1.092336960E2,-6.829362512E-1,1.905861735E0,-1.206367493E0
1.092415696E2,-7.347776890E-1,1.912722111E0,-6.764841080E-1
1.092494736E2,-6.393030286E-1,1.904157281E0,-1.256389618E-1
1.092574387E2,-3.467885256E-1,1.860949755E0,5.463571548E-1
1.092653428E2,7.813191414E-2,1.717252493E0,1.452209473E0
1.092733384E2,4.211702347E-1,1.639120579E0,2.268790245E0
1.092812424E2,5.372335911E-1,1.681774616E0,2.833861351E0
1.092891159E2,6.639120579E-1,1.701671004E0,2.992449760E0
1.092970200E2,8.585523367E-1,1.789778113E0,3.128082275E0
1.093049241E2,7.046476603E-1,1.734020591E0,3.195044518E0
1.093128891E2,7.364221811E-1,1.898042083E0,2.956782341E0
1.093207932E2,7.643853426E-1,2.085559845E0,2.836370468E0
1.093286667E2,9.927229881E-1,2.204376698E0,2.799558640E0
1.093365403E2,1.474597573E0,2.446474552E0,2.714918137E0
1.093444748E2,1.755794644E0,2.791565657E0,2.640028000E0
1.093524399E2,2.038254261E0,2.835404396E0,2.816574097E0
1.093603440E2,2.426386833E0,2.861411572E0,3.040714264E0
1.093682175E2,2.511400700E0,2.614004612E0,3.329517365E0
1.093760910E2,2.358325481E0,2.223381519E0,4.042076111E0
1.093840256E2,2.084955931E0,1.629612207E0,5.160824776E0
1.093919907E2,1.743795156E0,1.045950413E0,6.173671722E0
1.093998642E2,1.302129626E0,3.869400024E-1,6.678560257E0
1.094077683E2,1.060622692E0,4.012358189E-2,6.433480263E0
1.094157334E2,1.030559182E0,-2.821507454E-1,5.682326317E0
1.094236374E2,1.152996540E0,-4.786349535E-1,4.777343750E0
1.094316025E2,1.347697258E0,-6.455699205E-1,3.318577766E0
1.094395676E2,1.565041542E0,-7.577365041E-1,1.727887154E0
1.094474411E2,1.576317906E0,-7.706161141E-1,3.175678253E-1
1.094553452E2,1.354104877E0,-6.283369064E-1,-3.877658844E-1
1.094632798E2,1.192178011E0,-3.695878983E-1,-6.162528992E-1
1.094712143E2,1.105231643E0,-2.825062275E-1,-5.932836533E-1
1.094791794E2,1.315560937E0,-2.857409716E-1,-5.322370529E-1
1.094870835E2,1.607861996E0,-4.096792936E-1,-6.258468628E-1
1.094949875E2,1.698464155E0,-5.489406586E-1,-1.005496979E0
1.095029221E2,1.478904843E0,-6.487137675E-1,-1.273872375E0
1.095108872E2,1.473002791E0,-6.830741763E-1,-1.441576958E0
1.095187607E2,1.438183427E0,-8.538719416E-1,-1.558633804E0
1.095266343E2,1.484083652E0,-8.986972570E-1,-1.537922859E0
1.095345383E2,1.336827397E0,-8.620069027E-1,-1.594998360E0
1.095424118E2,1.122803688E0,-7.789950371E-1,-1.735097885E0
1.095503769E2,7.795621157E-1,-6.629650593E-1,-2.039504528E0
1.095583420E2,4.691852331E-1,-5.201886892E-1,-2.400905132E0
1.095662461E2,1.426444054E-1,-4.016131759E-1,-2.795179367E0
1.095741196E2,-1.481815577E-1,-2.257807255E-1,-3.490376949E0
1.095820542E2,-3.253075480E-1,-1.332486868E-1,-4.225493431E0
1.095900193E2,-5.688634515E-1,-5.650007725E-2,-4.890385151E0
1.095979233E2,-6.148498654E-1,5.598807335E-2,-5.349106789E0
1.096057969E2,-6.713355780E-1,1.676363945E-1,-5.527664185E0
1.096136704E2,-7.071429491E-1,2.635281086E-1,-5.596539974E0
1.096216050E2,-7.261853218E-1,3.896554708E-1,-5.543876171E0
1.096295395E2,-8.335089087E-1,6.086064577E-1,-5.328979492E0
1.096375046E2,-8.878449202E-1,8.449745178E-1,-4.803187847E0
1.096454087E2,-5.304341316E-1,1.035993934E0,-4.066351891E0
1.096533127E2,-2.722505331E-1,1.128833413E0,-3.673184872E0
1.096612473E2,-1.319585443E-1,1.247847915E0,-3.309831142E0
1.096692124E2,-1.667507291E-1,1.393550277E0,-3.213194847E0
1.096771164E2,-2.574570477E-1,1.520266652E0,-3.124294758E0
1.096850205E2,-4.304118752E-1,1.482056499E0,-3.022453308E0
1.096928940E2,-5.408641100E-1,1.537892103E0,-3.066192150E0
1.097008286E2,-6.314280629E-1,1.588081121E0,-2.756002426E0
1.097087937E2,-8.690313697E-1,1.598977208E0,-1.999093056E0
1.097166977E2,-9.769515991E-1,1.633483648E0,-9.752511978E-1
1.097246018E2,-9.479696751E-1,1.804971337E0,2.555332184E-1
1.097324753E2,-9.785985351E-1,1.886605144E0,1.169426918E0
1.097404099E2,-9.991810322E-1,1.930991650E0,2.437077522E0
1.097484055E2,-1.092546701E0,1.948656917E0,3.618330956E0
1.097563096E2,-1.285738468E0,2.016610622E0,4.551097870E0
1.097642746E2,-1.364256859E0,1.990172505E0,4.970943451E0
1.097721787E2,-1.323428750E0,1.939158082E0,4.933350563E0
1.097800827E2,-1.125071049E0,1.849670172E0,4.754584312E0
1.097880784E2,-1.101046681E0,1.805364847E0,4.362934113E0
1.097960434E2,-9.657105803E-1,1.787365556E0,3.857814789E0
1.098039475E2,-5.976279974E-1,1.697236657E0,3.185700417E0
1.098118515E2,-2.335013747E-1,1.655156016E0,2.591643333E0
1.098197861E2,-1.336601824E-1,1.619022131E0,2.457955360E0
1.098277512E2,-3.927851021E-1,1.526345730E0,2.393849373E0
1.098356553E2,-6.881383061E-1,1.243471265E0,2.386864662E0
1.098436509E2,-1.061894655E0,9.433288574E-1,2.447887421E0
1.098515549E2,-1.314788580E0,6.590205431E-1,2.745136261E0
1.098594590E2,-1.673240066E0,2.161421776E-1,2.970826149E0
1.098674241E2,-1.838193893E0,-2.609274387E-1,3.422265053E0
1.098753281E2,-2.107458115E0,-5.286750793E-1,4.262363434E0
1.098832322E2,-2.146163940E0,-6.541826725E-1,5.038081169E0
1.098911362E2,-1.980302930E0,-7.836973667E-1,5.342154503E0
1.098990708E2,-1.707589507E0,-8.347169757E-1,5.030639648E0
1.099070359E2,-1.727615833E0,-6.710379124E-1,4.642072678E0
1.099150010E2,-1.980202913E0,-4.681839943E-1,3.968061447E0
1.099230271E2,-2.218642235E0,-3.309693336E-1,2.778718948E0
1.099309922E2,-2.371706486E0,-3.361992836E-1,1.407157898E0
1.099388962E2,-2.503861189E0,-3.653303385E-1,4.802675247E-1
1.099468918E2,-2.543187857E0,-3.515756130E-1,2.876777649E-1
1.099548569E2,-2.498038530E0,-3.348892927E-1,6.067714691E-1
1.099627610E2,-2.257428646E0,-2.635717392E-1,1.049906731E0
1.099706650E2,-1.926712513E0,-2.079312801E-1,1.239581108E0
1.099785996E2,-1.446169853E0,-9.941160679E-2,1.212030411E0
1.099865952E2,-1.113758326E0,6.012284756E-2,1.041798592E0
1.099944992E2,-9.006746411E-1,2.149862051E-1,5.803680420E-1
1.100024033E2,-8.560219407E-1,2.961754799E-1,-3.322792053E-1
1.100103074E2,-6.099807620E-1,3.335614204E-1,-1.332586288E0
1.100182114E2,-6.325384974E-1,2.787907124E-1,-2.504542828E0
1.100261765E2,-6.004382968E-1,2.806226015E-1,-3.378808498E0
1.100341416E2,-5.113129020E-1,2.729184628E-1,-4.073088646E0
1.100420456E2,-3.991353512E-1,2.443732023E-1,-4.834061623E0
1.100499497E2,-2.816947997E-1,1.692607403E-1,-5.568351746E0
1.100578537E2,-5.687130988E-2,8.485412598E-2,-6.139646530E0
1.100658493E2,2.006050348E-1,-5.303347111E-2,-6.742019176E0
1.100737534E2,2.264451087E-1,2.345240116E-2,-6.705548763E0
1.100817185E2,-1.063585281E-3,7.795512676E-2,-6.674399853E0
1.100896225E2,2.005931735E-2,8.029162884E-2,-6.641276360E0
1.100975571E2,1.889103949E-1,-2.887427807E-2,-6.455161095E0
1.101055222E2,1.240439415E-1,-9.437549114E-2,-5.814415932E0
1.101134262E2,1.559383869E-1,-7.487654686E-3,-4.987085819E0
1.101213303E2,8.325517178E-2,6.494462490E-2,-4.375119686E0
1.101292344E2,2.272522449E-1,9.202158451E-2,-3.652909756E0
1.101371689E2,3.842529655E-1,2.128384113E-1,-3.311120987E0
1.101451340E2,3.031061292E-1,3.656599522E-1,-3.454829693E0
1.101530381E2,7.560783625E-2,5.971878767E-1,-3.693423748E0
1.101609421E2,1.211650372E-1,7.286008596E-1,-3.919423580E0
1.101688157E2,2.031618357E-1,8.896735907E-1,-3.907808304E0
1.101767502E2,1.618294120E-1,1.026453137E0,-3.723371029E0
1.101847153E2,1.282316446E-2,1.196676016E0,-3.294579029E0
1.101926194E2,-2.322749496E-1,1.221765757E0,-2.817862988E0
1.102005234E2,-2.369535565E-1,1.371572018E0,-2.156670570E0
1.102084275E2,-9.871792793E-2,1.589646339E0,-1.454429626E0
1.102163620E2,1.878753901E-1,1.811842203E0,-4.550170898E-1
1.102243271E2,3.111940622E-1,1.953303695E0,6.592731476E-1
1.102322922E2,4.524930716E-1,2.096073627E0,1.672578812E0
1.102401658E2,6.803795099E-1,2.170969248E0,3.068661690E0
1.102480393E2,8.773435354E-1,2.225703716E0,4.127035141E0
1.102559739E2,1.046007872E0,2.138696671E0,4.484328270E0
1.102639389E2,1.179233670E0,2.023203850E0,4.253720284E0
1.102718430E2,9.531757832E-1,1.874433517E0,3.714638710E0
1.102797471E2,5.866924524E-1,1.779141188E0,3.074784279E0
1.102876206E2,1.733076572E-1,1.646280289E0,2.594758987E0
1.102955552E2,2.811545134E-1,1.699697614E0,1.791543007E0
1.103035508E2,4.479115009E-1,1.481750846E0,1.069311142E0
1.103114243E2,1.014767408E0,1.499566317E0,1.013708115E0
1.103193284E2,1.424922347E0,1.485371351E0,1.184533119E0
1.103272934E2,2.110683441E0,1.751066327E0,1.517492294E0
1.103351975E2,2.530898571E0,2.062521458E0,2.128474236E0
1.103431626E2,2.967440128E0,2.482239246E0,2.975128174E0
1.103511277E2,3.162679195E0,2.565668106E0,3.689001083E0
1.103590317E2,2.991236210E0,2.204862118E0,4.702825546E0
1.103669968E2,2.250514984E0,1.852100015E0,5.543500900E0
1.103748703E2,1.462983012E0,1.422795057E0,6.048555374E0
1.103828659E2,9.151743650E-1,8.306490183E-1,6.146785736E0
1.103907700E2,4.373044968E-1,1.758072376E-1,5.560891151E0
1.103986741E2,3.181204796E-1,-1.201817989E-1,4.684292793E0
1.104065476E2,2.936874628E-1,-4.052773714E-1,3.717082024E0
1.104144822E2,3.486131430E-1,-6.402721405E-1,2.324632645E0
1.104224472E2,2.289990187E-1,-8.424147964E-1,8.712825775E-1
1.104303513E2,1.313740015E-1,-8.867971301E-1,-9.302902222E-2
1.104382554E2,-1.784205437E-3,-9.158715606E-1,-8.393402100E-1
1.104461594E2,1.627147198E-2,-9.669914246E-1,-1.306035995E0
1.104540940E2,1.080005169E-1,-8.985966444E-1,-1.364132881E0
1.104620591E2,9.983956814E-2,-7.381687164E-1,-1.330270767E0
1.104699631E2,1.974568367E-1,-6.157647371E-1,-1.330868721E0
1.104778672E2,5.374929905E-1,-5.424861908E-1,-1.370384216E0
1.104858323E2,5.698490143E-1,-4.464730024E-1,-1.534995079E0
1.104937973E2,5.721540451E-1,-4.477645159E-1,-1.479649544E0
1.105017624E2,6.981364489E-1,-4.947322607E-1,-1.350184441E0
1.105096360E2,6.530730724E-1,-5.956050158E-1,-1.119957924E0
1.105175400E2,6.785337925E-1,-7.287033796E-1,-8.870077133E-1
1.105255051E2,6.287316084E-1,-8.472307324E-1,-6.036510468E-1
1.105334092E2,4.172263145E-1,-9.465361834E-1,-4.593696594E-1
1.105413437E2,1.171337366E-1,-9.047271013E-1,-4.851827621E-1
1.105492783E2,-1.276487112E-1,-8.282551169E-1,-7.505712509E-1
1.105571824E2,-2.415623665E-1,-7.598302364E-1,-1.320194244E0
1.105651474E2,-4.121899605E-1,-6.358913183E-1,-2.215734482E0
1.105730515E2,-4.031876326E-1,-5.529957414E-1,-3.377103329E0
1.105810166E2,-9.071893692E-1,-3.766986132E-1,-4.287252903E0
1.105889512E2,-9.179580212E-1,-2.373007536E-1,-5.247661591E0
1.105968552E2,-1.093811631E0,-1.198635101E-1,-6.076091766E0
1.106047898E2,-1.284317374E0,3.296148777E-2,-6.162371635E0
1.106127243E2,-1.312734962E0,3.790837526E-1,-5.681360245E0
1.106206894E2,-1.179676294E0,8.116472960E-1,-4.249731541E0
1.106285935E2,-1.544928908E0,5.904963017E-1,-5.205926895E0
1.106364670E2,-4.003469348E-1,9.440231323E-1,-4.291761875E0
1.106443711E2,-5.717500448E-1,1.096141338E0,-3.439035416E0
1.106522751E2,-7.052317858E-1,1.505142808E0,-2.170034885E0
1.106602402E2,-6.852530241E-1,1.649518728E0,-1.561311722E0
1.106681443E2,-5.824458599E-1,1.789669394E0,-1.304067612E0
1.106760483E2,-5.941595435E-1,1.921227336E0,-1.204578400E0
1.106839219E2,-6.874216199E-1,2.005750895E0,-1.050791740E0
1.106918869E2,-6.239571571E-1,2.046807289E0,-7.067708969E-1
1.106998520E2,-5.795942545E-1,1.945775390E0,-5.278778076E-2
1.107078171E2,-4.421823025E-1,1.957034826E0,6.934499741E-1
1.107156907E2,-4.819146097E-1,1.908514500E0,1.554645538E0
1.107235947E2,-5.024384260E-1,1.959265471E0,2.306652069E0
1.107314988E2,-5.195755959E-1,1.996399760E0,3.023990631E0
1.107394638E2,-4.280998409E-1,2.003298283E0,3.680368423E0
1.107473679E2,-3.198312223E-1,1.969848037E0,4.161175728E0
1.107552414E2,-3.948869109E-1,1.856729150E0,4.224359512E0
1.107631455E2,-5.750333667E-1,1.798510432E0,3.774256706E0
1.107710495E2,-7.427563667E-1,1.791331887E0,3.220322609E0
1.107790451E2,-7.915821075E-1,1.782541275E0,2.848774910E0
1.107869187E2,-7.549730539E-1,1.716822028E0,2.369438171E0
1.107948227E2,-7.419943810E-1,1.579939485E0,2.026043892E0
1.108028183E2,-6.690869331E-1,1.516348600E0,1.935773849E0
1.108107224E2,-6.352044940E-1,1.387992144E0,2.224875450E0
1.108186875E2,-5.475846529E-1,1.366349101E0,2.864793777E0
1.108265915E2,-5.765094161E-1,1.516859174E0,3.458387375E0
1.108344956E2,-7.275984287E-1,1.522756457E0,3.699790955E0
1.108423996E2,-1.014898896E0,1.185207367E0,3.498977661E0
1.108502732E2,-1.069648504E0,9.560693502E-1,2.990567207E0
1.108582688E2,-1.254016399E0,6.084766388E-1,2.759125710E0
1.108662034E2,-1.388920546E0,4.110395908E-1,2.476202965E0
1.108741074E2,-1.298662066E0,1.522856951E-1,2.052996635E0
1.108820725E2,-1.095485330E0,3.939592838E-2,1.838489532E0
1.108900376E2,-8.957847357E-1,-4.447066784E-2,1.731556892E0
1.108980332E2,-7.739874125E-1,1.645088196E-3,1.487484932E0
1.109059067E2,-7.641540766E-1,6.176555157E-2,9.914102554E-1
1.109138108E2,-7.795985341E-1,1.211235523E-1,3.869886398E-1
1.109216843E2,-9.126166701E-1,7.237458229E-2,-2.062320709E-1
1.109296189E2,-1.346354008E0,-1.052224636E-1,-1.010693550E0
1.109375840E2,-1.864805341E0,-2.838741541E-1,-1.861474037E0
1.109454880E2,-2.224430323E0,-4.636310339E-1,-2.522639275E0
1.109533921E2,-2.278545618E0,-6.817835569E-1,-2.527475834E0
1.109612961E2,-2.274973392E0,-8.187491894E-1,-1.922097206E0
1.109692002E2,-2.077588558E0,-8.797006607E-1,-1.247996330E0
1.109771653E2,-1.819708586E0,-8.970566392E-1,-5.873632431E-1
1.109850693E2,-1.526164532E0,-7.677052021E-1,-6.190204620E-2
1.109929429E2,-1.186113358E0,-5.695654154E-1,1.185550690E-1
1.110008164E2,-8.324823380E-1,-4.170525074E-1,-1.901912689E-2
1.110087510E2,-4.758247733E-1,-1.927405596E-1,-1.791133881E-1
1.110167466E2,-7.065349817E-2,2.612841129E-2,-2.133064270E-1
1.110246201E2,1.962200403E-1,2.526502609E-1,-3.705072403E-1
1.110325242E2,3.218234479E-1,3.880242109E-1,-7.218294144E-1
1.110404892E2,4.302241504E-1,5.628299713E-1,-1.250849724E0
1.110483933E2,5.453765988E-1,7.261927128E-1,-2.091604710E0
1.110563889E2,5.277106166E-1,7.758250237E-1,-3.253397942E0
1.110642929E2,4.383033216E-1,6.720563173E-1,-4.337255478E0
1.110721665E2,2.943390906E-1,4.483244419E-1,-5.449191093E0
1.110800705E2,1.510302424E-1,3.662471771E-1,-5.979832649E0
1.110879746E2,-9.503138065E-2,2.644083500E-1,-6.020824432E0
1.110959397E2,-5.449092388E-2,2.335069180E-1,-5.345120907E0
1.111038437E2,8.801394701E-2,2.462192774E-1,-3.996138573E0
1.111117478E2,2.907828093E-1,3.128525019E-1,-2.671763420E0
1.111196518E2,5.314820409E-1,4.323697090E-1,-1.571751595E0
1.111275864E2,7.112564445E-1,5.841133595E-1,-6.976690292E-1
1.111355515E2,5.677242875E-1,9.153267145E-1,-7.934103012E-1
1.111434555E2,3.834407926E-1,1.062131166E0,-2.048916340E0
1.111513596E2,2.737354636E-1,1.208267689E0,-3.174581528E0
1.111592637E2,-7.905644178E-2,1.325999141E0,-4.199988842E0
1.111671413E2,-2.052774429E-1,1.374022841E0,-4.783886433E0
1.111751369E2,-1.997347474E-1,1.359542608E0,-4.963273525E0
1.111830410E2,-4.461371899E-1,1.490387678E0,-4.810560226E0
1.111909145E2,-6.498016119E-1,1.544561028E0,-3.932204723E0
1.111988185E2,-5.915851593E-1,1.571772575E0,-2.246808529E0
1.112067226E2,-5.344561338E-1,1.541890025E0,-9.037017822E-1
1.112146877E2,-2.865259051E-1,1.491083145E0,2.763004303E-1
1.112225917E2,-3.868365288E-2,1.506027699E0,1.310523987E0
1.112304653E2,4.894983768E-2,1.569423437E0,2.368607521E0
1.112383388E2,-5.911636353E-2,1.694180608E0,3.534211159E0
1.112462734E2,-6.419408321E-2,1.838037848E0,4.299978256E0
1.112542079E2,-1.317632198E-2,1.990856647E0,4.247221947E0
1.112621120E2,1.507028341E-1,1.966288924E0,3.728031158E0
1.112699855E2,5.123288631E-1,1.903507113E0,3.147068977E0
1.112778591E2,6.180193424E-1,1.782599568E0,2.654326439E0
1.112857936E2,7.137057781E-1,1.676249385E0,2.393255234E0
1.112937587E2,7.451114655E-1,1.496317387E0,2.287292480E0
1.113016628E2,6.315977573E-1,1.273797750E0,2.305331230E0
1.113095363E2,6.019177437E-1,1.174587131E0,2.466851234E0
1.113174709E2,6.679812670E-1,1.143467784E0,2.963330269E0
1.113253749E2,8.605122566E-1,1.489003420E0,3.687052727E0
1.113333400E2,6.506944895E-1,1.588396788E0,4.162441254E0
1.113412746E2,7.757570744E-1,1.612394929E0,4.127188683E0
1.113492092E2,9.190199375E-1,1.652969003E0,3.578296661E0
1.113571132E2,9.067885876E-1,1.434721708E0,2.922134399E0
1.113650478E2,8.968541622E-1,1.144803047E0,2.379890442E0
1.113730129E2,9.357273579E-1,8.296527863E-1,2.569819450E0
1.113809169E2,1.168647289E0,4.562385082E-1,3.313843727E0
1.113888210E2,9.352868795E-1,2.789064646E-1,3.729636192E0
1.113966945E2,1.008901238E0,1.159176826E-1,3.753615379E0
1.114046291E2,1.192013025E0,-1.102908850E-1,3.082934380E0
1.114125942E2,1.231603503E0,-2.885928154E-1,1.861341476E0
1.114204982E2,1.130467176E0,-3.655937910E-1,7.844581604E-1
1.114283718E2,1.087470293E0,-4.068665504E-1,2.508993149E-1
1.114362758E2,8.102854490E-1,-3.452616930E-1,8.445739746E-3
1.114441799E2,5.677521229E-1,-3.198796511E-1,-1.852188110E-1
1.114521755E2,5.222474337E-1,-3.726981878E-1,-4.220323563E-1
1.114600490E2,4.567539692E-1,-4.692832232E-1,-5.390348434E-1
1.114679531E2,3.239070177E-1,-5.333858728E-1,-4.384355545E-1
1.114759181E2,3.251755238E-1,-5.367393494E-1,-3.152666092E-1
1.114838222E2,2.842983007E-1,-5.647507906E-1,-5.510368347E-1
1.114917873E2,2.510877848E-1,-5.098007917E-1,-8.023033142E-1
1.114997219E2,1.492623091E-1,-4.365967512E-1,-9.516439438E-1
1.115076564E2,9.870731831E-2,-3.894014359E-1,-1.146483421E0
1.115156215E2,1.072959900E-1,-4.010111094E-1,-1.489531517E0
1.115235256E2,2.953960896E-1,-2.061132193E-1,-1.765256882E0
1.115315212E2,3.839459419E-1,-1.522083282E-1,-1.616626740E0
1.115394557E2,4.324066639E-1,-1.625975370E-1,-1.648574829E0
1.115473598E2,4.772601128E-1,-7.924199104E-3,-2.099647999E0
1.115552639E2,3.325218558E-1,8.410930634E-2,-2.756882191E0
1.115631679E2,1.464914680E-1,2.805918455E-1,-3.455023289E0
1.115711330E2,-8.106189966E-2,3.706560135E-1,-4.087002277E0
1.115790676E2,-1.775258780E-1,4.703128338E-1,-5.098147392E0
1.115870021E2,-3.130135238E-1,3.934508562E-1,-6.050134659E0
1.115949062E2,-2.739947438E-1,4.987112284E-1,-6.737738132E0
1.116028408E2,-2.651867568E-1,4.506968260E-1,-7.047211647E0
1.116108058E2,-2.159258723E-1,5.039335489E-1,-6.660980225E0
1.116186794E2,-2.067856491E-1,6.120860577E-1,-5.687147141E0
1.116266445E2,-3.082029223E-1,7.148950100E-1,-4.558972836E0
1.116345485E2,-3.333656490E-1,8.939281702E-1,-3.631880760E0
1.116424831E2,-1.374042034E-1,1.028410435E0,-3.108583927E0
1.116504482E2,9.210783243E-2,1.170089126E0,-2.705840588E0
1.116583522E2,1.969289482E-1,1.239456058E0,-2.438630104E0
1.116662258E2,-7.152336836E-2,1.337199092E0,-2.194543839E0
1.116741298E2,-2.647765279E-1,1.513688087E0,-2.466505051E0
1.116820034E2,-3.817750812E-1,1.558036089E0,-2.800030231E0
1.116899990E2,-6.215674877E-1,1.576754570E0,-2.958944321E0
1.116979335E2,-7.465579510E-1,1.546132565E0,-2.749923229E0
1.117058376E2,-9.318717718E-1,1.498310447E0,-2.161419868E0
1.117138027E2,-1.050100327E0,1.533376575E0,-1.490889549E0
1.117217678E2,-1.175284863E0,1.641962767E0,-2.777042389E-1
1.117297328E2,-1.180988789E0,1.706365705E0,1.294402122E0
1.117376674E2,-9.141671062E-1,1.812612891E0,2.800142288E0
1.117455715E2,-7.512866259E-1,1.835645676E0,3.981760025E0
1.117535366E2,-5.110946298E-1,2.152257919E0,5.036036491E0
1.117614101E2,-1.314706326E0,2.111660242E0,5.580551147E0
1.117693752E2,-8.589614034E-1,2.019783974E0,5.408725739E0
1.117773403E2,-8.596447110E-1,2.018602848E0,4.944045067E0
1.117852443E2,-1.292233706E0,1.913128376E0,4.068071365E0
1.117931179E2,-1.408544660E0,1.776988029E0,2.911680222E0
1.118010524E2,-1.180677176E0,1.507082939E0,2.251206398E0
1.118090175E2,-1.120939016E0,1.340343595E0,2.023985863E0
1.118169216E2,-1.032999039E0,1.396509886E0,2.143523216E0
1.118247951E2,-1.129659891E0,1.308165908E0,2.525464058E0
1.118326992E2,-1.178709030E0,1.172480345E0,2.867418289E0
1.118406032E2,-1.278781176E0,8.227701187E-1,3.313964844E0
1.118485683E2,-1.303919196E0,5.837393999E-1,3.729734421E0
1.118565334E2,-1.604844928E0,1.562914848E-1,4.084324837E0
1.118644374E2,-1.695929170E0,-1.945931911E-1,4.393075943E0
1.118723415E2,-1.729240417E0,-4.279588461E-1,4.442383766E0
1.118802761E2,-1.693498135E0,-5.726517439E-1,4.717636108E0
1.118882411E2,-1.552534342E0,-5.564744473E-1,5.110089302E0
1.118961452E2,-1.509649754E0,-4.473042488E-1,5.356107712E0
1.119040187E2,-1.465837717E0,-2.920411825E-1,5.178361893E0
1.119119228E2,-1.587842941E0,-1.234054565E-1,4.371893883E0
1.119198268E2,-1.695042491E0,-8.818984032E-3,3.171984673E0
1.119277919E2,-1.848228455E0,-2.068722248E-2,1.423364639E0
1.119356655E2,-2.177623987E0,-4.882669449E-2,-3.231525421E-1
1.119436306E2,-2.462278605E0,-8.043348789E-2,-1.661914825E0
1.119515956E2,-2.558029413E0,-1.619248390E-1,-2.572544098E0
1.119595302E2,-2.569654703E0,-3.270457983E-1,-2.702862740E0
1.119674953E2,-2.602072239E0,-4.255928993E-1,-2.529439449E0
1.119753994E2,-2.389741182E0,-5.298864841E-1,-2.165972710E0
1.119832729E2,-2.120548010E0,-6.189885139E-1,-1.278241158E0
1.119912075E2,-1.927407980E0,-5.830918550E-1,-5.643320084E-1
1.119991115E2,-1.742097616E0,-5.901638865E-1,-3.559274673E-1
1.120070766E2,-1.604575038E0,-4.996614456E-1,-4.798240662E-1
1.120149501E2,-1.430925965E0,-3.042380810E-1,-8.945846558E-1
1.120228542E2,-1.172223568E0,-1.255717278E-1,-1.388835907E0
1.120308193E2,-9.783581495E-1,1.004538536E-1,-1.800061703E0
1.120387233E2,-7.949479222E-1,3.458263874E-1,-2.374910355E0
1.120466884E2,-5.755996108E-1,5.191570520E-1,-2.909776211E0
1.120545925E2,-4.152463973E-1,6.611690521E-1,-3.479413509E0
1.120624965E2,-3.171104491E-1,7.231416702E-1,-4.019169331E0
1.120704006E2,-2.335998416E-1,7.674410343E-1,-4.701806068E0
1.120782741E2,-3.701343238E-1,8.220686913E-1,-5.338486195E0
1.120862697E2,-3.407868147E-1,5.859862566E-1,-5.640025139E0
1.120941432E2,-3.432707787E-1,7.093079090E-1,-6.154826164E0
1.121020473E2,-1.298995018E-1,5.674771070E-1,-5.755737305E0
1.121099819E2,8.026361465E-4,6.012727022E-1,-4.886171341E0
1.121179164E2,1.044926047E-1,5.002576113E-1,-4.035674572E0
1.121259120E2,3.380010128E-1,5.424389839E-1,-3.165166378E0
1.121338161E2,4.315605164E-1,6.294856071E-1,-2.513092518E0
1.121416896E2,3.179777861E-1,8.214124441E-1,-2.062942505E0
1.121495632E2,6.263518333E-2,1.059784412E0,-1.860126495E0
1.121575283E2,-1.913821697E-1,1.262392044E0,-2.043206215E0
1.121655239E2,-2.684494853E-1,1.494943619E0,-2.301520824E0
1.121734584E2,-3.842937946E-1,1.713574171E0,-2.532634735E0
1.121813625E2,-4.243763685E-1,1.892488360E0,-2.765737057E0
1.121892665E2,-2.864166498E-1,2.094765186E0,-2.804954052E0
1.121971706E2,-5.692338943E-2,2.121402740E0,-2.347759247E0
1.122051357E2,2.687740326E-1,2.135103703E0,-1.528676987E0
1.122131008E2,5.439802408E-1,2.068717957E0,-3.600473404E-1
1.122210048E2,6.693130732E-1,2.021049023E0,1.086336136E0
1.122289089E2,6.593228579E-1,2.035953283E0,2.574485779E0
1.122368434E2,7.746853828E-1,1.984661579E0,4.020977974E0
1.122448085E2,9.081398249E-1,1.832444787E0,4.821455956E0
1.122527126E2,9.975752831E-1,1.735895872E0,4.933843613E0
1.122606166E2,1.085588694E0,1.662650347E0,4.567269325E0
1.122685207E2,1.126236200E0,1.504292250E0,3.797363281E0
1.122764247E2,9.706859589E-1,1.388984919E0,2.884569168E0
1.122843898E2,6.724501848E-1,1.426151991E0,2.106995583E0
1.122923244E2,5.574296713E-1,1.493352652E0,1.533934593E0
1.123002590E2,6.804147959E-1,1.583236694E0,1.042725563E0
1.123081630E2,1.020309925E0,1.815370798E0,5.562896729E-1
1.123160976E2,1.121772766E0,1.968340635E0,1.248140335E-1
1.123240627E2,1.105423093E0,2.030666113E0,-3.214263916E-2
1.123319362E2,1.253695369E0,2.046018839E0,4.426012039E-1
1.123398403E2,1.237456918E0,1.808441639E0,1.311809540E0
1.123478054E2,1.299929142E0,1.391584754E0,2.136414528E0
1.123558315E2,1.602812767E0,8.518869877E-1,3.460378647E0
1.123637966E2,1.781615734E0,1.499464512E-1,5.294441223E0
1.123717617E2,1.792209625E0,-1.450440884E-1,6.816660881E0
1.123796657E2,1.683136582E0,-4.021826982E-1,7.312143326E0
1.123875698E2,1.805231571E0,-4.484547377E-1,7.049304008E0
1.123955043E2,1.529321194E0,-4.775966406E-1,5.954848289E0
1.124034389E2,1.294141889E0,-2.826732397E-1,3.866628647E0
1.124114040E2,1.121871114E0,-1.885172129E-1,1.688693047E0
1.124193080E2,1.071825027E0,6.613278389E-2,-4.569034576E-1
1.124272426E2,1.304496527E0,1.721343994E-1,-2.274534225E0
1.124351161E2,1.491707802E0,1.944093704E-1,-3.115180016E0
1.124430812E2,1.624349236E0,1.165425777E-1,-3.243928909E0
1.124510158E2,1.677846789E0,2.327775955E-2,-2.637139797E0
1.124589199E2,1.885254145E0,-1.305029392E-1,-2.161177635E0
1.124668239E2,1.927214265E0,-2.710639238E-1,-2.011225700E0
1.124747585E2,2.000401020E0,-4.889405966E-1,-1.741741657E0
1.124827236E2,1.938413620E0,-6.161017418E-1,-1.482878208E0
1.124906276E2,1.629062891E0,-6.915239096E-1,-1.454885483E0
1.124985012E2,1.359542131E0,-7.809640169E-1,-1.743649960E0
1.125063747E2,9.947259426E-1,-8.342534304E-1,-2.265201092E0
1.125143093E2,6.347194910E-1,-8.941936493E-1,-2.933883190E0
1.125222744E2,3.706202507E-1,-8.029228449E-1,-3.357593060E0
1.125301784E2,-2.819538116E-2,-9.590291977E-1,-3.528868675E0
1.125380519E2,9.569382668E-2,-8.099176288E-1,-3.932593822E0
1.125459560E2,-9.769690037E-2,-7.813302875E-1,-4.175872803E0
1.125538600E2,-3.577461243E-1,-6.108208895E-1,-4.471937180E0
1.125618556E2,-5.870224237E-1,-3.989349604E-1,-4.842188835E0
1.125697597E2,-8.887418509E-1,-2.818617821E-1,-5.190798759E0
1.125776332E2,-1.068635464E0,-1.740692854E-1,-5.314116955E0
1.125855068E2,-1.040774226E0,-8.679378033E-2,-4.800693035E0
1.125934413E2,-7.545602322E-1,2.790760994E-2,-3.531431198E0
1.126014064E2,-4.758025408E-1,2.286583185E-1,-1.888692379E0
1.126093105E2,-4.395442009E-1,4.101908207E-1,-4.660339355E-1
1.126171840E2,-4.628206491E-1,7.209633589E-1,6.987733841E-1
1.126250881E2,-5.388342142E-1,9.849765301E-1,8.376369476E-1
1.126329921E2,-7.154077291E-1,1.183739543E0,3.605356216E-1
1.126409877E2,-8.385726213E-1,1.475723982E0,-9.434576035E-1
1.126488918E2,-1.005684137E0,1.648630023E0,-2.683524132E0
1.126567958E2,-1.170162559E0,1.879135609E0,-4.413452148E0
1.126647609E2,-1.349855661E0,2.012411594E0,-5.603432178E0
1.126726955E2,-1.598255277E0,1.963608742E0,-6.388658524E0
1.126806606E2,-1.689990997E0,1.821225405E0,-5.944768906E0
1.126885646E2,-1.758232355E0,1.717667580E0,-4.710482597E0
1.126964687E2,-1.816153884E0,1.613191128E0,-2.282137871E0
1.127043727E2,-1.640678763E0,1.604656696E0,3.982467651E-1
1.127123073E2,-1.289756060E0,1.572658539E0,2.734181404E0
1.127202724E2,-1.081141591E0,1.608564019E0,4.525197029E0
1.127281764E2,-1.009177089E0,1.786851525E0,5.882469177E0
1.127360500E2,-9.230138659E-1,1.819813371E0,6.237108231E0
1.127439846E2,-9.132696390E-1,1.841695905E0,5.753889084E0
1.127518581E2,-9.796098471E-1,1.918716192E0,4.770673752E0
1.127598537E2,-1.253549933E0,2.005897045E0,3.622320175E0
1.127677577E2,-1.442233205E0,2.033994198E0,2.411613464E0
1.127756313E2,-1.530660272E0,1.999634624E0,1.393734932E0
1.127835353E2,-1.662201881E0,1.846377015E0,5.392303467E-1
1.127914394E2,-1.831634521E0,1.656334281E0,1.099987030E-1
1.127994350E2,-1.831419468E0,1.470123410E0,5.362462997E-1
1.128073085E2,-1.798092127E0,1.471016526E0,1.332662582E0
1.128152431E2,-1.741376400E0,1.633397818E0,2.444890976E0
1.128232082E2,-1.717641115E0,1.354513645E0,3.277601242E0
1.128311428E2,-1.313726425E0,1.128554106E0,3.769397736E0
1.128391078E2,-8.639475107E-1,1.063629866E0,4.184640884E0
1.128470119E2,-1.017821074E0,7.484433651E-1,4.523246765E0
1.128549465E2,-9.455620050E-1,5.314627886E-1,4.292800903E0
1.128629116E2,-7.049143910E-1,2.718079090E-1,3.982033730E0
1.128707851E2,-3.907499313E-1,3.106963634E-2,4.270663261E0
1.128787502E2,-1.084424853E-1,-5.607521534E-2,4.512522697E0
1.128867153E2,2.791150808E-1,-1.319692135E-1,4.231552124E0
1.128946193E2,3.547455668E-1,-1.610997915E-1,3.744745255E0
1.129026149E2,2.352220416E-1,-2.318464518E-1,3.115932465E0
1.129105190E2,-6.884229183E-2,-1.870113611E-1,2.536139488E0
1.129184535E2,-5.241600275E-1,-2.619769573E-1,1.748329163E0
1.129264186E2,-8.816190958E-1,-3.288631439E-1,1.111104965E0
1.129342922E2,-1.222096443E0,-3.661948442E-1,6.217498779E-1
1.129421962E2,-1.363357067E0,-4.296319485E-1,3.679924011E-1
1.129501308E2,-1.383224726E0,-4.875652790E-1,1.032571793E-1
1.129581264E2,-1.426697850E0,-6.210473776E-1,-3.399496078E-1
1.129660915E2,-1.592284679E0,-5.351358056E-1,-7.243375778E-1
1.129739650E2,-1.521105051E0,-4.530128241E-1,-1.070797920E0
1.129818691E2,-1.307652831E0,-3.741150498E-1,-1.381650925E0
1.129897426E2,-9.821172357E-1,-2.236708403E-1,-1.458006859E0
1.129977382E2,-7.086294889E-1,-1.340770721E-2,-1.512775421E0
1.130056118E2,-4.801173806E-1,2.296042442E-1,-1.820343018E0
1.130135158E2,-3.222599030E-1,4.805126190E-1,-2.481013298E0
1.130214504E2,-1.949700117E-1,7.233222723E-1,-3.286555290E0
1.130293239E2,-1.111628413E-1,8.775476217E-1,-3.930535316E0
1.130372890E2,-2.318476439E-1,9.440566301E-1,-4.308190823E0
1.130452236E2,-2.825989127E-1,9.891897440E-1,-4.623115540E0
1.130531887E2,-2.471307516E-1,9.212048054E-1,-4.638123989E0
1.130610927E2,-1.623417139E-1,8.337535858E-1,-4.262373924E0
1.130689968E2,-1.103192568E-1,8.252128363E-1,-3.761501789E0
1.130769924E2,7.367134094E-3,7.473372221E-1,-3.343808651E0
1.130848964E2,-7.876837254E-2,7.657482624E-1,-2.774530411E0
1.130928005E2,-1.745761633E-1,7.835662365E-1,-2.271150112E0
1.131006740E2,-1.941109896E-1,8.062862158E-1,-1.893605709E0
1.131085781E2,-3.061652184E-1,8.312406540E-1,-2.027228355E0
1.131165431E2,-4.371615648E-1,8.671488762E-1,-2.695542812E0
1.131245082E2,-6.250141859E-1,9.087142944E-1,-3.472862720E0
1.131324123E2,-1.013297915E0,1.150137067E0,-4.562939644E0
1.131403163E2,-1.265655637E0,1.356510043E0,-5.429775238E0
1.131482509E2,-1.514531255E0,1.553457499E0,-5.788772583E0
1.131562160E2,-1.706984043E0,1.807955027E0,-5.980154991E0
1.131641201E2,-1.700597644E0,1.948999763E0,-5.480031490E0
1.131719936E2,-1.490888357E0,2.151546717E0,-4.243683815E0
1.131798976E2,-1.410403848E0,2.240085840E0,-3.085888863E0
1.131878017E2,-1.188129306E0,2.180441380E0,-1.885903835E0
1.131957668E2,-7.468982935E-1,2.051568031E0,-3.130826950E-1
1.132036708E2,-5.880266428E-1,1.930104852E0,1.640903473E0
1.132115444E2,-3.780549765E-1,1.864440799E0,3.459293365E0
1.132194484E2,-1.438988447E-1,1.902697444E0,5.221260071E0
1.132273525E2,-7.461750507E-2,2.017274857E0,6.109925270E0
1.132353176E2,-8.609426022E-2,2.104270458E0,6.121504784E0
1.132432216E2,-1.128679514E-1,2.162935257E0,5.474358559E0
1.132511257E2,-1.133403778E-1,2.182452440E0,4.528261185E0
1.132590908E2,-2.357110977E-1,2.226079941E0,3.364568710E0
1.132669948E2,-3.580793142E-1,2.148987293E0,2.412410736E0
1.132749599E2,-4.757938385E-1,2.027195930E0,1.698076248E0
1.132829250E2,-4.773786068E-1,1.827750325E0,1.611522675E0
1.132908290E2,-5.224539042E-1,1.632352233E0,1.874846458E0
1.132987331E2,-3.990944624E-1,1.457147956E0,2.440294266E0
1.133066677E2,4.008913040E-2,1.590815544E0,3.281902313E0
1.133146327E2,7.969789505E-1,1.883795142E0,4.347483635E0
1.133225368E2,9.750351906E-1,1.953790307E0,5.239591599E0
1.133304103E2,1.503062725E0,2.188688755E0,5.597037315E0
1.133383144E2,1.657889128E0,2.296879768E0,5.287611961E0
1.133462184E2,1.622915268E0,2.090748310E0,5.090129852E0
1.133541835E2,1.597399235E0,1.788883924E0,5.063039780E0
1.133620876E2,1.580458641E0,1.431547165E0,5.237815857E0
1.133699916E2,1.453748941E0,1.007234573E0,5.369818687E0
1.133778957E2,1.236242414E0,8.051397800E-1,5.093495369E0
1.133858303E2,9.511212111E-1,7.654706240E-1,4.346375465E0
1.133937953E2,8.174763918E-1,5.752815008E-1,3.268150330E0
1.134016994E2,1.056102514E0,3.198502064E-1,2.381403923E0
1.134095729E2,1.200607896E0,3.086769581E-2,1.728484154E0
1.134174770E2,1.185057163E0,-1.212028265E-1,1.103072166E0
1.134254116E2,1.016625762E0,-2.137442827E-1,5.330181122E-1
1.134334072E2,8.241306543E-1,-3.421274424E-1,-4.013824463E-2
1.134412807E2,7.091689110E-1,-4.698232412E-1,-1.028599739E0
1.134491848E2,5.053128004E-1,-5.834808350E-1,-1.734882832E0
1.134571498E2,3.093459606E-1,-6.619204283E-1,-1.948057652E0
1.134650844E2,2.944577932E-1,-7.557853460E-1,-1.944186211E0
1.134730495E2,3.074880838E-1,-9.080671072E-1,-1.912940502E0
1.134809230E2,1.987680197E-1,-1.029890299E0,-1.925886154E0
1.134888576E2,1.652042866E-1,-1.209332705E0,-1.705893517E0
1.134968227E2,5.134689808E-2,-1.230199814E0,-1.185871124E0
1.135047267E2,7.919979095E-2,-1.186250091E0,-6.671543121E-1
1.135126613E2,-5.413413048E-3,-1.049159646E0,-3.213710785E-1
1.135205348E2,-1.661967039E-1,-8.979951143E-1,-3.100023270E-1
1.135284389E2,-2.425197363E-1,-7.000231743E-1,-6.276931763E-1
1.135364040E2,-1.291579008E-1,-5.549066067E-1,-1.438395500E0
1.135443080E2,-9.980821609E-2,-4.467184544E-1,-2.491312504E0
1.135522731E2,-1.027798653E-1,-3.501434326E-1,-3.474839687E0
1.135602382E2,-2.837669849E-1,-2.652045488E-1,-4.454664230E0
1.135681118E2,-4.724041820E-1,-2.263818979E-1,-5.165843964E0
1.135759853E2,-6.489270329E-1,-2.782464027E-1,-5.551362038E0
1.135839199E2,-7.850404978E-1,-3.270895481E-1,-5.810003281E0
1.135918849E2,-8.948565722E-1,-2.838687897E-1,-5.786331177E0
1.135997890E2,-1.288704753E0,6.655931473E-2,-5.272663116E0
1.136076625E2,-1.624979973E0,4.536271095E-1,-4.582064629E0
1.136155666E2,-1.476791620E0,9.091978073E-1,-3.833719730E0
1.136234706E2,-1.230889559E0,1.438771725E0,-2.701534271E0
1.136314662E2,-1.150197148E0,1.928345203E0,-1.932264328E0
1.136394008E2,-1.362397552E0,2.190738678E0,-1.515634537E0
1.136473049E2,-1.720039368E0,2.280591249E0,-1.390759468E0
1.136552700E2,-1.852895737E0,2.310995817E0,-1.395913124E0
1.136632045E2,-1.823488951E0,2.247920275E0,-1.258791924E0
1.136711696E2,-1.735471249E0,2.296695471E0,-6.528301239E-1
1.136790737E2,-1.467888474E0,2.282879114E0,3.041334152E-1
1.136869777E2,-9.477447271E-1,2.160515785E0,1.223953247E0
1.136949428E2,-3.827411532E-1,2.155074358E0,1.765329361E0
1.137028163E2,2.195770741E-1,2.174029827E0,2.010872841E0
1.137108119E2,6.661528945E-1,2.166952133E0,2.157773018E0
1.137187160E2,1.122600794E0,2.198245525E0,2.520613670E0
1.137266201E2,1.237717628E0,2.217789412E0,2.726884842E0
1.137345241E2,1.148427844E0,2.234112978E0,2.743123055E0
1.137424282E2,9.749245644E-1,2.153702736E0,2.412750244E0
1.137503627E2,7.780629396E-1,2.058597326E0,1.957722664E0
1.137582668E2,3.363040686E-1,1.800285339E0,1.512496948E0
1.137661708E2,-1.139700413E-2,1.529829025E0,1.377476692E0
1.137741359E2,-1.931717098E-1,1.092137814E0,1.385993004E0
1.137821010E2,-2.637056708E-1,7.234160900E-1,1.660643578E0
1.137900661E2,-3.521137238E-1,3.777379990E-1,2.440562248E0
1.137980007E2,-3.263943195E-1,1.548938751E-1,3.404834747E0
1.138059047E2,-3.903588653E-1,1.856184006E-2,3.930726051E0
1.138138393E2,-3.537658751E-1,-3.249526024E-2,4.077272415E0
1.138217128E2,-4.757465422E-1,2.264778614E-1,3.726830482E0
1.138297084E2,-7.700759172E-1,-9.090423584E-3,2.957943916E0
1.138376125E2,-7.207932472E-1,-5.454998016E-1,1.869968414E0
1.138455165E2,-5.481877327E-1,-7.535393238E-1,6.121597290E-1
1.138535121E2,-7.977689505E-1,-7.128887177E-1,-4.986467361E-1
1.138613857E2,-1.201554298E0,-6.750252247E-1,-1.050114632E0
1.138693813E2,-1.398494005E0,-7.238099575E-1,-1.280276299E0
1.138772548E2,-1.580668211E0,-7.118260860E-1,-1.333500385E0
1.138851284E2,-1.653708816E0,-7.098605633E-1,-9.835386276E-1
1.138930324E2,-1.736466527E0,-7.136614323E-1,-5.253458023E-1
1.139009059E2,-1.567694068E0,-6.323468685E-1,1.325988770E-2
1.139088710E2,-1.507898211E0,-6.286001205E-1,3.650255203E-1
1.139168361E2,-1.542639613E0,-5.884177685E-1,3.742399216E-1
1.139247402E2,-1.477300763E0,-6.659157276E-1,1.619253159E-1
1.139327358E2,-1.458404183E0,-6.966500282E-1,-4.775180817E-1
1.139407009E2,-1.210926175E0,-7.988748550E-1,-1.239601135E0
1.139486965E2,9.548820257E-1,-1.174519062E0,-1.431920052E0
1.139565700E2,2.402156115E0,-2.153639078E0,-1.284136772E0
1.139645351E2,2.200616598E0,-1.643215656E0,-2.184079647E0
1.139724391E2,3.290224075E-1,-1.098253965E0,-2.440411568E0
1.139803737E2,1.714627892E-1,-7.826812267E-1,-2.567273617E0
1.139883388E2,3.005129471E-2,-7.561614513E-1,-2.499869823E0
1.139962429E2,-2.377285510E-1,-6.733846664E-1,-2.573870182E0
1.140041469E2,-7.277857661E-1,-4.096910954E-1,-2.849274158E0
1.140120510E2,-1.107348442E0,-1.456394196E-1,-2.556951523E0
1.140199855E2,-1.526944518E0,1.781840324E-1,-1.629648685E0
1.140279506E2,-1.606245995E0,4.554128647E-1,-6.763191223E-1
1.140358547E2,-1.284581184E0,6.377549171E-1,1.713333130E-1
1.140437587E2,-9.027835131E-1,6.844680309E-1,7.599143982E-1
1.140516628E2,-2.073956728E-1,5.174283981E-1,9.498729706E-1
1.140595973E2,1.247518063E0,-3.473138809E-2,1.510887146E-1
1.140675624E2,2.180227280E0,-3.636054993E-1,-6.536540985E-1
1.140754665E2,2.251941919E0,-4.768290520E-1,-1.002223015E0
1.140833400E2,1.301741481E0,-1.227765083E-1,-1.495928764E0
1.140912441E2,5.563460588E-1,-1.840829849E-2,-2.278050900E0
1.140991481E2,3.088263050E-2,1.867833138E-1,-2.971476078E0
1.141071132E2,-4.702346921E-1,3.878159523E-1,-3.916724205E0
1.141150478E2,-8.846970201E-1,5.374946594E-1,-4.863592625E0
1.141229518E2,-1.167201638E0,6.243267059E-1,-5.618371010E0
1.141308864E2,-1.477726817E0,9.091343880E-1,-5.726425171E0
1.141388210E2,-1.565589547E0,1.044582367E0,-5.785730362E0
1.141467861E2,-1.622389555E0,1.150740147E0,-5.197795391E0
1.141546596E2,-1.833801150E0,1.324852467E0,-3.338630199E0
1.141625942E2,-1.224354744E0,1.801703930E0,-1.313287258E0
1.141704982E2,-5.942359567E-1,1.538403511E0,-2.513339043E0
1.141784328E2,-2.024399489E-1,1.873106003E0,-2.052296162E0
1.141864284E2,1.345413029E-1,1.884255886E0,-2.738592625E0
1.141943325E2,1.471003443E-1,1.990023136E0,-3.065753460E0
1.142022975E2,-5.977357626E-1,2.088837147E0,-2.644482613E0
1.142102016E2,-9.296393991E-1,2.237908363E0,-2.200292110E0
1.142181362E2,-1.634828925E0,1.767448425E0,-2.141708374E0
1.142261013E2,2.220744640E-2,2.322732449E0,-1.975863457E0
1.142340663E2,1.695847869E0,1.069526196E0,-7.433614731E-1
1.142419399E2,1.610140204E0,1.133561611E0,-4.233007431E-1
1.142498439E2,8.494974971E-1,1.282995224E0,1.820621490E-1
1.142577480E2,2.048638165E-1,1.601900101E0,6.439781189E-1
1.142657436E2,9.284210205E-2,1.574850082E0,8.105831146E-1
1.142736476E2,8.448125422E-2,1.660921097E0,1.265309334E0
1.142815517E2,-7.606018335E-2,1.799441338E0,1.912393570E0
1.142895168E2,1.695321053E-1,1.902270317E0,2.391459465E0
1.142973903E2,3.260020018E-1,1.972574234E0,2.641264915E0
1.143053859E2,5.742564201E-1,2.296125412E0,3.091296196E0
1.143132595E2,1.071579576E0,2.660211563E0,3.142855644E0
1.143211635E2,1.529137373E0,2.727117538E0,2.762637138E0
1.143291286E2,1.824340343E0,2.498918056E0,2.463150978E0
1.143370632E2,1.819885731E0,2.435663700E0,2.236886978E0
1.143450283E2,1.457352042E0,2.336787224E0,2.375305176E0
1.143529323E2,1.014112592E0,2.076625824E0,3.140004158E0
1.143608364E2,6.255012751E-1,1.808129787E0,4.197940826E0
1.143688014E2,3.537164330E-1,1.595780849E0,5.107610703E0
1.143767360E2,2.622273266E-1,1.477458954E0,5.250467300E0
1.143847011E2,1.922916174E-1,1.431393623E0,4.663880348E0
1.143926052E2,1.536288559E-1,1.361986160E0,3.854357719E0
1.144004787E2,2.636373341E-1,1.292461395E0,2.715743065E0
1.144084133E2,3.816850781E-1,1.225224495E0,1.567562103E0
1.144163173E2,4.044653475E-1,1.094544411E0,7.587366104E-1
1.144243129E2,4.663884044E-1,8.560066223E-1,1.353740692E-1
1.144322780E2,5.058133602E-1,6.094379425E-1,-6.652641296E-2
1.144401515E2,3.033595979E-1,3.662986755E-1,1.174888611E-1
1.144480556E2,1.494768262E-2,2.300443649E-1,2.251672745E-1
1.144559902E2,-2.700134516E-1,7.430887222E-2,2.600297928E-1
1.144639553E2,-6.483354568E-1,-8.387565613E-2,1.955652237E-1
1.144718898E2,-3.691783249E-1,-1.377406120E-1,-1.366243362E-1
1.144797939E2,-1.570563614E-1,-4.852166176E-1,-3.005771637E-1
1.144876979E2,2.151138335E-1,-6.669158936E-1,-5.834469795E-1
1.144956020E2,7.104974389E-1,-8.252582550E-1,-1.010883331E0
1.145035671E2,8.073189259E-1,-9.846529961E-1,-1.300140381E0
1.145115322E2,8.611261249E-1,-1.023540974E0,-1.867508888E0
1.145194362E2,1.129158854E0,-1.278853655E0,-2.198718548E0
1.145273098E2,1.149965882E0,-1.580475807E0,-2.456668854E0
1.145352443E2,8.038579226E-1,-1.698428392E0,-2.567286491E0
1.145432094E2,4.627655447E-1,-1.693505526E0,-2.678324699E0
1.145511135E2,1.600011885E-1,-1.783557415E0,-2.780199051E0
1.145589870E2,-7.036271691E-2,-1.777136803E0,-2.889550686E0
1.145668910E2,-1.675407887E-1,-1.812705517E0,-2.963454247E0
1.145747951E2,-3.536483049E-1,-1.667486906E0,-2.985215187E0
1.145827907E2,-6.060914993E-1,-1.485682249E0,-3.148479939E0
1.145906642E2,-6.766878366E-1,-1.269025803E0,-3.289466381E0
1.145985683E2,-5.737627745E-1,-1.088040113E0,-3.438696384E0
1.146064723E2,-4.115368724E-1,-9.474627972E-1,-3.362725258E0
1.146143764E2,-5.398962498E-1,-5.693082809E-1,-3.202990055E0
1.146223720E2,-4.697831869E-1,-3.402566910E-1,-2.990023613E0
1.146303066E2,-2.817866206E-1,-2.936267853E-1,-2.713200092E0
1.146381801E2,-2.742170393E-1,-2.216162682E-1,-2.457361698E0
1.146460842E2,-3.473857641E-1,-1.666893959E-1,-2.331727982E0
1.146539577E2,-4.869190156E-1,-6.684255600E-2,-2.325372696E0
1.146619228E2,-5.126236677E-1,2.181215286E-1,-2.405409336E0
1.146698268E2,-4.906547070E-1,4.255228043E-1,-2.355560303E0
1.146777614E2,-2.531165481E-1,7.019171715E-1,-2.244429111E0
1.146857265E2,-2.321691811E-1,9.266395569E-1,-1.763970375E0
1.146936916E2,-3.502300382E-1,1.222539902E0,-1.206719398E0
1.147016872E2,-5.818624496E-1,1.414060116E0,-8.462486267E-1
1.147096523E2,-6.373078823E-1,1.732667923E0,-4.785995483E-1
1.147175563E2,-5.212984085E-1,1.847436905E0,-1.536941528E-1
1.147254604E2,-3.471962214E-1,1.958860874E0,2.482032776E-2
1.147333644E2,-4.009660333E-2,2.043399334E0,-4.008769989E-2
1.147413295E2,6.784867495E-2,2.073172092E0,1.300277710E-1
1.147492336E2,-2.366013825E-2,2.179676533E0,4.611158371E-1
1.147571376E2,-3.925648332E-2,2.244757652E0,8.086624146E-1
1.147650417E2,-9.146189690E-2,2.257998943E0,1.011404037E0
1.147729457E2,-2.508494854E-1,2.286620617E0,1.030998230E0
1.147809108E2,-5.135103464E-1,2.225078583E0,8.796329498E-1
1.147888149E2,-5.460878015E-1,2.150865078E0,7.564821243E-1
1.147966884E2,-6.691842675E-1,2.015120029E0,7.756319046E-1
1.148046230E2,-8.390929699E-1,2.006710529E0,1.010880470E0
1.148125270E2,-1.095976353E0,2.065776348E0,1.428650856E0
1.148204921E2,-1.180835247E0,2.176078320E0,1.804520607E0
1.148284267E2,-1.192129374E0,2.405001163E0,1.746028900E0
1.148364528E2,-1.360750198E0,2.326554298E0,1.165806770E0
1.148443569E2,-1.645018101E0,1.804788113E0,5.280961990E-1
1.148522609E2,-1.728993773E0,1.343116760E0,7.575130463E-2
1.148602565E2,-1.957296252E0,9.705624580E-1,2.648925781E-2
1.148681606E2,-2.363381386E0,7.306556702E-1,5.998315811E-1
1.148760646E2,-2.498774529E0,5.769515038E-1,1.318393707E0
1.148840297E2,-2.212532043E0,4.162707329E-1,1.981987953E0
1.148919338E2,-1.678912878E0,2.469305992E-1,2.689186096E0
1.148999294E2,-1.339950085E0,3.532733917E-1,3.518552780E0
1.149078334E2,-1.276950836E0,4.557228088E-1,3.865449905E0
1.149157070E2,-1.113176107E0,4.976968765E-1,3.477600098E0
1.149235805E2,-9.316509366E-1,4.496016502E-1,2.652727127E0
1.149314846E2,-9.016095400E-1,3.991537094E-1,1.818055153E0
1.149394496E2,-1.112727046E0,3.235359192E-1,7.755994797E-1
1.149473842E2,-1.524194717E0,2.573757172E-1,-9.461021423E-2
1.149552577E2,-1.694951534E0,1.724858284E-1,-7.332110405E-1
1.149631618E2,-1.639208794E0,5.418968201E-2,-9.000301361E-1
1.149710353E2,-1.599552870E0,-6.963634491E-2,-1.084457874E0
1.149790309E2,-1.563961029E0,-1.271800995E-1,-1.216070652E0
1.149869045E2,-1.552516103E0,-1.652054787E-1,-1.264514446E0
1.149948390E2,-1.504961491E0,-1.486144066E-1,-1.259659290E0
1.150028041E2,-1.178381443E0,-2.972402573E-1,-1.375901222E0
1.150107387E2,-8.768854737E-1,-4.628901482E-1,-1.302563667E0
1.150187038E2,-1.039494514E0,-4.196748734E-1,-1.028174877E0
1.150266078E2,-1.367066860E0,-3.316926956E-1,-1.157052040E0
1.150345119E2,-1.307903767E0,-3.621830940E-1,-1.481551170E0
1.150423854E2,-1.162661791E0,-4.859480858E-1,-1.639424324E0
1.150502895E2,-1.075538158E0,-4.848089218E-1,-1.762594223E0
1.150582851E2,-9.553337097E-1,-5.170984268E-1,-1.958621979E0
1.150661891E2,-9.201349020E-1,-5.401730537E-1,-2.236717224E0
1.150740627E2,-9.588647485E-1,-5.146999359E-1,-2.515961647E0
1.150819362E2,-1.008231163E0,-4.685931206E-1,-2.873548508E0
1.150898708E2,-1.110205412E0,-3.908762932E-1,-2.994326591E0
1.150978359E2,-1.113311529E0,-2.902665138E-1,-2.876498222E0
1.151057399E2,-9.245519638E-1,-2.899074554E-1,-2.792614460E0
1.151136440E2,-6.846367121E-1,-3.213305473E-1,-2.471531391E0
1.151215480E2,-5.299842954E-1,-3.228783607E-1,-2.169076920E0
1.151294826E2,-5.101405382E-1,-3.305273056E-1,-2.068198681E0
1.151374477E2,-5.126234889E-1,-3.437776566E-1,-2.130708218E0
1.151453517E2,-4.984951913E-1,-3.749070168E-1,-2.251062393E0
1.151532558E2,-5.061581135E-1,-2.931880951E-1,-2.447906494E0
1.151612209E2,-4.619825780E-1,-2.405295372E-1,-2.523490429E0
1.151690944E2,-5.648460388E-1,-1.878027916E-1,-2.710256577E0
1.151770900E2,-6.176778078E-1,-1.526832581E-2,-2.888464928E0
1.151850551E2,-6.007643342E-1,1.019625664E-1,-2.673740387E0
1.151929286E2,-6.658725739E-1,2.387471199E-1,-2.504527569E0
1.152009243E2,-6.680661440E-1,5.404820442E-1,-2.356577873E0
1.152088283E2,-4.167274237E-1,7.061429024E-1,-2.175210953E0
1.152168239E2,-2.370996028E-1,9.875268936E-1,-2.051618576E0
1.152247280E2,-2.495683581E-1,1.271185875E0,-1.987702847E0
1.152326015E2,-2.057436705E-1,1.592710018E0,-1.729498863E0
1.152405056E2,-2.297974825E-1,1.822225094E0,-1.346097469E0
1.152484096E2,-2.681764364E-1,1.975616932E0,-9.902224541E-1
1.152563747E2,-3.350594938E-1,2.092027664E0,-6.866931915E-1
1.152643093E2,-4.286114573E-1,2.072106361E0,-3.035879135E-1
1.152722133E2,-5.046320558E-1,1.888328552E0,1.083211899E-1
1.152801784E2,-4.895350039E-1,1.655519009E0,4.098982811E-1
1.152880519E2,-3.433139622E-1,1.349194527E0,8.957734108E-1
1.152960475E2,-1.652317941E-1,1.195802212E0,1.420265675E0
1.153039516E2,-6.121993065E-3,1.148144722E0,1.879433632E0
1.153118251E2,1.750885844E-1,1.207129002E0,2.643174171E0
1.153197292E2,4.628188908E-1,1.208198071E0,3.249971867E0
1.153276332E2,8.503019810E-1,1.181055069E0,3.430515289E0
1.153356288E2,1.191172600E0,1.286876202E0,3.274876595E0
1.153435634E2,1.416965246E0,1.515780449E0,2.800156116E0
1.153514980E2,1.407922626E0,1.420977592E0,2.467818260E0
1.153594020E2,1.391562581E0,1.127210617E0,2.433366299E0
1.153673366E2,1.264410615E0,8.594737053E-1,2.505380630E0
1.153753017E2,9.426867962E-1,5.665025711E-1,3.050878048E0
1.153832057E2,6.750944257E-1,2.067227364E-1,3.558115959E0
1.153910793E2,5.403975248E-1,-6.985712051E-2,3.996597767E0
1.153989833E2,5.095672011E-1,-2.651286125E-1,4.543011665E0
1.154068874E2,8.085744381E-1,-3.066143990E-1,4.931045055E0
1.154148830E2,1.280546665E0,-4.096760750E-1,5.124674797E0
1.154227870E2,1.537167549E0,-4.821372032E-1,4.947633266E0
1.154306911E2,1.814282298E0,-5.469503403E-1,4.329180717E0
1.154385952E2,1.719736695E0,-6.665482521E-1,3.650139332E0
1.154464687E2,1.274777651E0,-6.908912659E-1,3.289948940E0
1.154544338E2,6.905491948E-1,-7.366285324E-1,3.125988960E0
1.154623989E2,2.523369193E-1,-8.298768997E-1,3.203583241E0
1.154702724E2,1.459448934E-1,-9.973173141E-1,3.235686779E0
1.154781764E2,2.677256465E-1,-1.202923298E0,3.284484386E0
1.154860805E2,5.530536175E-1,-1.375094414E0,3.223268032E0
1.154940761E2,8.137845397E-1,-1.466493130E0,2.755605698E0
1.155019802E2,1.025930882E0,-1.524731159E0,2.295547962E0
1.155098537E2,1.089282274E0,-1.609552383E0,1.649084568E0
1.155177577E2,9.670909047E-1,-1.541534424E0,9.719700813E-1
1.155256618E2,8.789333105E-1,-1.607956409E0,3.910984993E-1
1.155336574E2,7.729223371E-1,-1.631008148E0,1.238279343E-1
1.155416225E2,6.285278797E-1,-1.712743282E0,-1.705460548E-1
1.155494960E2,4.746776521E-1,-1.745683670E0,-3.813261986E-1
1.155574001E2,4.307523072E-1,-1.777972698E0,-5.466723442E-1
1.155653041E2,1.046948880E-1,-1.346056938E0,-1.141511440E0
1.155732997E2,-1.270022839E-1,-1.116328239E0,-1.526749611E0
1.155812648E2,-2.865266502E-1,-1.009527683E0,-1.843574047E0
1.155891689E2,-2.981536388E-1,-9.569830894E-1,-1.987156391E0
1.155971340E2,-2.401185185E-1,-9.810113907E-1,-2.195512295E0
1.156050075E2,-2.077943087E-1,-1.002343655E0,-2.268085480E0
1.156130031E2,-6.681859493E-2,-1.055882931E0,-2.366327763E0
1.156209072E2,1.805897951E-1,-1.151696205E0,-2.442058563E0
1.156287807E2,3.166336119E-1,-1.248871088E0,-2.270345211E0
1.156366848E2,3.882286251E-1,-1.265260935E0,-2.319464207E0
1.156445888E2,5.480860472E-1,-1.292304277E0,-2.622655392E0
1.156525844E2,6.690352559E-1,-1.344133615E0,-3.017246723E0
1.156605190E2,5.861235261E-1,-1.308162451E0,-3.315553188E0
1.156684230E2,2.799102962E-1,-1.326869249E0,-4.969162464E0
1.156763881E2,6.135575473E-3,-1.014608383E0,-4.167557716E0
1.156843227E2,-4.009645432E-2,-9.426035881E-1,-3.258224964E0
1.156922878E2,9.988588095E-2,-7.785701752E-1,-1.933000565E0
1.157001918E2,6.023604870E-1,-6.506738663E-1,-9.941382408E-1
1.157080654E2,1.035266995E0,-6.983132362E-1,-7.965612411E-1
1.157159694E2,1.312740922E0,-7.347168922E-1,-7.129435539E-1
1.157238735E2,1.035073161E0,-5.662884712E-1,-1.378420353E0
1.157318386E2,7.174082994E-1,-2.595520020E-1,-2.356532574E0
1.157397121E2,3.645154536E-1,9.303045273E-2,-2.646009445E0
1.157476161E2,1.592870504E-1,5.680732727E-1,-2.544303417E0
1.157555812E2,2.441090494E-1,8.214063644E-1,-2.274542332E0
1.157634853E2,3.886845708E-1,9.924540520E-1,-2.114924908E0
1.157714809E2,4.427807331E-1,1.089447021E0,-1.813280106E0
